key	verbal_vi	note
TP	thành phố	
QG	quốc gia	
HN	Hà Nội	
SG	Sài Gòn	
VN	Việt Nam	
CLB	câu lạc bộ	
ĐH	đại học	
GS	giáo sư	
PGS	phó giáo sư	
TS	tiến sĩ	hoặc 'tác sự' hiếm — mặc định tiến sĩ
NXB	nhà xuất bản	
TNHH	trách nhiệm hữu hạn	
CP	cổ phần	
UBND	ủy ban nhân dân	
HĐND	hội đồng nhân dân	
CMND	chứng minh nhân dân	
DN	doanh nghiệp	
CTY	công ty	
TT	trung tâm	CẦN DUYỆT — nhiều nghĩa
ĐT	đội tuyển	context: theo tên đội; nếu sau 'liên hệ/phone' → điện thoại
HLV	huấn luyện viên	
THPT	trung học phổ thông	
THCS	trung học cơ sở	
GTVT	giao thông vận tải	
HĐQT	hội đồng quản trị	
CTCP	công ty cổ phần	
CĐV	cổ động viên	
VĐV	vận động viên	
NHNN	ngân hàng nhà nước	
BHXH	bảo hiểm xã hội	
KCN	khu công nghiệp	
CNTT	công nghệ thông tin	
HCV	huy chương vàng	
BĐS	bất động sản	
BTC	ban tổ chức	
MTTQ	mặt trận tổ quốc	
CSGT	cảnh sát giao thông	
VCK	vòng chung kết	
PV	phóng viên	
TPHCM	thành phố Hồ Chí Minh	
HCM	Hồ Chí Minh	
SLNA	Sông Lam Nghệ An	CLB vi có tên vi đầy đủ -> mở rộng
HAGL	Hoàng Anh Gia Lai	CLB vi có tên vi đầy đủ -> mở rộng
CAHN	Công An Hà Nội	CLB vi
HLV	huấn luyện viên	đã có trên
usd	iu ét đi	duyet chu du an 03/10 (spell_en, chon 2) — cu: 'dô la My'
II	hai	số La Mã
III	ba	số La Mã
IV	bốn	số La Mã
GTGT	giá trị gia tăng	
ATTT	an toàn thông tin	
HCB	huy chương bạc	
HCĐ	huy chương đồng	
JAN	January	
FEB	February	
MAR	March	
APR	April	
JUN	June	
JUL	July	
AUG	August	
SEP	September	
SEPT	September	
OCT	October	
NOV	November	
DEC	December	
SGK	sách giáo khoa	
GV	giáo viên	
HS	học sinh	
BCH	ban chấp hành	
UBKT	ủy ban kiểm tra	
INC	inc	
LLC	L L C	
LTD	ltd	
CORP	corp	
ĐBQH	đại biểu quốc hội	
TGĐ	tổng giám đốc	
ThS	thạc sĩ	
vv	vân vân	
v.v	vân vân	
etc	vân vân	
DNNN	doanh nghiệp nhà nước	
GDĐT	giáo dục đào tạo	
BGDĐT	bộ giáo dục đào tạo	
TTXVN	thông tấn xã Việt Nam	
HĐXX	hội đồng xét xử	
VNPT	tập đoàn bưu chính viễn thông	
TW	trung ương	
CQ	cơ quan	
BYT	bộ y tế	
YT	y tế	
QH	quốc hội	
NDCP	chính phủ	
TTCP	thủ tướng chính phủ	
VTV	kênh truyền hình	
PCT	phó chủ tịch	
PGĐ	phó giám đốc	
GĐ	giám đốc	
KP	khu phố	
QLGT	quản lý giao thông	
P	phường	
Q	quận	
TX	thị xã	
HC	huy chương	
MC	êm xê	người dẫn chương trình (đọc kiểu chữ quen miệng)
LMHT	liên minh huyền thoại	game Liên Minh Huyền Thoại
CSKH	chăm sóc khách hàng	
axit	a xit	B2 tách âm tiết VI (luật 2) — a+xit
canxi	can xi	B2 tách âm tiết VI (luật 2) — can+xi
netizen	ne ti zen	B2 tách âm tiết VI (luật 2) — ne+ti+zen
kyun	ky un	B2 tách âm tiết VI (luật 2) — ky+un
mw	êm đap-lyu	B1 vần chữ Anh (luật 3/5) — MW
vali	va li	B2 tách âm tiết VI (luật 2) — va+li
wto	đap-lyu ti âu	B1 vần chữ Anh (luật 3/5) — WTO
tivi	ti vi	B2 tách âm tiết VI (luật 2) — ti+vi
shophouse	shop house	B2 tách âm tiết VI (luật 2) — shop+house
enzym	enz ym	B2 tách âm tiết VI (luật 2) — enz+ym
nguoi	ngu oi	B2 tách âm tiết VI (luật 2) — ngu+oi
balo	ba lo	B2 tách âm tiết VI (luật 2) — ba+lo
shb	ét êch bi	B1 vần chữ Anh (luật 3/5) — SHB
standee	stan de e	B2 tách âm tiết VI (luật 2) — stan+de+e
bootroom	bo ot room	B2 tách âm tiết VI (luật 2) — bo+ot+room
wb	đap-lyu bi	B1 vần chữ Anh (luật 3/5) — WB
homestay	home stay	B2 tách âm tiết VI (luật 2) — home+stay
lycopene	ly cope ne	B2 tách âm tiết VI (luật 2) — ly+cope+ne
byung	by ung	B2 tách âm tiết VI (luật 2) — by+ung
nitrat	ni trat	B2 tách âm tiết VI (luật 2) — ni+trat
ekip	e kip	B2 tách âm tiết VI (luật 2) — e+kip
chuong	chu ong	B2 tách âm tiết VI (luật 2) — chu+ong
aeon	a e on	B2 tách âm tiết VI (luật 2) — a+e+on
tambon	tam bon	B2 tách âm tiết VI (luật 2) — tam+bon
fc	ép xi	B1 vần chữ Anh (luật 3/5) — FC
aff	ê ép ép	B1 vần chữ Anh (luật 3/5) — AFF
psg	pi ét đi	B1 vần chữ Anh (luật 3/5) — PSG
vff	vi ép ép	B1 vần chữ Anh (luật 3/5) — VFF
fdi	ép di ai	B1 vần chữ Anh (luật 3/5) — FDI
bts	bi ti ét	B1 vần chữ Anh (luật 3/5) — BTS
ielts	ai i ên ti ét	B1 vần chữ Anh (luật 3/5) — IELTS
ssi	ét ét ai	B1 vần chữ Anh (luật 3/5) — SSI
flc	ép ên xi	B1 vần chữ Anh (luật 3/5) — FLC
afc	ê ép xi	B1 vần chữ Anh (luật 3/5) — AFC
fta	ép ti ê	B1 vần chữ Anh (luật 3/5) — FTA
uae	iu ê i	B1 vần chữ Anh (luật 3/5) — UAE
ps	pi ét	B1 vần chữ Anh (luật 3/5) — PS
ssd	ét ét di	B1 vần chữ Anh (luật 3/5) — SSD
cii	xi ai ai	B1 vần chữ Anh (luật 3/5) — CII
vf	vi ép	B1 vần chữ Anh (luật 3/5) — VF
sme	ét êm i	B1 vần chữ Anh (luật 3/5) — SME
imf	ai êm ép	B1 vần chữ Anh (luật 3/5) — IMF
aed	ê i di	B1 vần chữ Anh (luật 3/5) — AED
stb	ét ti bi	B1 vần chữ Anh (luật 3/5) — STB
scb	ét xi bi	B1 vần chữ Anh (luật 3/5) — SCB
sn	sinh nhật	duyet chu du an 03/10 (viet tat Viet)
sv	sinh viên	duyet chu du an 03/10 (viet tat Viet)
nsnd	nghệ sĩ nhân dân	duyet chu du an 03/10 (viet tat Viet)
bks	biển kiểm soát	duyet chu du an 03/10 (viet tat Viet)
vksnd	Viện kiểm sát nhân dân	duyet chu du an 03/10 (viet tat Viet)
bs	bác sĩ	duyet chu du an 03/10 (viet tat Viet)
thads	thi hành án dân sự	duyet chu du an 03/10 (viet tat Viet)
ksnd	kiểm sát nhân dân	duyet chu du an 03/10 (viet tat Viet)
tncs	thanh niên cộng sản	duyet chu du an 03/10 (viet tat Viet)
gd&đt	Giáo dục và Đào tạo	duyet chu du an 03/10 (viet tat Viet)
đbscl	Đồng bằng sông Cửu Long	duyet chu du an 03/10 (viet tat Viet)
svđ	sân vận động	duyet chu du an 03/10 (viet tat Viet)
nsut	nghệ sĩ ưu tú	duyet chu du an 03/10 (viet tat Viet)
nsưt	nghệ sĩ ưu tú	duyet chu du an 03/10 (viet tat Viet)
t.ư	Trung ương	duyet chu du an 03/10 (viet tat Viet)
t.u	Trung ương	duyet chu du an 03/10 (viet tat Viet)
syt	Sở Y tế	duyet chu du an 03/10 (viet tat Viet)
đhsp	Đại học Sư phạm	duyet chu du an 03/10 (viet tat Viet)
sgdđt	Sở Giáo dục và Đào tạo	duyet chu du an 03/10 (viet tat Viet)
csdl	cơ sở dữ liệu	duyet chu du an 03/10 (viet tat Viet)
nsnn	ngân sách nhà nước	duyet chu du an 03/10 (viet tat Viet)
hssv	học sinh sinh viên	duyet chu du an 03/10 (viet tat Viet)
hsg	học sinh giỏi	duyet chu du an 03/10 (viet tat Viet)
lnst	lợi nhuận sau thuế	duyet chu du an 03/10 (viet tat Viet)
nsx	nhà sản xuất	duyet chu du an 03/10 (viet tat Viet)
bcđps	Ban chỉ đạo phòng sinh	duyet chu du an 03/10 (viet tat Viet)
vks	Viện kiểm sát	duyet chu du an 03/10 (viet tat Viet)
ncs	nghiên cứu sinh	duyet chu du an 03/10 (viet tat Viet)
kts	kiến trúc sư	duyet chu du an 03/10 (viet tat Viet)
kh	khách hàng	duyet chu du an 03/10 (viet tat Viet)
stt	số thứ tự	duyet chu du an 03/10 (viet tat Viet)
csđt	cảnh sát điều tra	duyet chu du an 03/10 (viet tat Viet)
vc	vợ chồng	duyet chu du an 03/10 (viet tat Viet)
fpt	ép pi ti	duyet chu du an 03/10 (viet tat Anh - van chu)
usb	iu ét bi	duyet chu du an 03/10 (viet tat Anh - van chu)
fbi	ép bi ai	duyet chu du an 03/10 (viet tat Anh - van chu)
seo	ét i âu	duyet chu du an 03/10 (viet tat Anh - van chu)
dj	di đê	duyet chu du an 03/10 (viet tat Anh - van chu)
os	âu ét	duyet chu du an 03/10 (viet tat Anh - van chu)
cbs	xi bi ét	duyet chu du an 03/10 (viet tat Anh - van chu)
suv	ét iu vi	duyet chu du an 03/10 (viet tat Anh - van chu)
bmw	bi êm đap-lyu	duyet chu du an 03/10 (viet tat Anh - van chu)
sjc	ét đê xi	duyet chu du an 03/10 (viet tat Anh - van chu)
uss	iu ét ét	duyet chu du an 03/10 (viet tat Anh - van chu)
ms	êm ét	duyet chu du an 03/10 (viet tat Anh - van chu)
sms	ét êm ét	duyet chu du an 03/10 (viet tat Anh - van chu)
isbn	ai ét bi ên	duyet chu du an 03/10 (viet tat Anh - van chu)
se	ét i	duyet chu du an 03/10 (viet tat Anh - van chu)
ips	ai pi ét	duyet chu du an 03/10 (viet tat Anh - van chu)
st	ét ti	duyet chu du an 03/10 (viet tat Anh - van chu)
aaa	ê ê ê	duyet chu du an 03/10 (viet tat Anh - van chu)
abs	ê bi ét	duyet chu du an 03/10 (viet tat Anh - van chu)
sa	ét ê	duyet chu du an 03/10 (viet tat Anh - van chu)
qs	kiu ét	duyet chu du an 03/10 (viet tat Anh - van chu)
ss	ét ét	duyet chu du an 03/10 (viet tat Anh - van chu)
csm	xi ét êm	duyet chu du an 03/10 (viet tat Anh - van chu)
fda	ép di ê	duyet chu du an 03/10 (viet tat Anh - van chu)
shn	ét êch ên	duyet chu du an 03/10 (viet tat Anh - van chu)
cj	xi đê	duyet chu du an 03/10 (viet tat Anh - van chu)
jma	đê êm ê	duyet chu du an 03/10 (viet tat Anh - van chu)
rs	a ét	duyet chu du an 03/10 (viet tat Anh - van chu)
afp	ê ép pi	duyet chu du an 03/10 (viet tat Anh - van chu)
spt	ét pi ti	duyet chu du an 03/10 (viet tat Anh - van chu)
zl	zi ên	duyet chu du an 03/10 (viet tat Anh - van chu)
sm	ét êm	duyet chu du an 03/10 (viet tat Anh - van chu)
nft	ên ép ti	duyet chu du an 03/10 (viet tat Anh - van chu)
ttf	ti ti ép	duyet chu du an 03/10 (viet tat Anh - van chu)
wef	đap-lyu i ép	duyet chu du an 03/10 (viet tat Anh - van chu)
dns	di ên ét	duyet chu du an 03/10 (viet tat Anh - van chu)
issn	ai ét ét ên	duyet chu du an 03/10 (viet tat Anh - van chu)
sec	ét i xi	duyet chu du an 03/10 (viet tat Anh - van chu)
fit	ép ai ti	duyet chu du an 03/10 (viet tat Anh - van chu)
wc	đap-lyu xi	duyet chu du an 03/10 (viet tat Anh - van chu)
aws	ê đap-lyu ét	duyet chu du an 03/10 (viet tat Anh - van chu)
pvs	pi vi ét	duyet chu du an 03/10 (viet tat Anh - van chu)
bsc	bi ét xi	duyet chu du an 03/10 (viet tat Anh - van chu)
jtwc	đê ti đap-lyu xi	duyet chu du an 03/10 (viet tat Anh - van chu)
etf	i ti ép	duyet chu du an 03/10 (viet tat Anh - van chu)
ems	i êm ét	duyet chu du an 03/10 (viet tat Anh - van chu)
srf	ét a ép	duyet chu du an 03/10 (viet tat Anh - van chu)
dwt	di đap-lyu ti	duyet chu du an 03/10 (viet tat Anh - van chu)
vns	vi ên ét	duyet chu du an 03/10 (viet tat Anh - van chu)
bsr	bi ét a	duyet chu du an 03/10 (viet tat Anh - van chu)
bbs	bi bi ét	duyet chu du an 03/10 (viet tat Anh - van chu)
xs	eks ét	duyet chu du an 03/10 (viet tat Anh - van chu)
ffly	ép ép ên wai	duyet chu du an 03/10 (viet tat Anh - van chu)
jyp	đê wai pi	duyet chu du an 03/10 (viet tat Anh - van chu)
isms	ai ét êm ét	duyet chu du an 03/10 (viet tat Anh - van chu)
scr	ét xi a	duyet chu du an 03/10 (viet tat Anh - van chu)
usp	iu ét pi	duyet chu du an 03/10 (viet tat Anh - van chu)
pij	pi ai đê	duyet chu du an 03/10 (viet tat Anh - van chu)
cms	xi êm ét	duyet chu du an 03/10 (viet tat Anh - van chu)
ubs	iu bi ét	duyet chu du an 03/10 (viet tat Anh - van chu)
ups	iu pi ét	duyet chu du an 03/10 (viet tat Anh - van chu)
af	ê ép	duyet chu du an 03/10 (viet tat Anh - van chu)
uf	iu ép	duyet chu du an 03/10 (viet tat Anh - van chu)
ost	âu ét ti	duyet chu du an 03/10 (viet tat Anh - van chu)
tfsvn	ti ép ét vi ên	duyet chu du an 03/10 (viet tat Anh - van chu)
sl	ét ên	duyet chu du an 03/10 (viet tat Anh - van chu)
chf	xi êch ép	duyet chu du an 03/10 (viet tat Anh - van chu)
chff	xi êch ép ép	duyet chu du an 03/10 (viet tat Anh - van chu)
hms	êch êm ét	duyet chu du an 03/10 (viet tat Anh - van chu)
msi	êm ét ai	duyet chu du an 03/10 (viet tat Anh - van chu)
jd	đê di	duyet chu du an 03/10 (viet tat Anh - van chu)
pdf	pi di ép	duyet chu du an 03/10 (viet tat Anh - van chu)
mfn	êm ép ên	duyet chu du an 03/10 (viet tat Anh - van chu)
espn	i ét pi ên	duyet chu du an 03/10 (viet tat Anh - van chu)
sgn	ét đi ên	duyet chu du an 03/10 (viet tat Anh - van chu)
esp	i ét pi	duyet chu du an 03/10 (viet tat Anh - van chu)
yeg	wai i đi	duyet chu du an 03/10 (viet tat Anh - van chu)
fb	ép bi	duyet chu du an 03/10 (viet tat Anh - van chu)
vms	vi êm ét	duyet chu du an 03/10 (viet tat Anh - van chu)
lcd	ên xi di	duyet chu du an 03/10 (viet tat Anh - van chu)
dws	di đap-lyu ét	duyet chu du an 03/10 (viet tat Anh - van chu)
wp	đap-lyu pi	duyet chu du an 03/10 (viet tat Anh - van chu)
ôtô	ô tô	duyet chu du an 03/10 (tach tu dinh)
oto	ô tô	duyet chu du an 03/10 (tach tu dinh)
somi	sơ mi	duyet chu du an 03/10 (tach tu dinh)
sơmi	sơ mi	duyet chu du an 03/10 (tach tu dinh)
đola	đô la	duyet chu du an 03/10 (tach tu dinh)
đôla	đô la	duyet chu du an 03/10 (tach tu dinh)
moto	mô tô	duyet chu du an 03/10 (tach tu dinh)
môtô	mô tô	duyet chu du an 03/10 (tach tu dinh)
sôcôla	sô cô la	duyet chu du an 03/10 (tach tu dinh)
socola	sô cô la	duyet chu du an 03/10 (tach tu dinh)
hocmau	học Mẫu	duyet chu du an 03/10 (tach tu dinh)
họcmẫu	học Mẫu	duyet chu du an 03/10 (tach tu dinh)
hangđat	hàng Đặt	duyet chu du an 03/10 (tach tu dinh)
hàngđặt	hàng Đặt	duyet chu du an 03/10 (tach tu dinh)
hàngđăng	hàng Đăng	duyet chu du an 03/10 (tach tu dinh)
hangđang	hàng Đăng	duyet chu du an 03/10 (tach tu dinh)
mạnhvn	mạnh Việt Nam	duyet chu du an 03/10 (tach tu dinh)
manhvn	mạnh Việt Nam	duyet chu du an 03/10 (tach tu dinh)
arap	Ả Rập	duyet chu du an 03/10 (tach tu dinh)
ảrập	Ả Rập	duyet chu du an 03/10 (tach tu dinh)
nhanhtrình	Nhanh Trình	duyet chu du an 03/10 (tach tu dinh)
nhanhtrinh	Nhanh Trình	duyet chu du an 03/10 (tach tu dinh)
uav	iu ê vi	duyet chu du an 03/10 (spell_en, chon 2)
amoled	a mô lét	duyet chu du an 03/10 (word_vi, chon 2)
aux	ốc	duyet chu du an 03/10 (word_vi, chon 2)
crs	xi a ét	duyet chu du an 03/10 (spell_en)
gpt	đi pi ti	duyet chu du an 03/10 (spell_en)
ip	ai pi	duyet chu du an 03/10 (spell_en)
nic	ních	duyet chu du an 03/10 (word_en — gần âm VI tạm thời, chờ espeak vào g2p; "nic" ngoài scope nên dùng "ních")
asiad	a xi át	duyet chu du an 03/10 (word_en — gan âm VI tạm thời, chờ espeak vào g2p)
decal	đê can	duyet chu du an 03/10 ("decal là từ Anh đọc anh" — gần âm VI tạm thời, chờ espeak vào g2p)
cia	xi ai ê	sửa lớp "kia" 04/10 — vần chữ Anh chuẩn B1 (quét corpus: x14 câu)
voa	vi âu ê	sửa lớp "kia" 04/10 — vần chữ Anh chuẩn B1 (x5)
ioc	ai âu xi	sửa lớp "kia" 04/10 — vần chữ Anh chuẩn B1 (x4)
jcpoa	đê xi pi âu ê	sửa lớp "kia" 04/10 — vần chữ Anh chuẩn B1 (x3)
gui	đi iu ai	sửa lớp "kia" 04/10 — vần chữ Anh chuẩn B1 (x2)
mou	êm âu iu	sửa lớp "kia" 04/10 — vần chữ Anh chuẩn B1 (x2)
campuchia	cam pu chia	tách từ chết trong syllables (04/10 — cứu 9 câu data minhthi)
busan	bu san	tên riêng Hàn Quốc đọc kiểu Việt (04/10 — cứu 4 câu data minhthi)
macthur	mắc cơ thơ	tên riêng MacArthur kiểu Việt (04/10 — cứu 2 câu data minhthi)
lâmbo	lâm bo	tách từ dính (04/10 — cứu 1 câu data minhthi)
yư	ư	[VA 04/10/2026] tên riêng 'Yư Dạng' (truyện demo test.txt) — âm tiết y+ư ngoài bảng vi, đọc 'ư'
bad	bét	[VA 05/10/2026] 'bad boy' trong truyện test.txt — EN lẻ ngoài từ điển đọc, đọc vi hóa
tsundere	tùn đờ rê	[VA 05/10/2026] EN lẻ ngoài từ điển đọc (truyện test.txt), đọc vi hóa

