bo	stt	file_wav	cau	nguon	khop_phowhisper	khop_whisper_v3	doc_dung(OK/SAI)	tu_sai_hoac_mat	ghi_chu
thuan_viet	1	001_thuan_viet.wav	Những điểm khác cũng giống với những điểm khác đã nêu ở loại A.	Wikipedia tiếng Việt (vie_wiki_2021, CC BY-SA)	PASS	PASS			
thuan_viet	2	002_thuan_viet.wav	Kết quả là Úc có sự biến đổi về các mặt nhân khẩu học, văn hóa, tự nhận thức về bản thân.	Wikipedia tiếng Việt (vie_wiki_2021, CC BY-SA)	khong	PASS			
thuan_viet	3	003_thuan_viet.wav	Chính phủ Cách mạng lâm thời đến đây với thái độ hòa giải, tốt đẹp.	Wikipedia tiếng Việt (vie_wiki_2021, CC BY-SA)	khong	PASS			
thuan_viet	4	004_thuan_viet.wav	Địa hình phân cắt mạnh, độ dốc lớn, quá trình xâm thực và rửa trôi mạnh.	Wikipedia tiếng Việt (vie_wiki_2021, CC BY-SA)	khong	PASS			
thuan_viet	5	005_thuan_viet.wav	Đại diện tiêu biểu nhất là gấu mèo châu Mỹ, lửng chó, vẹt cổ hồng và ngỗng Ai Cập.	Wikipedia tiếng Việt (vie_wiki_2021, CC BY-SA)	PASS	PASS			
thuan_viet	6	006_thuan_viet.wav	Điện Biên là tỉnh giàu tiềm năng du lịch, đặc biệt là về lĩnh vực văn hóa – lịch sử.	Wikipedia tiếng Việt (vie_wiki_2021, CC BY-SA)	khong	PASS			
thuan_viet	7	007_thuan_viet.wav	Có năm cột trụ của đạo Hồi - đồng thời là năm hành vi hành đạo bắt buộc đối với tất cả những tín đồ Hồi giáo.	Wikipedia tiếng Việt (vie_wiki_2021, CC BY-SA)	PASS	khong			
thuan_viet	8	008_thuan_viet.wav	Bộ phận ra giấy: là bộ phận nhận giấy ra và vỗ giấy đều thành cây giấy trên bàn ra giấy	Wikipedia tiếng Việt (vie_wiki_2021, CC BY-SA)	PASS	khong			
thuan_viet	9	009_thuan_viet.wav	Các địa điểm gồm miền núi, miền biển, và nông thôn (đồng bằng).	Wikipedia tiếng Việt (vie_wiki_2021, CC BY-SA)	PASS	PASS			
thuan_viet	10	010_thuan_viet.wav	Bài viết này đề cập đến các ma trận thực và phức, tức là các ma trận mà các phần tử của nó là những số thực hoặc số phức.	Wikipedia tiếng Việt (vie_wiki_2021, CC BY-SA)	PASS	PASS			
thuan_viet	11	011_thuan_viet.wav	Giữa tình hình này, Quốc hội vẫn tiếp tục công việc của mình để hoàn thành bản Hiến pháp mới.	Wikipedia tiếng Việt (vie_wiki_2021, CC BY-SA)	PASS	PASS			
thuan_viet	12	012_thuan_viet.wav	Ông cũng hạ lệnh hành hình những kẻ bán đứng Trác Mộc Hợp vì tội tạo phản.	Wikipedia tiếng Việt (vie_wiki_2021, CC BY-SA)	PASS	khong			
thuan_viet	13	013_thuan_viet.wav	Chúa nổi giận, đày bà ra đảo Côn Lôn Nhỏ, từ đó đảo này có tên gọi là hòn Bà.	Wikipedia tiếng Việt (vie_wiki_2021, CC BY-SA)	PASS	khong			
thuan_viet	14	014_thuan_viet.wav	Độc đáo những nét văn hóa Chăm: Độc đáo những nét văn hóa Chăm	Wikipedia tiếng Việt (vie_wiki_2021, CC BY-SA)	khong	PASS			
thuan_viet	15	015_thuan_viet.wav	P (price): giá của từng mặt hàng; Pi: giá của mặt hàng thứ i.	Wikipedia tiếng Việt (vie_wiki_2021, CC BY-SA)	khong	khong			
thuan_viet	16	016_thuan_viet.wav	Nếu không có Ngô tổng thống thì toàn dân chết không còn một mống.	Wikipedia tiếng Việt (vie_wiki_2021, CC BY-SA)	PASS	PASS			
thuan_viet	17	017_thuan_viet.wav	Tôi phải thừa nhận rằng mức độ tàn bạo và hèn nhát đến một cách thật bất ngờ."	Wikipedia tiếng Việt (vie_wiki_2021, CC BY-SA)	PASS	PASS			
thuan_viet	18	018_thuan_viet.wav	Hệ thống đẳng cấp do đó bắt đầu thể hiện những khác biệt giữa các vùng.	Wikipedia tiếng Việt (vie_wiki_2021, CC BY-SA)	PASS	PASS			
thuan_viet	19	019_thuan_viet.wav	Đặc điểm đầu tiên có thể nhận thấy ở văn hóa Hội An chính là tính đa dạng.	Wikipedia tiếng Việt (vie_wiki_2021, CC BY-SA)	khong	PASS			
thuan_viet	20	020_thuan_viet.wav	Một số tổ chức sử dụng chỉ một số ít các ngôn ngữ phổ thông nội bộ.	Wikipedia tiếng Việt (vie_wiki_2021, CC BY-SA)	PASS	PASS			
thuan_viet	21	021_thuan_viet.wav	- Chức năng nối kết: kết nối các tế bào thành một khối ổn định	Wikipedia tiếng Việt (vie_wiki_2021, CC BY-SA)	PASS	PASS			
thuan_viet	22	022_thuan_viet.wav	Tiếng Đức là ngôn ngữ có sự khác biệt mạnh giữa ngôn ngữ nói và ngôn ngữ viết.	Wikipedia tiếng Việt (vie_wiki_2021, CC BY-SA)	PASS	PASS			
thuan_viet	23	023_thuan_viet.wav	Một vài chức năng của ty thể chỉ hiện diện ở một số loại tế bào đặc biệt.	Wikipedia tiếng Việt (vie_wiki_2021, CC BY-SA)	khong	khong			
thuan_viet	24	024_thuan_viet.wav	Hầu hết tất cả các số thực và số phức đều là các số siêu việt.	Wikipedia tiếng Việt (vie_wiki_2021, CC BY-SA)	PASS	PASS			
thuan_viet	25	025_thuan_viet.wav	Hành động vì khí hậu: Hành động khẩn cấp để chống lại biến đổi khí hậu và tác động của nó.	Wikipedia tiếng Việt (vie_wiki_2021, CC BY-SA)	PASS	PASS			
thuan_viet	26	026_thuan_viet.wav	Chỉnh hợp lặp chập k của n phần tử đó là một bộ sắp thứ tự k phần tử của A, các phần tử có thể lấy lặp lại.	Wikipedia tiếng Việt (vie_wiki_2021, CC BY-SA)	khong	khong			
thuan_viet	27	027_thuan_viet.wav	Hình tứ giác với độ dài các cạnh a, b, c, d mà có diện tích .	Wikipedia tiếng Việt (vie_wiki_2021, CC BY-SA)	khong	PASS			
thuan_viet	28	028_thuan_viet.wav	, đã dẫn đến thất bại thảm hại nhất của Tào Tháo tại trận Xích Bích.	Wikipedia tiếng Việt (vie_wiki_2021, CC BY-SA)	PASS	PASS			
thuan_viet	29	029_thuan_viet.wav	Ví dụ, a để chỉ hàng thứ i của ma trận A, và a để chỉ cột thứ j của ma trận A.	Wikipedia tiếng Việt (vie_wiki_2021, CC BY-SA)	khong	khong			
thuan_viet	30	030_thuan_viet.wav	Ví dụ, ngành vật lí toán áp dụng các công cụ toán học vào vật lí.	Wikipedia tiếng Việt (vie_wiki_2021, CC BY-SA)	khong	khong			
thuan_viet	31	031_thuan_viet.wav	Nó có sọ rất lạ với đặc điểm khác với các thú vật khác đang sống.	Wikipedia tiếng Việt (vie_wiki_2021, CC BY-SA)	PASS	PASS			
thuan_viet	32	032_thuan_viet.wav	Các hợp chất này có thể là "chuỗi thẳng", mạch nhánh hoặc mạch vòng.	Wikipedia tiếng Việt (vie_wiki_2021, CC BY-SA)	PASS	PASS			
thuan_viet	33	033_thuan_viet.wav	Bởi tính mệnh muôn dân đều phú bẩm tự trời, thế mà bỗng sa vào cảnh éo le độc hại.	Wikipedia tiếng Việt (vie_wiki_2021, CC BY-SA)	khong	khong			
thuan_viet	34	034_thuan_viet.wav	Làm một việc không hợp với bản tính của mình thì khó thành công.	Wikipedia tiếng Việt (vie_wiki_2021, CC BY-SA)	PASS	PASS			
thuan_viet	35	035_thuan_viet.wav	Huỳnh Phú Sổ (Đức Huỳnh Giáo Chủ), Giáo chủ Phật giáo Hòa Hảo	Wikipedia tiếng Việt (vie_wiki_2021, CC BY-SA)	PASS	PASS			
thuan_viet	36	036_thuan_viet.wav	Ở cấp độ này, chúng tôi không cần phải đề cập đến cách máy quản lý băng hoặc đầu từ của nó."	Wikipedia tiếng Việt (vie_wiki_2021, CC BY-SA)	khong	khong			
thuan_viet	37	037_thuan_viet.wav	Các đảo này hình thành từ những bãi cát bồi do tác động của sóng biển.	Wikipedia tiếng Việt (vie_wiki_2021, CC BY-SA)	PASS	PASS			
thuan_viet	38	038_thuan_viet.wav	Cũng có dấu hiệu rõ ràng về những dòng chảy sông băng và chúng chảy ra khỏi bồn địa.	Wikipedia tiếng Việt (vie_wiki_2021, CC BY-SA)	khong	khong			
thuan_viet	39	039_thuan_viet.wav	Công việc kiểm toán báo cáo tài chính nhằm mục đích bày tỏ hoặc từ chối ý kiến độc lập về báo cáo tài chính.	Wikipedia tiếng Việt (vie_wiki_2021, CC BY-SA)	PASS	PASS			
thuan_viet	40	040_thuan_viet.wav	Vùng quần đảo Vân Hải (Vân Đồn), đảo Vĩnh Thực (Móng Cái) có những bãi cát trắng dài hàng km hoặc dồn lại thành những cồn nhấp nhô liên tiếp.	Wikipedia tiếng Việt (vie_wiki_2021, CC BY-SA)	khong	khong			
thuan_viet	41	041_thuan_viet.wav	Gạo nếp, gạo tẻ đều trắng trẻo, tôm cá rất to, ăn không hết...".	Wikipedia tiếng Việt (vie_wiki_2021, CC BY-SA)	khong	khong			
thuan_viet	42	042_thuan_viet.wav	Phần trăm đóng góp vào hiệu ứng nhà kính trên Trái Đất có bốn khí chính là:	Wikipedia tiếng Việt (vie_wiki_2021, CC BY-SA)	PASS	PASS			
thuan_viet	43	043_thuan_viet.wav	Có "q" thì đặt vào "a" (quán, quà, quạ...), không có "q" thì đặt vào "u" (túa, múa, chùa...).	Wikipedia tiếng Việt (vie_wiki_2021, CC BY-SA)	PASS	PASS			
thuan_viet	44	044_thuan_viet.wav	Đó là Nhà Tiền Lê do Lê Đại Hành sáng lập và Nhà Hậu Lê do Lê Thái Tổ sáng lập.	Wikipedia tiếng Việt (vie_wiki_2021, CC BY-SA)	PASS	PASS			
thuan_viet	45	045_thuan_viet.wav	Đảo yến: đây không phải là tên riêng của một đảo nào, mà cứ đảo nào có yến làm tổ thì gọi vậy.	Wikipedia tiếng Việt (vie_wiki_2021, CC BY-SA)	PASS	PASS			
thuan_viet	46	046_thuan_viet.wav	Chỉ có thể khắc phục định kiến này bằng giáo dục và giác ngộ".	Wikipedia tiếng Việt (vie_wiki_2021, CC BY-SA)	PASS	PASS			
thuan_viet	47	047_thuan_viet.wav	Bài toán đếm: Đếm các cấu hình thỏa mãn những tính chất nào đó	Wikipedia tiếng Việt (vie_wiki_2021, CC BY-SA)	PASS	PASS			
thuan_viet	48	048_thuan_viet.wav	Giữa thế kỷ XX, Hà Nội chịu những biến cố phức tạp của lịch sử.	Wikipedia tiếng Việt (vie_wiki_2021, CC BY-SA)	PASS	khong			
thuan_viet	49	049_thuan_viet.wav	Dân chúng cũng trồng cây ăn trái, mận và lê ở vùng Đồng Văn, Hoàng Su Phì rất nổi tiếng.	Wikipedia tiếng Việt (vie_wiki_2021, CC BY-SA)	PASS	khong			
thuan_viet	50	050_thuan_viet.wav	Dẫn đầu đoàn sứ giả là Trịnh Hoài Đức chánh sứ, Ngô Nhân Tĩnh và Hoàng Ngọc Uẩn là phó sứ.	Wikipedia tiếng Việt (vie_wiki_2021, CC BY-SA)	PASS	khong			
thuan_viet	51	051_thuan_viet.wav	Huệ Năng có nói: "Thiền là tâm tọa" (chứ không phải thân tọa).	Wikipedia tiếng Việt (vie_wiki_2021, CC BY-SA)	khong	PASS			
thuan_viet	52	052_thuan_viet.wav	Thậm chí tôn giáo này còn thờ phụng một số nhà chính trị, nhà văn cận đại mà họ gọi là "Tam thánh đứng đầu Bạch Vân Động".	Wikipedia tiếng Việt (vie_wiki_2021, CC BY-SA)	PASS	PASS			
thuan_viet	53	053_thuan_viet.wav	Nền âm nhạc cổ điển Đức có các tác phẩm của một số nhà soạn nhạc nổi tiếng nhất thế giới.	Wikipedia tiếng Việt (vie_wiki_2021, CC BY-SA)	PASS	PASS			
thuan_viet	54	054_thuan_viet.wav	Vấn đề về đạo đức: thế nào là "tốt", thế nào là "xấu" (hoặc thế nào là "giá trị", thế nào là "phi giá trị")?	Wikipedia tiếng Việt (vie_wiki_2021, CC BY-SA)	PASS	PASS			
thuan_viet	55	055_thuan_viet.wav	Công Uẩn nói: Tôi đâu nỡ cáo giác ông, chỉ sợ lời nói tiết lộ thì chết ráo, nên răn ông đó thôi.	Wikipedia tiếng Việt (vie_wiki_2021, CC BY-SA)	khong	khong			
thuan_viet	56	056_thuan_viet.wav	Trên thực tế, việc bầu cử này thực chất là bầu cử 'một ứng cử viên'.	Wikipedia tiếng Việt (vie_wiki_2021, CC BY-SA)	PASS	PASS			
thuan_viet	57	057_thuan_viet.wav	Đen là màu do không có hoặc hấp thụ hoàn toàn ánh sáng khả kiến.	Wikipedia tiếng Việt (vie_wiki_2021, CC BY-SA)	PASS	PASS			
thuan_viet	58	058_thuan_viet.wav	Vào thời đại đồ đồng, các loại hình kiến trúc đầu tiên đã ra đời.	Wikipedia tiếng Việt (vie_wiki_2021, CC BY-SA)	PASS	PASS			
thuan_viet	59	059_thuan_viet.wav	Những kẻ làm giàu bằng những thủ đoạn ám muội thì bị phỉ báng.	Wikipedia tiếng Việt (vie_wiki_2021, CC BY-SA)	PASS	khong			
thuan_viet	60	060_thuan_viet.wav	Tòa án Công lý Quốc tế (ICJ) là tòa án chính của Liên Hợp Quốc.	Wikipedia tiếng Việt (vie_wiki_2021, CC BY-SA)	khong	khong			
thuan_viet	61	061_thuan_viet.wav	Sự nóng vội quá mức dẫn tới việc kế hoạch bị thất bại và phải hủy bỏ.	Wikipedia tiếng Việt (vie_wiki_2021, CC BY-SA)	khong	PASS			
thuan_viet	62	062_thuan_viet.wav	Nhóm ngôn ngữ Rôman là một phân nhóm của nhóm ngôn ngữ gốc Ý (thuộc hệ Ấn-Âu).	Wikipedia tiếng Việt (vie_wiki_2021, CC BY-SA)	khong	khong			
thuan_viet	63	063_thuan_viet.wav	Có "g" thì đặt vào "a" (già, giá, giả...), không có "g" thì đặt vào "i" (bịa, chìa, tía...).	Wikipedia tiếng Việt (vie_wiki_2021, CC BY-SA)	khong	khong			
thuan_viet	64	064_thuan_viet.wav	Mục tiêu là ra mắt một hệ điều hành phần mềm hoàn toàn tự do.	Wikipedia tiếng Việt (vie_wiki_2021, CC BY-SA)	PASS	PASS			
thuan_viet	65	065_thuan_viet.wav	Mắm Châu Đốc: Mắm đa dạng về hình thức và chế biến từ các loại cá.	Wikipedia tiếng Việt (vie_wiki_2021, CC BY-SA)	khong	PASS			
thuan_viet	66	066_thuan_viet.wav	Với sự thành lập của chế độ Đốc chính, Cách mạng Pháp có vẻ đã kết thúc.	Wikipedia tiếng Việt (vie_wiki_2021, CC BY-SA)	PASS	PASS			
thuan_viet	67	067_thuan_viet.wav	Quân đội La Mã cũng kế thừa những giá trị này từ quân đội Hy Lạp.	Wikipedia tiếng Việt (vie_wiki_2021, CC BY-SA)	PASS	PASS			
thuan_viet	68	068_thuan_viet.wav	Điều này không chỉ thịnh hành ở nông thôn mà còn ở các thành phố lớn.	Wikipedia tiếng Việt (vie_wiki_2021, CC BY-SA)	PASS	PASS			
thuan_viet	69	069_thuan_viet.wav	Tình trạng mất điện có thể xảy ra bất ngờ bất cứ lúc nào, kể cả ở các thành phố.	Wikipedia tiếng Việt (vie_wiki_2021, CC BY-SA)	PASS	PASS			
thuan_viet	70	070_thuan_viet.wav	Tôn giáo này lấy nền tảng là Đạo Phật, kết hợp với những bài sấm kệ do chính Huỳnh Phú Sổ biên soạn.	Wikipedia tiếng Việt (vie_wiki_2021, CC BY-SA)	PASS	PASS			
thuan_viet	71	071_thuan_viet.wav	Các bãi biển dài của thành phố này đã biến nó thành một thành phố du lịch.	Wikipedia tiếng Việt (vie_wiki_2021, CC BY-SA)	PASS	PASS			
thuan_viet	72	072_thuan_viet.wav	Đây chỉ là điều ngụy tạo do không có chứng cứ chính xác về điều này.	Wikipedia tiếng Việt (vie_wiki_2021, CC BY-SA)	PASS	PASS			
thuan_viet	73	073_thuan_viet.wav	Tôn trọng các võ phái khác, chỉ dùng võ để tự vệ và bênh vực lẽ phải.	Wikipedia tiếng Việt (vie_wiki_2021, CC BY-SA)	PASS	PASS			
thuan_viet	74	074_thuan_viet.wav	Hồ Đỗ, Hồ Xạ chạy về vùng Tổng Vạn Xuân, của sông Hóa Thái Bình.	Wikipedia tiếng Việt (vie_wiki_2021, CC BY-SA)	khong	PASS			
thuan_viet	75	075_thuan_viet.wav	Quân đội đàn áp các cuộc nổi dậy và các hoạt động phản cách mạng.	Wikipedia tiếng Việt (vie_wiki_2021, CC BY-SA)	PASS	PASS			
thuan_viet	76	076_thuan_viet.wav	Pháp Tạng (Dharmagupta) là đệ tử của Tôn giả Mục-kiền-liên (Moggallàna).	Wikipedia tiếng Việt (vie_wiki_2021, CC BY-SA)	khong	khong			
thuan_viet	77	077_thuan_viet.wav	- Ngón trỏ và ngón cái tạo thành hình tròn: chúc bạn giàu có.	Wikipedia tiếng Việt (vie_wiki_2021, CC BY-SA)	PASS	PASS			
thuan_viet	78	078_thuan_viet.wav	Từ các kiểu vì này dần xuất hiện cây kèo và trở thành vì kèo.	Wikipedia tiếng Việt (vie_wiki_2021, CC BY-SA)	PASS	PASS			
thuan_viet	79	079_thuan_viet.wav	Hình dạng của chân trời sự kiện lỗ đen luôn luôn có dạng xấp xỉ hình cầu.	Wikipedia tiếng Việt (vie_wiki_2021, CC BY-SA)	PASS	khong			
thuan_viet	80	080_thuan_viet.wav	Ông trị vì phần phía đông, từ đó khởi lập Đế quốc Đông La Mã.	Wikipedia tiếng Việt (vie_wiki_2021, CC BY-SA)	PASS	PASS			
thuan_viet	81	081_thuan_viet.wav	Cuộc khủng hoảng này đã góp phần làm sụp đổ chế độ Ngô Đình Diệm.	Wikipedia tiếng Việt (vie_wiki_2021, CC BY-SA)	PASS	PASS			
thuan_viet	82	082_thuan_viet.wav	An chỉ định: Trạng thái định kiên cố, an trú vững chắc trên đề mục.	Wikipedia tiếng Việt (vie_wiki_2021, CC BY-SA)	PASS	khong			
thuan_viet	83	083_thuan_viet.wav	Quân đội của Đại Việt rút về phía Đông và phía Tây Hà Nội chờ diễn biến tình hình.	Wikipedia tiếng Việt (vie_wiki_2021, CC BY-SA)	PASS	PASS			
thuan_viet	84	084_thuan_viet.wav	Thụy Sỹ là một thành viên của Hiệp hội Mậu dịch tự do châu Âu (EFTA).	Wikipedia tiếng Việt (vie_wiki_2021, CC BY-SA)	khong	khong			
thuan_viet	85	085_thuan_viet.wav	Tại điểm đóng quân chính là đá Chữ Thập còn có một trạm dự phòng.	Wikipedia tiếng Việt (vie_wiki_2021, CC BY-SA)	khong	PASS			
thuan_viet	86	086_thuan_viet.wav	Các cây cầu tại thành phố Yên Bái: cầu Văn Phú, cầu Bách Lẫm, cầu Yên Bái và cầu Tuần Quán.	Wikipedia tiếng Việt (vie_wiki_2021, CC BY-SA)	PASS	PASS			
thuan_viet	87	087_thuan_viet.wav	Hệ thống hình phạt của Đức tìm cách cải tạo tội phạm và bảo vệ dân chúng.	Wikipedia tiếng Việt (vie_wiki_2021, CC BY-SA)	PASS	PASS			
thuan_viet	88	088_thuan_viet.wav	Địa hình vùng thềm lục địa phản ánh sự tiếp nối của cấu trúc địa hình trên đất liền.	Wikipedia tiếng Việt (vie_wiki_2021, CC BY-SA)	PASS	khong			
thuan_viet	89	089_thuan_viet.wav	Bài toán liệt kê tổ hợp: Liệt kê tất cả các cấu hình thỏa mãn một tính chất nào đó	Wikipedia tiếng Việt (vie_wiki_2021, CC BY-SA)	PASS	PASS			
thuan_viet	90	090_thuan_viet.wav	Học Hình họa vào tất cả các buổi sáng (trừ kì học cuối cùng).	Wikipedia tiếng Việt (vie_wiki_2021, CC BY-SA)	khong	khong			
thuan_viet	91	091_thuan_viet.wav	Liên Hợp Quốc là tổ chức liên chính phủ lớn nhất trên thế giới.	Wikipedia tiếng Việt (vie_wiki_2021, CC BY-SA)	PASS	PASS			
thuan_viet	92	092_thuan_viet.wav	hệ thống các nhà hàng, quán ăn cũng là một thế mạnh của du lịch thành phố.	Wikipedia tiếng Việt (vie_wiki_2021, CC BY-SA)	PASS	PASS			
thuan_viet	93	093_thuan_viet.wav	Mỗi trấn đặt một trấn thủ về hàng võ và một hiệp trấn về hàng văn.	Wikipedia tiếng Việt (vie_wiki_2021, CC BY-SA)	khong	khong			
thuan_viet	94	094_thuan_viet.wav	Tôi đã mời Khánh Ly hát và rõ ràng giọng hát của Khánh Ly rất hợp với những bài hát của mình.	Wikipedia tiếng Việt (vie_wiki_2021, CC BY-SA)	PASS	PASS			
thuan_viet	95	095_thuan_viet.wav	Để thực hiện điều này, các hạt nhân hệ điều hành hiện đại sử dụng ngắt định thời.	Wikipedia tiếng Việt (vie_wiki_2021, CC BY-SA)	PASS	PASS			
thuan_viet	96	096_thuan_viet.wav	Châu thổ Bắc bộ là sản phẩm chính của phù sa hệ thống sông Hồng và cả hệ thống sông Thái Bình.	Wikipedia tiếng Việt (vie_wiki_2021, CC BY-SA)	khong	khong			
thuan_viet	97	097_thuan_viet.wav	Khổng Tử nói "Không ở vào chức vị nào thì đừng bàn tính về chính sự của chức vị ấy.".	Wikipedia tiếng Việt (vie_wiki_2021, CC BY-SA)	PASS	PASS			
thuan_viet	98	098_thuan_viet.wav	Về mùa xuân, chúng săn hải cẩu vòng mới đẻ; về mùa hè, chúng săn hải cẩu râu, hải cẩu đầu chỏm.	Wikipedia tiếng Việt (vie_wiki_2021, CC BY-SA)	khong	khong			
thuan_viet	99	099_thuan_viet.wav	Mỹ đã áp dụng hầu hết các vũ khí tân tiến nhất thời đó (chỉ trừ vũ khí hạt nhân).	Wikipedia tiếng Việt (vie_wiki_2021, CC BY-SA)	PASS	PASS			
thuan_viet	100	100_thuan_viet.wav	Các thành phố là đô thị loại II: thành phố Hà Tĩnh (thuộc tỉnh Hà Tĩnh), thành phố Đồng Hới (thuộc tỉnh Quảng Bình).	Wikipedia tiếng Việt (vie_wiki_2021, CC BY-SA)	PASS	khong			
thuan_anh	1	001_thuan_anh.wav	Alex McPherson (born August 29, 2003) is an American football kicker who plays for the Auburn Tigers.	Wikipedia tiếng Anh (eng_wiki_2026, CC BY-SA)	khong	PASS			
thuan_anh	2	002_thuan_anh.wav	On June 21, 2007, the Birmingham News reported that the US district judge presiding over the case in Birmingham dismissed the wrongful death charges against Drummond.	Wikipedia tiếng Anh (eng_wiki_2026, CC BY-SA)	khong	PASS			
thuan_anh	3	003_thuan_anh.wav	27 March 1901 – 3 June 1975) was a Japanese politician who served as prime minister of Japan from 1964 to 1972.	Wikipedia tiếng Anh (eng_wiki_2026, CC BY-SA)	khong	khong			
thuan_anh	4	004_thuan_anh.wav	In general, most productions at the Biltmore in the early 1930s were unsuccessful.	Wikipedia tiếng Anh (eng_wiki_2026, CC BY-SA)	khong	PASS			
thuan_anh	5	005_thuan_anh.wav	Almost all of 2 Group was committed to the raid and it was the largest and most successful operation by the group of the war.	Wikipedia tiếng Anh (eng_wiki_2026, CC BY-SA)	khong	PASS			
thuan_anh	6	006_thuan_anh.wav	After a promising practice performance, he suffered electrical problems during qualifying and only set one very slow lap time.	Wikipedia tiếng Anh (eng_wiki_2026, CC BY-SA)	PASS	PASS			
thuan_anh	7	007_thuan_anh.wav	The American Dream is the fourth studio album by American metalcore band Walls of Jericho, released on July 29, 2008, by Trustkill Records.	Wikipedia tiếng Anh (eng_wiki_2026, CC BY-SA)	khong	khong			
thuan_anh	8	008_thuan_anh.wav	The city's share was increased to $6.4 million, while the MTC board gave $12 million.	Wikipedia tiếng Anh (eng_wiki_2026, CC BY-SA)	khong	khong			
thuan_anh	9	009_thuan_anh.wav	After leaving intelligence work in 1977, he publicly expressed views highly critical of the CIA.	Wikipedia tiếng Anh (eng_wiki_2026, CC BY-SA)	PASS	PASS			
thuan_anh	10	010_thuan_anh.wav	It served as an eatery and community center in southcentral Alaska from 1949 to 1974.	Wikipedia tiếng Anh (eng_wiki_2026, CC BY-SA)	khong	khong			
thuan_anh	11	011_thuan_anh.wav	The Observatorio Venezolano de Prisiones (OVP, in English Venezuelan Observatory of Prisons) is a Venezuelan NGO working to improve human rights for prisoners.	Wikipedia tiếng Anh (eng_wiki_2026, CC BY-SA)	khong	khong			
thuan_anh	12	012_thuan_anh.wav	While the team has never participated in either the FIFA U-20 Women's World Cup or the AFC U-20 Women's Asian Cup, they have participated on WAFF U-18 Girls Championship, and were runners-up in 2022.	Wikipedia tiếng Anh (eng_wiki_2026, CC BY-SA)	khong	khong			
thuan_anh	13	013_thuan_anh.wav	It is a shrub with narrowly elliptic leaves and erect clusters of white to deep pink flowers surrounded by 4, mostly green, involucral bracts.	Wikipedia tiếng Anh (eng_wiki_2026, CC BY-SA)	khong	PASS			
thuan_anh	14	014_thuan_anh.wav	It is closely affiliated with its academic partner, the University of Pittsburgh.	Wikipedia tiếng Anh (eng_wiki_2026, CC BY-SA)	PASS	PASS			
thuan_anh	15	015_thuan_anh.wav	The title is also a reference to the Pine Bluff Arsenal, a real United States military base with stockpiles of chemical weapons.	Wikipedia tiếng Anh (eng_wiki_2026, CC BY-SA)	PASS	PASS			
thuan_anh	16	016_thuan_anh.wav	They were released by Media Factory in Japan as a set of seven DVD collections between February and August 2004, with each DVD containing two episodes.	Wikipedia tiếng Anh (eng_wiki_2026, CC BY-SA)	khong	PASS			
thuan_anh	17	017_thuan_anh.wav	The attempts to manage the Depression by the government illustrated grave flaws with the Canadian constitution.	Wikipedia tiếng Anh (eng_wiki_2026, CC BY-SA)	PASS	PASS			
thuan_anh	18	018_thuan_anh.wav	Car-spotters tend to express their individuality through their own photographs taken of their certain interests.	Wikipedia tiếng Anh (eng_wiki_2026, CC BY-SA)	khong	PASS			
thuan_anh	19	019_thuan_anh.wav	A shape used to describe narrative structure, specifically the shape for a tragedy	Wikipedia tiếng Anh (eng_wiki_2026, CC BY-SA)	PASS	PASS			
thuan_anh	20	020_thuan_anh.wav	It opened in 1880 and was the first high school for African Americans in Georgia.	Wikipedia tiếng Anh (eng_wiki_2026, CC BY-SA)	khong	khong			
thuan_anh	21	021_thuan_anh.wav	Tylorhaphe luteopicta is a species of sea snail, a marine gastropod mollusk in the family Trochidae, the top snails.	Wikipedia tiếng Anh (eng_wiki_2026, CC BY-SA)	khong	khong			
thuan_anh	22	022_thuan_anh.wav	Once a coal mining village, it is situated 6 miles (10 km) west of the city of Durham, and close to the villages of Esh, Cornsay Colliery, Esh Winning and Langley Park.	Wikipedia tiếng Anh (eng_wiki_2026, CC BY-SA)	khong	khong			
thuan_anh	23	023_thuan_anh.wav	He succeeded to the lands in Norfolk, Suffolk and Essex in England, held by his father Robert which had been received from Roger Bigod after the Norman conquest of England.	Wikipedia tiếng Anh (eng_wiki_2026, CC BY-SA)	khong	khong			
thuan_anh	24	024_thuan_anh.wav	These compounds and their solutions, both of which occur in nature, have a variety of practical uses.	Wikipedia tiếng Anh (eng_wiki_2026, CC BY-SA)	PASS	PASS			
thuan_anh	25	025_thuan_anh.wav	In the United States the season aired on Thursdays at 9:00 pm ET on The CW television network.	Wikipedia tiếng Anh (eng_wiki_2026, CC BY-SA)	khong	khong			
thuan_anh	26	026_thuan_anh.wav	Social proof is more powerful when being accurate is more important and when others are perceived as especially knowledgeable.	Wikipedia tiếng Anh (eng_wiki_2026, CC BY-SA)	PASS	PASS			
thuan_anh	27	027_thuan_anh.wav	Two years after the initiative was introduced, both doctors and primary care trusts were struggling to understand how to implement the scheme.	Wikipedia tiếng Anh (eng_wiki_2026, CC BY-SA)	PASS	PASS			
thuan_anh	28	028_thuan_anh.wav	Largely due to the addition of Holdfast Bay, Labor's already thin majority of 5.3 percent was pared back even further, to an extremely marginal 1.2 percent.	Wikipedia tiếng Anh (eng_wiki_2026, CC BY-SA)	khong	khong			
thuan_anh	29	029_thuan_anh.wav	All the listed buildings are designated at Grade II, the lowest of the three grades, which is applied to "buildings of national importance and special interest".	Wikipedia tiếng Anh (eng_wiki_2026, CC BY-SA)	PASS	khong			
thuan_anh	30	030_thuan_anh.wav	He was elected sometime after 1 November 1025 and received episcopal ordination on 21 December.	Wikipedia tiếng Anh (eng_wiki_2026, CC BY-SA)	PASS	PASS			
thuan_anh	31	031_thuan_anh.wav	The following is a partial list of the "B" codes for Medical Subject Headings (MeSH), as defined by the United States National Library of Medicine (NLM).	Wikipedia tiếng Anh (eng_wiki_2026, CC BY-SA)	PASS	PASS			
thuan_anh	32	032_thuan_anh.wav	In Icelandic, this event is known as the kristnitaka (literally, 'the taking of Christianity').	Wikipedia tiếng Anh (eng_wiki_2026, CC BY-SA)	khong	khong			
thuan_anh	33	033_thuan_anh.wav	The new Dholera International Airport is being developed due to expansion constraints at the current airport.	Wikipedia tiếng Anh (eng_wiki_2026, CC BY-SA)	khong	khong			
thuan_anh	34	034_thuan_anh.wav	The site covers 56 acres and includes a mile-and-a-half walking trail that accesses ten outdoor art installations and thirty haiku.	Wikipedia tiếng Anh (eng_wiki_2026, CC BY-SA)	khong	khong			
thuan_anh	35	035_thuan_anh.wav	Navy acquired her for World War I service from the Russian Volunteer Fleet on 18 October 1918 at Hoboken, New Jersey, assigned her the Identification Number (Id.	Wikipedia tiếng Anh (eng_wiki_2026, CC BY-SA)	khong	khong			
thuan_anh	36	036_thuan_anh.wav	In 2015, the government started the procedure for the privatisation of the airport.	Wikipedia tiếng Anh (eng_wiki_2026, CC BY-SA)	PASS	khong			
thuan_anh	37	037_thuan_anh.wav	Theatrical historian Ken Bloom described the Biltmore's early productions as "for the most part, unexceptional".	Wikipedia tiếng Anh (eng_wiki_2026, CC BY-SA)	khong	PASS			
thuan_anh	38	038_thuan_anh.wav	He was a shortstop and third baseman during a ten-year major league playing career, appearing in 1,270 games played in 1942 and from 1946 to 1954 for three teams.	Wikipedia tiếng Anh (eng_wiki_2026, CC BY-SA)	khong	khong			
thuan_anh	39	039_thuan_anh.wav	ACI 212.3R lists melamine sulfonate polycondensation products as one of the common chemical families used for high-range water-reducing admixtures.	Wikipedia tiếng Anh (eng_wiki_2026, CC BY-SA)	khong	khong			
thuan_anh	40	040_thuan_anh.wav	Brandauer was nominated for an Oscar and won a Golden Globe for the performance.	Wikipedia tiếng Anh (eng_wiki_2026, CC BY-SA)	khong	khong			
thuan_anh	41	041_thuan_anh.wav	The auditorium interior is a New York City landmark, and the theater is listed on the National Register of Historic Places.	Wikipedia tiếng Anh (eng_wiki_2026, CC BY-SA)	khong	PASS			
thuan_anh	42	042_thuan_anh.wav	The Nederlander Organization, which had paid $250,000 in rent per year, declined to renew its lease in August 1984.	Wikipedia tiếng Anh (eng_wiki_2026, CC BY-SA)	khong	khong			
thuan_anh	43	043_thuan_anh.wav	Katyar Kaljat Ghusali is the soundtrack to the 2015 Marathi film of the same name directed by Subodh Bhave based on the 1967 stage play by Purushottam Darvhekar.	Wikipedia tiếng Anh (eng_wiki_2026, CC BY-SA)	khong	khong			
thuan_anh	44	044_thuan_anh.wav	He was married to Margaret Warren Shivers, originally from Ohio; with her he had three children.	Wikipedia tiếng Anh (eng_wiki_2026, CC BY-SA)	khong	PASS			
thuan_anh	45	045_thuan_anh.wav	The Hours of Jeanne de Navarre is an illuminated book of hours with miniatures painted by Jean Le Noir.	Wikipedia tiếng Anh (eng_wiki_2026, CC BY-SA)	khong	khong			
thuan_anh	46	046_thuan_anh.wav	Krapp in the neo-Renaissance style and was constructed in 1925 for the Chanin brothers.	Wikipedia tiếng Anh (eng_wiki_2026, CC BY-SA)	khong	khong			
thuan_anh	47	047_thuan_anh.wav	It follows the group's breakout hit "Vans" and debut EP Skateboards 2 Scrapers, which were released in 2006.	Wikipedia tiếng Anh (eng_wiki_2026, CC BY-SA)	khong	PASS			
thuan_anh	48	048_thuan_anh.wav	Alan James Ryan (3 June 1911 – 26 October 1980) was an Australian rules footballer who played with Melbourne and Collingwood in the Victorian Football League (VFL).	Wikipedia tiếng Anh (eng_wiki_2026, CC BY-SA)	khong	khong			
thuan_anh	49	049_thuan_anh.wav	He had a lead role in the Broadway production of Hair and scored a top ten single in 1970 with "(If You Let Me Make Love to You Then) Why Can't I Touch You?"	Wikipedia tiếng Anh (eng_wiki_2026, CC BY-SA)	khong	khong			
thuan_anh	50	050_thuan_anh.wav	In 1988, after living in the diaspora for many years, Nollendorfs returned for a visit to Latvia, where in 1990 he became one of the first Fulbright lecturers.	Wikipedia tiếng Anh (eng_wiki_2026, CC BY-SA)	khong	khong			
thuan_anh	51	051_thuan_anh.wav	Years later, a criminal case was opened against them on the fact of the murder of servicemen.	Wikipedia tiếng Anh (eng_wiki_2026, CC BY-SA)	khong	PASS			
thuan_anh	52	052_thuan_anh.wav	Word embeddings can be obtained using language modeling and feature learning techniques, where words or phrases from the vocabulary are mapped to vectors of real numbers.	Wikipedia tiếng Anh (eng_wiki_2026, CC BY-SA)	khong	PASS			
thuan_anh	53	053_thuan_anh.wav	Barry Sinton Hobson (22 November 1925 – 9 April 2017) was a first-class cricketer and educator from Northern Ireland.	Wikipedia tiếng Anh (eng_wiki_2026, CC BY-SA)	khong	khong			
thuan_anh	54	054_thuan_anh.wav	George Munro, 5th Baron of Foulis also appears on the Munro family tree of 1734.	Wikipedia tiếng Anh (eng_wiki_2026, CC BY-SA)	khong	khong			
thuan_anh	55	055_thuan_anh.wav	It was succeeded by the Sons of Union Veterans of the Civil War (SUVCW), composed of male descendants of Union veterans.	Wikipedia tiếng Anh (eng_wiki_2026, CC BY-SA)	khong	khong			
thuan_anh	56	056_thuan_anh.wav	He was appointed to the Senate for the Gulf, Quebec division on 3 March 1944 following nomination by Prime Minister William Lyon Mackenzie King.	Wikipedia tiếng Anh (eng_wiki_2026, CC BY-SA)	khong	PASS			
thuan_anh	57	057_thuan_anh.wav	Anguiano was born during the height of the Mexican Revolution, which would inspire a majority of his mural painting.	Wikipedia tiếng Anh (eng_wiki_2026, CC BY-SA)	khong	khong			
thuan_anh	58	058_thuan_anh.wav	In 2015, at the age of nine, she starred in the music video for Sia's song "Alive".	Wikipedia tiếng Anh (eng_wiki_2026, CC BY-SA)	khong	khong			
thuan_anh	59	059_thuan_anh.wav	Navy – continued her work in the merchant service for nearly half a century, before being scrapped in 1908.	Wikipedia tiếng Anh (eng_wiki_2026, CC BY-SA)	khong	PASS			
thuan_anh	60	060_thuan_anh.wav	The passageway is also accessible from the stairs at the rear of the auditorium.	Wikipedia tiếng Anh (eng_wiki_2026, CC BY-SA)	PASS	PASS			
thuan_anh	61	061_thuan_anh.wav	Steric effects: Polycarboxylates-ether (PCE) synthetic polymers bearing lateral chains (third generation).	Wikipedia tiếng Anh (eng_wiki_2026, CC BY-SA)	khong	khong			
thuan_anh	62	062_thuan_anh.wav	Pelingotto served in his father's business before he quit and provided as much alms as he could provide to the less fortunate in his area.	Wikipedia tiếng Anh (eng_wiki_2026, CC BY-SA)	khong	khong			
thuan_anh	63	063_thuan_anh.wav	The reconstituted band made a limited number of appearances live and on television and recorded fifteen LP albums for Capitol Records before Gray died in 1963.	Wikipedia tiếng Anh (eng_wiki_2026, CC BY-SA)	khong	khong			
thuan_anh	64	064_thuan_anh.wav	Haeber's photographs of the vacant built environment have been called "gorgeous", and "haunting."	Wikipedia tiếng Anh (eng_wiki_2026, CC BY-SA)	khong	khong			
thuan_anh	65	065_thuan_anh.wav	The third is a guide to the best bootleg recording available for every concert, numbering over 500 out of a possible 1200 gigs.	Wikipedia tiếng Anh (eng_wiki_2026, CC BY-SA)	khong	khong			
thuan_anh	66	066_thuan_anh.wav	PTRs are also suitable for cooling MRI-systems and energy-related systems using superconducting magnets.	Wikipedia tiếng Anh (eng_wiki_2026, CC BY-SA)	khong	khong			
thuan_anh	67	067_thuan_anh.wav	After its establishment in Texas, the party launched electoral campaigns in Colorado, Arizona, New Mexico, and California, though it only secured official party status for statewide races in Texas.	Wikipedia tiếng Anh (eng_wiki_2026, CC BY-SA)	khong	PASS			
thuan_anh	68	068_thuan_anh.wav	The holotype male was first collected on 6 February 1964 at Dinner Creek near Innisfail, Queensland, and is preserved at the Queensland Museum.	Wikipedia tiếng Anh (eng_wiki_2026, CC BY-SA)	khong	PASS			
thuan_anh	69	069_thuan_anh.wav	At the time of the sale, Abbott's The Number was scheduled to be produced at the Biltmore.	Wikipedia tiếng Anh (eng_wiki_2026, CC BY-SA)	khong	PASS			
thuan_anh	70	070_thuan_anh.wav	It is a small, rounded, prostrate shrub with leaves sometimes lance-shaped or three-lobed to pinnatipartite, and moderately crowded yellow flowers.	Wikipedia tiếng Anh (eng_wiki_2026, CC BY-SA)	khong	khong			
thuan_anh	71	071_thuan_anh.wav	However, FdI is home also to several former Christian Democrats and half of its ministers are not former MSI members.	Wikipedia tiếng Anh (eng_wiki_2026, CC BY-SA)	khong	PASS			
thuan_anh	72	072_thuan_anh.wav	2 car in 2020, crew chiefing Brad Keselowski that year (finishing second in the final standings) and in 2021, and continued to crew chief the No.	Wikipedia tiếng Anh (eng_wiki_2026, CC BY-SA)	khong	khong			
thuan_anh	73	073_thuan_anh.wav	The campaign against the Nizaris and later the Abbasid Caliphate was intended to establish a new khanate in the region—the Ilkhanate.	Wikipedia tiếng Anh (eng_wiki_2026, CC BY-SA)	khong	PASS			
thuan_anh	74	074_thuan_anh.wav	The Atomic Energy Research Establishment (AERE), also known as Harwell Laboratory, was the main centre for atomic energy research and development in the United Kingdom from 1946 to the 1990s.	Wikipedia tiếng Anh (eng_wiki_2026, CC BY-SA)	khong	khong			
thuan_anh	75	075_thuan_anh.wav	The Tigers, led by tenth-year head coach Joe Ciampi, played their home games at Joel H.	Wikipedia tiếng Anh (eng_wiki_2026, CC BY-SA)	khong	khong			
thuan_anh	76	076_thuan_anh.wav	The repellent effect of electropositive metals on sharks was confirmed by the National Marine Fisheries Service, notably, Stoner and Kaimmer, and studies completed by Brill et al.	Wikipedia tiếng Anh (eng_wiki_2026, CC BY-SA)	khong	khong			
thuan_anh	77	077_thuan_anh.wav	Liquid was a British dance act that originally consisted of Eamon Downes (a.k.a.	Wikipedia tiếng Anh (eng_wiki_2026, CC BY-SA)	khong	khong			
thuan_anh	78	078_thuan_anh.wav	Paley Center for Media has preserved the first season Salute Your Shorts episode "Sponge Saga" in its New York archive, which was directed by Spicer.	Wikipedia tiếng Anh (eng_wiki_2026, CC BY-SA)	khong	khong			
thuan_anh	79	079_thuan_anh.wav	This regency also plays an important role in maintaining Indonesia's sovereignty in the northern border area, bordering on the South China Sea.	Wikipedia tiếng Anh (eng_wiki_2026, CC BY-SA)	PASS	PASS			
thuan_anh	80	080_thuan_anh.wav	heart of Christmas: artist challenge) is a 2010 Philippine television reality show broadcast by GMA Network.	Wikipedia tiếng Anh (eng_wiki_2026, CC BY-SA)	khong	khong			
thuan_anh	81	081_thuan_anh.wav	The 1991 SunBank 24 at Daytona was a 24-hour endurance sports car race held on February 2–3, 1991 at the Daytona International Speedway road course.	Wikipedia tiếng Anh (eng_wiki_2026, CC BY-SA)	khong	khong			
thuan_anh	82	082_thuan_anh.wav	The book documents her experience visiting the continent of Antarctica for a week in January 2019, with accompanying photos taken by New Zealand photographer Harriet Were.	Wikipedia tiếng Anh (eng_wiki_2026, CC BY-SA)	khong	khong			
thuan_anh	83	083_thuan_anh.wav	12 "honeycomb" rooms, which are built into the side of a hill on the property a short distance from the main building and have been compared to hobbit holes; and 2 cottages.	Wikipedia tiếng Anh (eng_wiki_2026, CC BY-SA)	khong	PASS			
thuan_anh	84	084_thuan_anh.wav	Mount Murchison is a rural locality in the Shire of Banana, Queensland, Australia.	Wikipedia tiếng Anh (eng_wiki_2026, CC BY-SA)	khong	PASS			
thuan_anh	85	085_thuan_anh.wav	Michael Samuel (born 22 April 1980 in Amsterdam) is a Dutch footballer who played for Eerste Divisie clubs Stormvogels Telstar and Go Ahead Eagles during the 2001-2007 football seasons.	Wikipedia tiếng Anh (eng_wiki_2026, CC BY-SA)	khong	khong			
thuan_anh	86	086_thuan_anh.wav	The executive agency promotes industrial and economic policies which allows economic activity and growth, increased employment and investments in sector which are critical to Taiwan's economy.	Wikipedia tiếng Anh (eng_wiki_2026, CC BY-SA)	khong	PASS			
thuan_anh	87	087_thuan_anh.wav	The VPRO made a cultural shift in the late 1960s, becoming a progressive broadcaster.	Wikipedia tiếng Anh (eng_wiki_2026, CC BY-SA)	PASS	khong			
thuan_anh	88	088_thuan_anh.wav	Before its renovation, the balcony level was divided into front and rear sections by an aisle halfway across its depth.	Wikipedia tiếng Anh (eng_wiki_2026, CC BY-SA)	PASS	PASS			
thuan_anh	89	089_thuan_anh.wav	However, Chartists in London and the north were impressed that such a publication could be produced in a relatively contented suburb such as Uxbridge and it became popular.	Wikipedia tiếng Anh (eng_wiki_2026, CC BY-SA)	PASS	PASS			
thuan_anh	90	090_thuan_anh.wav	He rose to fame as Luke Skywalker in the original Star Wars trilogy (1977–1983), leading to further lead parts in films like Corvette Summer (1978) and Samuel Fuller's The Big Red One (1980).	Wikipedia tiếng Anh (eng_wiki_2026, CC BY-SA)	khong	khong			
thuan_anh	91	091_thuan_anh.wav	Perreault Casgrain, O.C., c.r., (January 18, 1898 – April 26, 1981) was a Canadian lawyer and provincial politician in the Province of Quebec.	Wikipedia tiếng Anh (eng_wiki_2026, CC BY-SA)	khong	khong			
thuan_anh	92	092_thuan_anh.wav	Winter Chinook salmon are reared at the Livingston Stone National Fish Hatchery, a sub-station of Coleman NFH, located at the base of Shasta Dam.	Wikipedia tiếng Anh (eng_wiki_2026, CC BY-SA)	khong	khong			
thuan_anh	93	093_thuan_anh.wav	Since I've Been Loving You is a blues rock song by the English rock band Led Zeppelin, released in 1970 on the album Led Zeppelin III.	Wikipedia tiếng Anh (eng_wiki_2026, CC BY-SA)	khong	khong			
thuan_anh	94	094_thuan_anh.wav	The previous Rhondda Cynon Taf all-council election took place in 2017 and future elections will take place every five years.	Wikipedia tiếng Anh (eng_wiki_2026, CC BY-SA)	khong	khong			
thuan_anh	95	095_thuan_anh.wav	A right-handed batsman and a left-arm slow bowler, he started his cricket career at Northamptonshire, who finished in fourth position in the County Championship in his debut season, 1956.	Wikipedia tiếng Anh (eng_wiki_2026, CC BY-SA)	khong	khong			
thuan_anh	96	096_thuan_anh.wav	He made his television debut in 1995, conducting the ViviRoma television program on the Teleambiente and Teledonna stations.	Wikipedia tiếng Anh (eng_wiki_2026, CC BY-SA)	khong	khong			
thuan_anh	97	097_thuan_anh.wav	He won the 2000 Guineas on his first run as a three-year-old and went on to win the St James's Palace Stakes.	Wikipedia tiếng Anh (eng_wiki_2026, CC BY-SA)	khong	khong			
thuan_anh	98	098_thuan_anh.wav	Mall of America Tycoon is a business simulation game developed by 4HEAD Studios and published by Activision and released on September 28, 2004, for Windows.	Wikipedia tiếng Anh (eng_wiki_2026, CC BY-SA)	khong	khong			
thuan_anh	99	099_thuan_anh.wav	It includes moderates such as Mike Castle of Delaware, and more conservative House members like Pete Sessions of Texas and Tom Feeney of Florida.	Wikipedia tiếng Anh (eng_wiki_2026, CC BY-SA)	khong	khong			
thuan_anh	100	100_thuan_anh.wav	During the 2007–08 season, they managed to reach the final of the Jean-Prat championship and faced a surging US Colomiers side.	Wikipedia tiếng Anh (eng_wiki_2026, CC BY-SA)	khong	khong			
mix_de	1	001_mix_de.wav	Dòng 2000 nằm ở giữa dòng điện thoại 1000 và 3000 về tính năng.	Web tiếng Việt 2015 (vie_web_2015, trích dẫn 1 câu)	PASS	PASS			
mix_de	2	002_mix_de.wav	Nào là những con bọ ăn lá, bọ cánh cứng, bọ rùa..	Tatoeba tiếng Việt (tatoeba_vi, CC BY)	PASS	PASS			
mix_de	3	003_mix_de.wav	Chúng tôi dự định sẽ chiến đấu đến cùng.	Web tiếng Việt 2015 (vie_web_2015, trích dẫn 1 câu)	PASS	PASS			
mix_de	4	004_mix_de.wav	Các quy định về quản lý sử dụng tài sản 1.	Web tiếng Việt 2015 (vie_web_2015, trích dẫn 1 câu)	PASS	PASS			
mix_de	5	005_mix_de.wav	Cứ mỗi khi rảnh là bố tôi lại đi câu cá.	Tatoeba tiếng Việt (tatoeba_vi, CC BY)	PASS	PASS			
mix_de	6	006_mix_de.wav	Roger, những gì bạn nói đều có lý và tôi đồng ý với bạn.	Web tiếng Việt 2015 (vie_web_2015, trích dẫn 1 câu)	PASS	PASS			
mix_de	7	007_mix_de.wav	HNX Index để mất 0,46 điểm (-0,57%), đóng cửa tại mức 80,08 điểm.	Web tiếng Việt 2015 (vie_web_2015, trích dẫn 1 câu)	khong	khong			
mix_de	8	008_mix_de.wav	Mỗi 10 giây sẽ tự động hạ độc đối thủ ở gần.	Web tiếng Việt 2015 (vie_web_2015, trích dẫn 1 câu)	PASS	PASS			
mix_de	9	009_mix_de.wav	Các kết nôít rên máy bao gồm Bluetooth 4.	Web tiếng Việt 2015 (vie_web_2015, trích dẫn 1 câu)	khong	khong			
mix_de	10	010_mix_de.wav	21-Xúc tiến tác dụng của các nội tiết tố (hormone).	Web tiếng Việt 2015 (vie_web_2015, trích dẫn 1 câu)	PASS	khong			
mix_de	11	011_mix_de.wav	Đầu năm 2014, ông đã trả hết nợ cả gốc và lãi.	Tatoeba tiếng Việt (tatoeba_vi, CC BY)	khong	PASS			
mix_de	12	012_mix_de.wav	Tôi đã bảo bạn là đừng có gọi tôi mà Tom.	Tatoeba tiếng Việt (tatoeba_vi, CC BY)	PASS	PASS			
mix_de	13	013_mix_de.wav	Tội rải đinh vật sắc luật này quy định: “1.	Web tiếng Việt 2015 (vie_web_2015, trích dẫn 1 câu)	khong	khong			
mix_de	14	014_mix_de.wav	Tôi muốn xây nhà ống cấp 4, có gác lửng lợp mái tôn.	Wikipedia tiếng Việt (vie_wiki_2021, CC BY-SA)	PASS	PASS			
mix_de	15	015_mix_de.wav	Năm 1979 tách Vũng Tàu Côn Đảo thành lập Đặc khu Vũng Tàu Côn Đảo.	Web tiếng Việt 2015 (vie_web_2015, trích dẫn 1 câu)	khong	PASS			
mix_de	16	016_mix_de.wav	Kể câu chuyện đa dạng của ASEAN một cách hấp dẫn..	Tatoeba tiếng Việt (tatoeba_vi, CC BY)	PASS	PASS			
mix_de	17	017_mix_de.wav	Cứ để kéo ở gần đi, sau này sẽ cần dùng đến.	Web tiếng Việt 2015 (vie_web_2015, trích dẫn 1 câu)	PASS	PASS			
mix_de	18	018_mix_de.wav	Nên mọi chuyện của tôi làm bố phải gánh vác.	Web tiếng Việt 2015 (vie_web_2015, trích dẫn 1 câu)	PASS	PASS			
mix_de	19	019_mix_de.wav	Đây là máy tính bảng màn hình Super AMOLED mỏng..	Web tiếng Việt 2015 (vie_web_2015, trích dẫn 1 câu)	PASS	PASS			
mix_de	20	020_mix_de.wav	Tọa độ địa lý của xã là 49° 03' vĩ độ bắc, 06° 11' kinh độ đông.	Web tiếng Việt 2015 (vie_web_2015, trích dẫn 1 câu)	khong	khong			
mix_de	21	021_mix_de.wav	Tom đã dành một nửa đời của mình trong tù.	Web tiếng Việt 2015 (vie_web_2015, trích dẫn 1 câu)	PASS	PASS			
mix_de	22	022_mix_de.wav	Cũng vào năm ấy đúc Cửu Đỉnh, khắc hình sông vào Thuần Đỉnh.	Web tiếng Việt 2015 (vie_web_2015, trích dẫn 1 câu)	PASS	PASS			
mix_de	23	023_mix_de.wav	Tuổi: Kỷ Sửu, Kỷ Mảo, Kỷ Tỵ, Kỷ Mùi, Kỷ Dậu, Kỷ Hợi.	Web tiếng Việt 2015 (vie_web_2015, trích dẫn 1 câu)	khong	khong			
mix_de	24	024_mix_de.wav	Ngày 30/9, “Câu hỏi sẽ dẫn bạn đến đâu?”	Web tiếng Việt 2015 (vie_web_2015, trích dẫn 1 câu)	PASS	khong			
mix_de	25	025_mix_de.wav	Ai cũng biện gánh đời đang đè lên đầu: Vợ dại.	Web tiếng Việt 2015 (vie_web_2015, trích dẫn 1 câu)	PASS	khong			
mix_de	26	026_mix_de.wav	Trên các cột đá dựng đứng cũng có các xà đá nằm ngang.	Web tiếng Việt 2015 (vie_web_2015, trích dẫn 1 câu)	PASS	PASS			
mix_de	27	027_mix_de.wav	Bài thi gồm 4 kỹ năng: Đọc-Viết-Nghe-Nói III.	Web tiếng Việt 2015 (vie_web_2015, trích dẫn 1 câu)	PASS	khong			
mix_de	28	028_mix_de.wav	Tọa độ địa lý của xã là 49° 19' vĩ độ bắc, 06° 14' kinh độ đông.	Web tiếng Việt 2015 (vie_web_2015, trích dẫn 1 câu)	khong	khong			
mix_de	29	029_mix_de.wav	Sau ba năm, tỷ lệ lỗi hàng năm tăng lên 11,8%.	Web tiếng Việt 2015 (vie_web_2015, trích dẫn 1 câu)	PASS	khong			
mix_de	30	030_mix_de.wav	“Sau lần thất bại đó, tôi đã mất đi căn nhà và tất cả tài sản.	Tatoeba tiếng Việt (tatoeba_vi, CC BY)	PASS	PASS			
mix_de	31	031_mix_de.wav	Toạ độ rừng: Từ 20°14' tới 20°24' vĩ bắc, 105°29' tới 105°44' kinh đông.	Tatoeba tiếng Việt (tatoeba_vi, CC BY)	khong	khong			
mix_de	32	032_mix_de.wav	Đến 10h45, VN-Index tăng 2,8 điểm (+0,55%), lên 511,9 điểm.	Web tiếng Việt 2015 (vie_web_2015, trích dẫn 1 câu)	PASS	khong			
mix_de	33	033_mix_de.wav	Từ 12% teens dùng Twitter năm 2011 đã lên tới 26% năm 2012.	Tatoeba tiếng Việt (tatoeba_vi, CC BY)	khong	khong			
mix_de	34	034_mix_de.wav	Vậy là tôi lại có thêm động lực để tiếp tục".	Web tiếng Việt 2015 (vie_web_2015, trích dẫn 1 câu)	PASS	PASS			
mix_de	35	035_mix_de.wav	Điện thoại 04.22202828 (máy lẻ: 4225; 4238; 4242).	Tatoeba tiếng Việt (tatoeba_vi, CC BY)	PASS	khong			
mix_de	36	036_mix_de.wav	Các chế độ online đầy hào hứng và sôi nổi.	Web tiếng Việt 2015 (vie_web_2015, trích dẫn 1 câu)	PASS	PASS			
mix_de	37	037_mix_de.wav	Nốt vụ năm nay là tôi hết sạch vốn rồi".	Web tiếng Việt 2015 (vie_web_2015, trích dẫn 1 câu)	PASS	PASS			
mix_de	38	038_mix_de.wav	Bà của tôi vẫn còn rất hoạt bát ở tuổi 85.	Tatoeba tiếng Việt (tatoeba_vi, CC BY)	PASS	PASS			
mix_de	39	039_mix_de.wav	Cái máy bán hàng tự động này không hoạt động.	Web tiếng Việt 2015 (vie_web_2015, trích dẫn 1 câu)	PASS	PASS			
mix_de	40	040_mix_de.wav	Mặc dù, cô ấy có một điểm yếu khi Teresa hỏi cô ấy về điều gì đó.	Web tiếng Việt 2015 (vie_web_2015, trích dẫn 1 câu)	khong	PASS			
mix_de	41	041_mix_de.wav	Đó là tất cả những gì tôi đang làm ở đây	Web tiếng Việt 2015 (vie_web_2015, trích dẫn 1 câu)	PASS	PASS			
mix_de	42	042_mix_de.wav	Tọa độ địa lý của xã là 46° 32' vĩ độ bắc, 05° 44' kinh độ đông.	Web tiếng Việt 2015 (vie_web_2015, trích dẫn 1 câu)	khong	khong			
mix_de	43	043_mix_de.wav	Hãy đến gặp tôi bất cứ lúc nào mà bạn thích.	Tatoeba tiếng Việt (tatoeba_vi, CC BY)	PASS	PASS			
mix_de	44	044_mix_de.wav	Gã nói rành rọt: - Cô chuẩn bị thu dọn mà về đi.	Web tiếng Việt 2015 (vie_web_2015, trích dẫn 1 câu)	khong	khong			
mix_de	45	045_mix_de.wav	Nhấn nút “Nhập lại” để xóa tất cả dữ liệu.	Web tiếng Việt 2015 (vie_web_2015, trích dẫn 1 câu)	PASS	PASS			
mix_de	46	046_mix_de.wav	Bấm vào Cài đặt để cài cấu hình GPRS cho máy.	Tatoeba tiếng Việt (tatoeba_vi, CC BY)	khong	khong			
mix_de	47	047_mix_de.wav	Ví dụ: Của (quyển sách của tôi), ở (quyển sách để ở trong cặp),.	Tatoeba tiếng Việt (tatoeba_vi, CC BY)	PASS	PASS			
mix_de	48	048_mix_de.wav	Đại hội bế mạc vào lúc 11h00 ngày 09/11/2007 tại Tp.	Tatoeba tiếng Việt (tatoeba_vi, CC BY)	khong	khong			
mix_de	49	049_mix_de.wav	Tôi đã nói chuyện với học sinh này rồi đó.	Web tiếng Việt 2015 (vie_web_2015, trích dẫn 1 câu)	PASS	PASS			
mix_de	50	050_mix_de.wav	Đến 09:30, chỉ số VN-Index đứng ở mức 608,73 điểm, tăng 4,97 điểm (0,82%).	Web tiếng Việt 2015 (vie_web_2015, trích dẫn 1 câu)	khong	khong			
mix_de	51	051_mix_de.wav	Tàu về đến Hà Nội lúc 4h35/5h10 sáng hôm sau.	Wikipedia tiếng Việt (vie_wiki_2021, CC BY-SA)	khong	khong			
mix_de	52	052_mix_de.wav	Bên cạnh đó chính sách hậu mãi cực kỳ hấp dẫn Giảm 10% d..	Tatoeba tiếng Việt (tatoeba_vi, CC BY)	khong	khong			
mix_de	53	053_mix_de.wav	Tọa độ địa lý của xã là 43° 34' vĩ độ bắc, 02° 57' kinh độ đông.	Web tiếng Việt 2015 (vie_web_2015, trích dẫn 1 câu)	khong	khong			
mix_de	54	054_mix_de.wav	Bàn gồm 2 đầu hình bán nguyệt và 6 thân.	Web tiếng Việt 2015 (vie_web_2015, trích dẫn 1 câu)	PASS	PASS			
mix_de	55	055_mix_de.wav	Thông báo với bạn bè: xuansang1957@yahoo.	Web tiếng Việt 2015 (vie_web_2015, trích dẫn 1 câu)	khong	khong			
mix_de	56	056_mix_de.wav	Các mặt văn hóa, xã hội vẫn còn tồn tại nhiều vấn đề bức xúc.	Tatoeba tiếng Việt (tatoeba_vi, CC BY)	khong	PASS			
mix_de	57	057_mix_de.wav	Ở nhà hàng đó, họ phục vụ bữa tối rất tốt.	Web tiếng Việt 2015 (vie_web_2015, trích dẫn 1 câu)	PASS	PASS			
mix_de	58	058_mix_de.wav	Vậy đây là văn hóa Lệ Mật, một thứ văn hóa đặc sắc và bản địa.	Web tiếng Việt 2015 (vie_web_2015, trích dẫn 1 câu)	khong	PASS			
mix_de	59	059_mix_de.wav	Cô sở hữu thân hình bốc lửa và vẻ nóng bỏng của một vũ nữ trẻ.	Web tiếng Việt 2015 (vie_web_2015, trích dẫn 1 câu)	PASS	PASS			
mix_de	60	060_mix_de.wav	Hành khô: Bóc vỏ, rửa sạch, thái lát mỏng.	Web tiếng Việt 2015 (vie_web_2015, trích dẫn 1 câu)	PASS	PASS			
mix_de	61	061_mix_de.wav	Nếu màn hình máy tính bạn đang dùng là LCD thì ổn rồi.	Web tiếng Việt 2015 (vie_web_2015, trích dẫn 1 câu)	khong	khong			
mix_de	62	062_mix_de.wav	Bất cứ việc gì Xử Nữ làm đều có mục đích rõ ràng cụ thể.	Web tiếng Việt 2015 (vie_web_2015, trích dẫn 1 câu)	PASS	PASS			
mix_de	63	063_mix_de.wav	Tôi hãnh diện vì bố tôi là một đầu bếp giỏi.	Wikipedia tiếng Việt (vie_wiki_2021, CC BY-SA)	PASS	PASS			
mix_de	64	064_mix_de.wav	Dù là gái mại dâm cũng không có quyền đánh.	Web tiếng Việt 2015 (vie_web_2015, trích dẫn 1 câu)	PASS	PASS			
mix_de	65	065_mix_de.wav	Mình vừa mới ở bên nhau cách đây 3 tiếng mà.	Web tiếng Việt 2015 (vie_web_2015, trích dẫn 1 câu)	PASS	PASS			
mix_de	66	066_mix_de.wav	Tôi thách bạn dám thách tôi bất cứ điều gì.	Web tiếng Việt 2015 (vie_web_2015, trích dẫn 1 câu)	PASS	PASS			
mix_de	67	067_mix_de.wav	Hẹn gặp lại các bạn trong “Ngày Độc Lập”!	Web tiếng Việt 2015 (vie_web_2015, trích dẫn 1 câu)	PASS	PASS			
mix_de	68	068_mix_de.wav	Lớp 4.1 có 351 học viên và lớp 4.2 có 117 học viên.	Web tiếng Việt 2015 (vie_web_2015, trích dẫn 1 câu)	PASS	PASS			
mix_de	69	069_mix_de.wav	Từng nấc từng nấc là bản chất của sự vận động.	Web tiếng Việt 2015 (vie_web_2015, trích dẫn 1 câu)	PASS	khong			
mix_de	70	070_mix_de.wav	Cẩn thận với bệnh tật, không nên để kéo dài.	Tatoeba tiếng Việt (tatoeba_vi, CC BY)	PASS	PASS			
mix_de	71	071_mix_de.wav	Ủng hộ có, lo lắng có, mệt mỏi, chán nản cũng có…	Web tiếng Việt 2015 (vie_web_2015, trích dẫn 1 câu)	PASS	PASS			
mix_de	72	072_mix_de.wav	Đó là một điều quan trọng, vậy nên tôi sẽ làm điều đó.	Web tiếng Việt 2015 (vie_web_2015, trích dẫn 1 câu)	PASS	PASS			
mix_de	73	073_mix_de.wav	Cô ấy đã đến một mình mà không có anh ấy.	Web tiếng Việt 2015 (vie_web_2015, trích dẫn 1 câu)	PASS	PASS			
mix_de	74	074_mix_de.wav	Cuối cùng, lấp kín hạt giống bằng một lớp đất mỏng.	Web tiếng Việt 2015 (vie_web_2015, trích dẫn 1 câu)	PASS	PASS			
mix_de	75	075_mix_de.wav	Tọa độ địa lý của xã là 48° 28' vĩ độ bắc, 02° 20' kinh độ đông.	Tatoeba tiếng Việt (tatoeba_vi, CC BY)	khong	khong			
mix_de	76	076_mix_de.wav	2015 "Xem bói khoa học đầu năm" - Tôi Tài Giỏi!	Web tiếng Việt 2015 (vie_web_2015, trích dẫn 1 câu)	khong	PASS			
mix_de	77	077_mix_de.wav	Tôi muốn bày tỏ quan điểm của mình về vấn đề này.	Web tiếng Việt 2015 (vie_web_2015, trích dẫn 1 câu)	PASS	PASS			
mix_de	78	078_mix_de.wav	Mẹ tôi đã thất vọng về thất bại của tôi.	Web tiếng Việt 2015 (vie_web_2015, trích dẫn 1 câu)	PASS	PASS			
mix_de	79	079_mix_de.wav	Tôi hi vọng là có vài câu lạc bộ âm nhạc.	Web tiếng Việt 2015 (vie_web_2015, trích dẫn 1 câu)	khong	khong			
mix_de	80	080_mix_de.wav	Thay vào đó, tôi cực kỳ hợp với Eucerin.	Web tiếng Việt 2015 (vie_web_2015, trích dẫn 1 câu)	khong	khong			
mix_de	81	081_mix_de.wav	Vậy nên, nếu nấu ăn vì đam mê thực sự, tôi đồng ý.	Web tiếng Việt 2015 (vie_web_2015, trích dẫn 1 câu)	PASS	PASS			
mix_de	82	082_mix_de.wav	Cứ cố gắng tạo mọi thứ bận rộn: đi làm, đi học rồi deadline.	Tatoeba tiếng Việt (tatoeba_vi, CC BY)	PASS	PASS			
mix_de	83	083_mix_de.wav	Đến 2015 có 65% số xã đạt chuẩn và đến 2020 có 75% số xã đạt chuẩn.	Web tiếng Việt 2015 (vie_web_2015, trích dẫn 1 câu)	khong	PASS			
mix_de	84	084_mix_de.wav	Đây là cái hồ đẹp nhất mà tôi từng thấy.	Web tiếng Việt 2015 (vie_web_2015, trích dẫn 1 câu)	PASS	PASS			
mix_de	85	085_mix_de.wav	Tất cả thời gian rảnh rỗi, cô ấy đều đi câu cá.	Web tiếng Việt 2015 (vie_web_2015, trích dẫn 1 câu)	PASS	PASS			
mix_de	86	086_mix_de.wav	Có dịp, hắn sẽ hỏi bác sĩ về cảm giác này.	Tatoeba tiếng Việt (tatoeba_vi, CC BY)	PASS	PASS			
mix_de	87	087_mix_de.wav	Tôi tò mò quá đi mất!" "Tôi có biết cái gì đâu."	Web tiếng Việt 2015 (vie_web_2015, trích dẫn 1 câu)	PASS	PASS			
mix_de	88	088_mix_de.wav	Đây là lần đầu bạn đi một mình đúng không?	Web tiếng Việt 2015 (vie_web_2015, trích dẫn 1 câu)	PASS	PASS			
mix_de	89	089_mix_de.wav	Đại học Chicago đào tạo cả bậc đại học và sau đại học.	Tatoeba tiếng Việt (tatoeba_vi, CC BY)	PASS	PASS			
mix_de	90	090_mix_de.wav	Triển lãm "Đình làng xứ Đoài" kéo dài tới ngày 15/12/2015.	Tatoeba tiếng Việt (tatoeba_vi, CC BY)	khong	khong			
mix_de	91	091_mix_de.wav	Bạn có chắc là một ở lại một mình không.	Web tiếng Việt 2015 (vie_web_2015, trích dẫn 1 câu)	PASS	PASS			
mix_de	92	092_mix_de.wav	Karl bắt đầu làm bài tập về nhà của mình.	Web tiếng Việt 2015 (vie_web_2015, trích dẫn 1 câu)	khong	khong			
mix_de	93	093_mix_de.wav	Làm tốt vấn đề này sẽ làm giảm “đầu vào” của tội phạm.	Web tiếng Việt 2015 (vie_web_2015, trích dẫn 1 câu)	PASS	PASS			
mix_de	94	094_mix_de.wav	Hỏi: Tôi là công dân Mỹ đang sống và làm việc ở VN.	Tatoeba tiếng Việt (tatoeba_vi, CC BY)	PASS	PASS			
mix_de	95	095_mix_de.wav	Quý Bình vẫn tiếp tục với các dự án điện ảnh.	Tatoeba tiếng Việt (tatoeba_vi, CC BY)	PASS	PASS			
mix_de	96	096_mix_de.wav	Mặt ngoài màu nâu đến nâu xám, có các lỗ vỏ và vết cuống lá.	Web tiếng Việt 2015 (vie_web_2015, trích dẫn 1 câu)	PASS	PASS			
mix_de	97	097_mix_de.wav	2015-12-04T12:15:35Z Hãng hàng không ANA đặt..	Tatoeba tiếng Việt (tatoeba_vi, CC BY)	khong	khong			
mix_de	98	098_mix_de.wav	Anh ta đã một mình ăn hết nửa cái bánh đó.	Tatoeba tiếng Việt (tatoeba_vi, CC BY)	PASS	PASS			
mix_de	99	099_mix_de.wav	Những cảm xúc rộn ràng, mới mẻ đang đến.	Tatoeba tiếng Việt (tatoeba_vi, CC BY)	PASS	khong			
mix_de	100	100_mix_de.wav	Hễ khi nào dùng máy tính, tôi lại đau đầu.	Web tiếng Việt 2015 (vie_web_2015, trích dẫn 1 câu)	PASS	khong			
mix_kho	1	001_mix_kho.wav	Ấp tự nhiên không đòi hỏi thiết bị, không tốn công chăm sóc, tỷ lệ nở khả cao, gà hoặc ngan, ngỗng con nở ra khoẻ mạnh.	Wikipedia tiếng Việt (vie_wiki_2021, CC BY-SA)	khong	khong			
mix_kho	2	002_mix_kho.wav	Tuy nhiên, cách miêu tả điện từ đầy đủ của ánh sáng lại rất khó áp dụng trong thực tiễn.	Wikipedia tiếng Việt (vie_wiki_2021, CC BY-SA)	PASS	PASS			
mix_kho	3	003_mix_kho.wav	Anh luôn bắt đầu buổi phát thanh của mình bằng câu Good Morning, Vietnam!	Wikipedia tiếng Việt (vie_wiki_2021, CC BY-SA)	khong	khong			
mix_kho	4	004_mix_kho.wav	Đáng tiếc là, tấm bia đá này lại không rõ nguồn gốc xuất xứ.	Wikipedia tiếng Việt (vie_wiki_2021, CC BY-SA)	PASS	PASS			
mix_kho	5	005_mix_kho.wav	Buckaroo Banzai (Peter Weller) và ban nhạc của anh, đã đi xâm chiếm một thế giới khác từ chiều thứ 8.	Wikipedia tiếng Việt (vie_wiki_2021, CC BY-SA)	khong	khong			
mix_kho	6	006_mix_kho.wav	Album phòng thu thứ ba, Record Collection, phát hành vào ngày 27 tháng 9 năm 2010, đạt vị trí thứ hai tại Anh.	Wikipedia tiếng Việt (vie_wiki_2021, CC BY-SA)	khong	PASS			
mix_kho	7	007_mix_kho.wav	Karp hứng thú với lĩnh vực tumbleblog và đang chờ đợi một dịch vụ blog nổi tiếng ra mắt.	Wikipedia tiếng Việt (vie_wiki_2021, CC BY-SA)	khong	khong			
mix_kho	8	008_mix_kho.wav	Tierno rất thân thiện và luôn khuyến khích bạn bè cố gắng hết sức.	Wikipedia tiếng Việt (vie_wiki_2021, CC BY-SA)	khong	khong			
mix_kho	9	009_mix_kho.wav	Sau buổi biểu diễn, Martinez bắt đầu làm việc độc lập với tài liệu gốc, mà cô nói rằng cô đã dành phần lớn năm 2013 để viết.	Wikipedia tiếng Việt (vie_wiki_2021, CC BY-SA)	PASS	PASS			
mix_kho	10	010_mix_kho.wav	Urrea qua đời ngày 1 tháng 8 năm 1849 vì bệnh tả ngay sau khi chiến tranh kết thúc.	Wikipedia tiếng Việt (vie_wiki_2021, CC BY-SA)	khong	khong			
mix_kho	11	011_mix_kho.wav	Audax trang bị 1 khẩu súng máy hạng nhẹ Lewis.303 in (7,7 mm) và 1 khẩu Vickers.303 in (7,7 mm).	Wikipedia tiếng Việt (vie_wiki_2021, CC BY-SA)	khong	khong			
mix_kho	12	012_mix_kho.wav	Khoản thu thêm này sẽ bù đắp cho những khoản phí gìn giữ hòa bình của các quốc gia kém phát triển.	Wikipedia tiếng Việt (vie_wiki_2021, CC BY-SA)	khong	PASS			
mix_kho	13	013_mix_kho.wav	Trải qua thăng trầm của lịch sử, các công trình kiến trúc cổ của chùa Quỳnh Lâm đã bị huỷ hoại rất nhiều.	Wikipedia tiếng Việt (vie_wiki_2021, CC BY-SA)	khong	khong			
mix_kho	14	014_mix_kho.wav	Bootle và Middlesbrough Ironopolis là hai đội duy nhất chỉ thi đấu một mùa tại Football League.	Wikipedia tiếng Việt (vie_wiki_2021, CC BY-SA)	khong	khong			
mix_kho	15	015_mix_kho.wav	Ngoài ra anh còn mở các nhà hàng đồ uống và tráng miệng theo phong cách Nhật Bản vì con gái anh rất thích ăn bánh ngọt.	Wikipedia tiếng Việt (vie_wiki_2021, CC BY-SA)	PASS	PASS			
mix_kho	16	016_mix_kho.wav	Linux kernel 1.0.0 đã khởi động một hệ thống đánh số phiên bản v.x.y tiêu chuẩn cho kernel,trong đó x đại diện cho một phiên bản chính.	Wikipedia tiếng Việt (vie_wiki_2021, CC BY-SA)	khong	khong			
mix_kho	17	017_mix_kho.wav	Bộ máy chính phủ quan liêu, cồng kềnh hay gọn nhẹ, nhạy bén, có hiệu quả quyết định hiệu lực quản lý của chính phủ.	Wikipedia tiếng Việt (vie_wiki_2021, CC BY-SA)	PASS	khong			
mix_kho	18	018_mix_kho.wav	Vào tháng 12 cùng năm, cô cũng trình diễn trong một buổi hòa nhạc đặc biệt trực tiếp của đài truyền hình ABC.	Wikipedia tiếng Việt (vie_wiki_2021, CC BY-SA)	khong	khong			
mix_kho	19	019_mix_kho.wav	Anh bỏ học để theo đuổi sự nghiệp âm nhạc, sau khi gặp Ian Haug trong một lớp học kinh tế.	Wikipedia tiếng Việt (vie_wiki_2021, CC BY-SA)	khong	khong			
mix_kho	20	020_mix_kho.wav	Tên ông có trên một cột trụ còn lại trong trận hỏa hoạn năm 1823.	Wikipedia tiếng Việt (vie_wiki_2021, CC BY-SA)	khong	PASS			
mix_kho	21	021_mix_kho.wav	Giả Mẫn vốn là con út của Giả Đại Thiện và Sử Thái Quân phủ Vinh Quốc, em ruột của Giả Xá, Giả Chính, mất năm Đại Ngọc mới 5 tuổi.	Wikipedia tiếng Việt (vie_wiki_2021, CC BY-SA)	khong	PASS			
mix_kho	22	022_mix_kho.wav	Nvidia đã công bố RTX 2060 vào ngày 6 tháng 1 năm 2019 tại CES 2019.	Wikipedia tiếng Việt (vie_wiki_2021, CC BY-SA)	khong	khong			
mix_kho	23	023_mix_kho.wav	Cá basa có thể dùng một trong năm tên (Basa, Bocourti fish, Basa catfish và Bocourti catfish) còn cá tra có thể dùng một trong ba tên (Swai, Sutchi catfish và Striped catfish).	Wikipedia tiếng Việt (vie_wiki_2021, CC BY-SA)	khong	khong			
mix_kho	24	024_mix_kho.wav	Bốn dòng sông lớn nhất của Eswatini là Komati, Usutu, Mbuluzi và Ngwavuma.	Wikipedia tiếng Việt (vie_wiki_2021, CC BY-SA)	khong	khong			
mix_kho	25	025_mix_kho.wav	Andrea Dworkin tuyên bố bà "cam kết phá hủy sự thống trị của nam giới và bản thân giới" trong khi khẳng định niềm tin của bà vào chủ nghĩa nữ quyền cấp tiến.	Wikipedia tiếng Việt (vie_wiki_2021, CC BY-SA)	khong	PASS			
mix_kho	26	026_mix_kho.wav	Tháng 2 năm 2020, Lionsgate thông báo rằng họ đang phát triển phần tiếp theo cho bộ phim, trong đó Daniel Craig tiếp tục đảm nhiệm vai thám tử Blanc của mình.	Wikipedia tiếng Việt (vie_wiki_2021, CC BY-SA)	khong	khong			
mix_kho	27	027_mix_kho.wav	Bà kết hôn với giám đốc công ty bảo mật Adco Cosmetics và không có con.	Wikipedia tiếng Việt (vie_wiki_2021, CC BY-SA)	khong	khong			
mix_kho	28	028_mix_kho.wav	Những tiền tố sao chép nguyên âm nổi bật là tiền tố xác định na-, tiền tố vị trí le-, và tiền tố tạo tính từ mô tả nguồn gốc te-.	Wikipedia tiếng Việt (vie_wiki_2021, CC BY-SA)	khong	PASS			
mix_kho	29	029_mix_kho.wav	Việc xây dựng một tòa nhà ga mới bao gồm một tòa nhà ba tầng dài 110 m và bao gồm một khu vực sàn kín rộng 13.400 mét vuông.	Wikipedia tiếng Việt (vie_wiki_2021, CC BY-SA)	khong	khong			
mix_kho	30	030_mix_kho.wav	Bà cũng hỗ trợ John Henrik Clarke chỉnh sửa Marcus Garvey và Tầm nhìn Châu Phi (1974).	Wikipedia tiếng Việt (vie_wiki_2021, CC BY-SA)	khong	khong			
mix_kho	31	031_mix_kho.wav	Khoa thi năm 1478 đời vua Lê Thánh Tông không lấy đỗ Trạng nguyên mà lấy hai Thám hoa.	Wikipedia tiếng Việt (vie_wiki_2021, CC BY-SA)	khong	PASS			
mix_kho	32	032_mix_kho.wav	Vào mùa hè, bộ lông có màu nâu nhạt, xám, hoặc xám pha đỏ hung, lông mịn và ngắn.	Wikipedia tiếng Việt (vie_wiki_2021, CC BY-SA)	PASS	PASS			
mix_kho	33	033_mix_kho.wav	Giải đấu sẽ bao gồm các đội kết thúc từ thứ 7 đến 22 ở vòng loại.	Wikipedia tiếng Việt (vie_wiki_2021, CC BY-SA)	PASS	PASS			
mix_kho	34	034_mix_kho.wav	Không lâu sau Aryong cắt cổ tên đại ca của chúng để trả thù, vì chuyện này mà cha cô (	Wikipedia tiếng Việt (vie_wiki_2021, CC BY-SA)	khong	khong			
mix_kho	35	035_mix_kho.wav	Đà tiến công của quân Anh cuối cùng đã bị chặn đứng khi pháo binh Đức loại 28 xe tăng ra khỏi vòng chiến.	Wikipedia tiếng Việt (vie_wiki_2021, CC BY-SA)	PASS	PASS			
mix_kho	36	036_mix_kho.wav	209 Chi tiêu cho chiến tranh đạt 37% GDP vào năm 1943–44, so với 4% chi tiêu trong giai đoạn 1939–1940.	Wikipedia tiếng Việt (vie_wiki_2021, CC BY-SA)	khong	khong			
mix_kho	37	037_mix_kho.wav	Trong màn trình diễn này, pháo hoa đã nổ xung quanh Perry và sân vận động.	Wikipedia tiếng Việt (vie_wiki_2021, CC BY-SA)	khong	khong			
mix_kho	38	038_mix_kho.wav	Chiến công đó góp phần quyết định vào thắng lợi của mặt trận bảo đảm giao thông, chi viện cho tiền tuyến lớn miền Nam.	Wikipedia tiếng Việt (vie_wiki_2021, CC BY-SA)	PASS	PASS			
mix_kho	39	039_mix_kho.wav	Đội Thụy Sĩ đã thi đấu quốc tế tổng cộng 675 lần với 73 đội tuyển khác nhau.	Wikipedia tiếng Việt (vie_wiki_2021, CC BY-SA)	PASS	PASS			
mix_kho	40	040_mix_kho.wav	Bà tốt nghiệp Đại học Rhodes ở Grahamstown năm 1979, sau đó là bằng danh dự về Báo chí và Ngôn ngữ học.	Wikipedia tiếng Việt (vie_wiki_2021, CC BY-SA)	khong	PASS			
mix_kho	41	041_mix_kho.wav	‘’Whiplash’’ tham dự Liên hoan phim Sundance 2014 vào ngày 16 tháng 1 năm 2014.	Wikipedia tiếng Việt (vie_wiki_2021, CC BY-SA)	khong	PASS			
mix_kho	42	042_mix_kho.wav	Toán trinh sát (Trung đoàn 8 Kỵ binh Hoàng gia Ireland 8th King's Royal Irish Hussars) Fortin, p.	Wikipedia tiếng Việt (vie_wiki_2021, CC BY-SA)	khong	khong			
mix_kho	43	043_mix_kho.wav	Agustin Barrios sinh năm 1885 tại ngôi làng nhỏ San Juan Bautista quận Misiones, miền nam Paraguay.	Wikipedia tiếng Việt (vie_wiki_2021, CC BY-SA)	khong	khong			
mix_kho	44	044_mix_kho.wav	Bà cũng là lãnh sự tại Milan (1967–1972) và ở New York (1972–1978).	Wikipedia tiếng Việt (vie_wiki_2021, CC BY-SA)	khong	PASS			
mix_kho	45	045_mix_kho.wav	Ông đã phát triển các tiêu chuẩn về thể lực của DOSAAF và thực hiện chúng vào năm 1966.	Wikipedia tiếng Việt (vie_wiki_2021, CC BY-SA)	khong	khong			
mix_kho	46	046_mix_kho.wav	Các nguồn cũ khác bao gồm Nihon Ryōiki (810–824) và Wamyō Ruijushō (k.	Wikipedia tiếng Việt (vie_wiki_2021, CC BY-SA)	khong	khong			
mix_kho	47	047_mix_kho.wav	Nhiệt kế thủy ngân, thủy ngân chứa bên trong ống thủy tinh mặc dù các chất lựa chọn cho thay thế có thể đáp ứng.	Wikipedia tiếng Việt (vie_wiki_2021, CC BY-SA)	PASS	PASS			
mix_kho	48	048_mix_kho.wav	Bà qua đời ở Caracas vào ngày 9 tháng 2 năm 2011 ở tuổi 87, vì những nguyên nhân tự nhiên.	Wikipedia tiếng Việt (vie_wiki_2021, CC BY-SA)	khong	PASS			
mix_kho	49	049_mix_kho.wav	Bộ truyện xuất hiện lần đầu tiên trên Le Petit Vingtième, một ấn bản bổ sung dành cho thanh thiếu niên của tờ Le Vingtième Siècle vào ngày 10 tháng 1 năm 1929 bằng tiếng Pháp.	Wikipedia tiếng Việt (vie_wiki_2021, CC BY-SA)	khong	khong			
mix_kho	50	050_mix_kho.wav	Quay lại nhìn Dean, Tara vẫn muốn dùng súng bắn chết hắn, mặc cho Jesus bảo cô đừng để ý chí trả thù (cho cái chết của Denise) lấn át.	Wikipedia tiếng Việt (vie_wiki_2021, CC BY-SA)	khong	PASS			
mix_kho	51	051_mix_kho.wav	Dos Ramos làm việc thành công, cho đến khi cô đến RCTV International.	Wikipedia tiếng Việt (vie_wiki_2021, CC BY-SA)	khong	khong			
mix_kho	52	052_mix_kho.wav	Azmin và phe của anh ta trong PKR đã đến Istana Negara vào buổi tối để nói chuyện với Yang di-Pertuan Agong.	Wikipedia tiếng Việt (vie_wiki_2021, CC BY-SA)	khong	khong			
mix_kho	53	053_mix_kho.wav	Cuối năm 1951, ông tình nguyện nhập ngũ vào Quân đội Quốc gia, mang số quân: 52/700.008.	Wikipedia tiếng Việt (vie_wiki_2021, CC BY-SA)	khong	PASS			
mix_kho	54	054_mix_kho.wav	Bản phát hành đầu tiên là bản phối lại của ca khúc Survival "Seeing Is Bel Bel", phát hành vào ngày 6 tháng 3 năm 2009, tiếp theo là "I Don't Know Why".	Wikipedia tiếng Việt (vie_wiki_2021, CC BY-SA)	khong	khong			
mix_kho	55	055_mix_kho.wav	Từ năm 2008 đến 2011, anh có 46 lần ra sân và ghi 2 bàn thắng tại giải vô địch cho Sanga.	Wikipedia tiếng Việt (vie_wiki_2021, CC BY-SA)	khong	PASS			
mix_kho	56	056_mix_kho.wav	Cờ quốc gia của Na Uy (1844-1899), với nhãn hiệu Na Uy và Thụy Điển, "salad cá trích".	Wikipedia tiếng Việt (vie_wiki_2021, CC BY-SA)	khong	khong			
mix_kho	57	057_mix_kho.wav	Lão Đại tá nể phục sự dũng cảm của Spirit khi thấy chú nhảy băng qua vách núi cách quá xa bên kia bờ, lão quyết định sẽ không truy đuổi chú nữa.	Wikipedia tiếng Việt (vie_wiki_2021, CC BY-SA)	khong	khong			
mix_kho	58	058_mix_kho.wav	Abrams đảm nhiệm vị trí giám sát công tác hậu kỳ cho Star Wars: Thần lực thức tỉnh tại trụ sở của Bad Robot Productions ở Santa Monica.	Wikipedia tiếng Việt (vie_wiki_2021, CC BY-SA)	khong	khong			
mix_kho	59	059_mix_kho.wav	Aum đoạt giải 2003 TOP Award dành cho nữ diễn viên chính xuất sắc nhất.	Wikipedia tiếng Việt (vie_wiki_2021, CC BY-SA)	khong	khong			
mix_kho	60	060_mix_kho.wav	Niên hiệu Hoàng Thống (1141 – 1149), Phổ Chiếu soạn hành trạng cuộc đời và viết phó chúc cho môn đệ và đến ngày thứ 20 thì viên tịch.	Wikipedia tiếng Việt (vie_wiki_2021, CC BY-SA)	khong	PASS			
mix_kho	61	061_mix_kho.wav	Anh ra mắt chuyên nghiệp tại Russian Second Division năm 2007 cho F.K.	Wikipedia tiếng Việt (vie_wiki_2021, CC BY-SA)	khong	khong			
mix_kho	62	062_mix_kho.wav	Bắt đầu từ năm 1899, Tomasz Bohdanowicz-Dworzecki trở thành một trong những thành viên của ban xây dựng Moscow.	Wikipedia tiếng Việt (vie_wiki_2021, CC BY-SA)	khong	khong			
mix_kho	63	063_mix_kho.wav	Alix, ba chị em gái, anh trai Ernst ("Ernie") và cha bà ngã bệnh.	Wikipedia tiếng Việt (vie_wiki_2021, CC BY-SA)	khong	khong			
mix_kho	64	064_mix_kho.wav	Cha mẹ anh là Emilio Guzmán Bustillos và María Consuelo Loera Pérez.	Wikipedia tiếng Việt (vie_wiki_2021, CC BY-SA)	khong	khong			
mix_kho	65	065_mix_kho.wav	Cô đã phát hành đĩa nhựa có tên In Fina We Trust, gồm 7 bài hát vào ngày 8 tháng 6 năm 2018.	Wikipedia tiếng Việt (vie_wiki_2021, CC BY-SA)	khong	khong			
mix_kho	66	066_mix_kho.wav	Ấu trùng của họ này sống tự do và hầu hết các loài là săn mồi.	Wikipedia tiếng Việt (vie_wiki_2021, CC BY-SA)	PASS	PASS			
mix_kho	67	067_mix_kho.wav	Chúng hiền lành, thân thiện, thông minh và sống rất tình cảm.	Wikipedia tiếng Việt (vie_wiki_2021, CC BY-SA)	PASS	PASS			
mix_kho	68	068_mix_kho.wav	Phim dựa trên sự kiện có thật, nói về một nhóm trộm tuổi thiếu niên nổi loạn đột nhập vào nhà của một ngôi sao nổi tiếng và phá tanh bành.	Wikipedia tiếng Việt (vie_wiki_2021, CC BY-SA)	PASS	PASS			
mix_kho	69	069_mix_kho.wav	Chỉ áp dụng trên các máy bay Boeing 777-300ER gồm có 6 chỗ ngồi xếp theo cấu hình 1-1-1.	Wikipedia tiếng Việt (vie_wiki_2021, CC BY-SA)	khong	khong			
mix_kho	70	070_mix_kho.wav	Năm 1985, cô phát hành ca khúc "I Know Him So Well" với Barbara Dickson trích từ vở nhạc kịch Chess; Cho đến nay, đây vẫn là bản thu bán chạy nhất của một cặp song ca nữ.	Wikipedia tiếng Việt (vie_wiki_2021, CC BY-SA)	khong	khong			
mix_kho	71	071_mix_kho.wav	Với lệnh này, Quốc hội Frankfurt đã thành lập các văn phòng của (	Wikipedia tiếng Việt (vie_wiki_2021, CC BY-SA)	PASS	PASS			
mix_kho	72	072_mix_kho.wav	Là một nhân vật văn hóa dân gian độc đáo, có thật và là nguyên mẫu nhân vật của nhiều giai thoại.	Wikipedia tiếng Việt (vie_wiki_2021, CC BY-SA)	khong	PASS			
mix_kho	73	073_mix_kho.wav	Anh quay trở về nhà để xem bản tin về một sao chổi mang tên Clarke đang tiến đến gần trái đất, cùng với hàng xóm và gia đình mình.	Wikipedia tiếng Việt (vie_wiki_2021, CC BY-SA)	khong	khong			
mix_kho	74	074_mix_kho.wav	Alan Bagh và Whitney Moore đã xác nhận sẽ tái diễn vai trong phim này.	Wikipedia tiếng Việt (vie_wiki_2021, CC BY-SA)	khong	khong			
mix_kho	75	075_mix_kho.wav	Ở Mỹ, khoảng 2% dân số bị viêm gan siêu vi C, với khoảng 35,000 đến 185,000 ca mới mỗi năm.	Wikipedia tiếng Việt (vie_wiki_2021, CC BY-SA)	khong	khong			
mix_kho	76	076_mix_kho.wav	Bài "Shouting Hymn" trong cuốn Christian Harmony (1805) của Jeremiah Ingalls có giai điệu khá giống.	Wikipedia tiếng Việt (vie_wiki_2021, CC BY-SA)	khong	khong			
mix_kho	77	077_mix_kho.wav	Cô trở thành cô gái Tanzania đầu tiên tham dự cuộc thi Hoa hậu Hoàn vũ và xếp thứ sáu chung cuộc.	Wikipedia tiếng Việt (vie_wiki_2021, CC BY-SA)	khong	khong			
mix_kho	78	078_mix_kho.wav	Hàm số cầu có thể chuyển từ hàm số theo biến P - Q(P) về hàm số theo biến Q - P(Q).	Wikipedia tiếng Việt (vie_wiki_2021, CC BY-SA)	PASS	PASS			
mix_kho	79	079_mix_kho.wav	Đây chính là lý do cho sự xuất hiện của tác phẩm "Concluding Postscript".	Wikipedia tiếng Việt (vie_wiki_2021, CC BY-SA)	PASS	PASS			
mix_kho	80	080_mix_kho.wav	Mục đích của các quảng cáo là để đối chiếu các phiên bản màu trắng và đen của máy.	Wikipedia tiếng Việt (vie_wiki_2021, CC BY-SA)	PASS	PASS			
mix_kho	81	081_mix_kho.wav	Geranium, một nhà hàng ba sao Michelin, nằm trên tầng tám của sân vận động.	Wikipedia tiếng Việt (vie_wiki_2021, CC BY-SA)	khong	khong			
mix_kho	82	082_mix_kho.wav	Sau khi Liên Xô sụp đổ, thành phố trải qua một thời kì khó khăn suốt thập niên 1990.	Wikipedia tiếng Việt (vie_wiki_2021, CC BY-SA)	khong	khong			
mix_kho	83	083_mix_kho.wav	Bà là Giám đốc điều hành của Công ty Dầu khí Quốc gia Uganda.	Wikipedia tiếng Việt (vie_wiki_2021, CC BY-SA)	PASS	PASS			
mix_kho	84	084_mix_kho.wav	Vào ngày 1 tháng 10 năm 2014, voxeljet AG đã tiếp quản công ty Propshop (Model Makers) Ltd.	Wikipedia tiếng Việt (vie_wiki_2021, CC BY-SA)	khong	khong			
mix_kho	85	085_mix_kho.wav	Tuy nhiên thực tế, lời hứa chuyển giao quyền lực trên đã hai lần bị ông Mahathir trì hoãn.	Wikipedia tiếng Việt (vie_wiki_2021, CC BY-SA)	khong	khong			
mix_kho	86	086_mix_kho.wav	Tuy nhiên ngay sau khi Henry I qua đời, Stephen Blois đã chiếm ngai vàng của Matilda.	Wikipedia tiếng Việt (vie_wiki_2021, CC BY-SA)	khong	khong			
mix_kho	87	087_mix_kho.wav	Ai Cập trở thành quốc gia Ả Rập đầu tiên nhận máy bay chiến đấu MiG-21 vào năm 1962, Iraq năm 1963 và Syria năm 1967.	Wikipedia tiếng Việt (vie_wiki_2021, CC BY-SA)	khong	khong			
mix_kho	88	088_mix_kho.wav	Khoảng năm 1526 TCN, Hà Đản Giáp qua đời, Tổ Ất lên nối ngôi.	Wikipedia tiếng Việt (vie_wiki_2021, CC BY-SA)	khong	khong			
mix_kho	89	089_mix_kho.wav	Lúc Việt châu bị mất, Cao Tông không dám lên bờ nữa, phải ăn tết ngay trên thuyền.	Wikipedia tiếng Việt (vie_wiki_2021, CC BY-SA)	PASS	PASS			
mix_kho	90	090_mix_kho.wav	Các quốc gia và lãnh thổ tham gia Hoa hậu Hoàn vũ 2002 và kết quả.	Wikipedia tiếng Việt (vie_wiki_2021, CC BY-SA)	PASS	PASS			
mix_kho	91	091_mix_kho.wav	Phần thứ hai cũng là phần cuối của visual novel này phát hành kèm trong hộp đĩa DVD và Blu-ray biên soạn thứ tám vào ngày 26 tháng 4 năm 2017.	Wikipedia tiếng Việt (vie_wiki_2021, CC BY-SA)	khong	khong			
mix_kho	92	092_mix_kho.wav	Năm 2007, Google bắt đầu tài trợ cho NORAD Tracks Santa, thay thế nhà tài trợ cũ AOL.	Wikipedia tiếng Việt (vie_wiki_2021, CC BY-SA)	khong	khong			
mix_kho	93	093_mix_kho.wav	Franca vừa là đồng tác giả nhiều vở kịch của chồng, vừa là nữ diễn viên chính và chịu trách nhiệm quản lý.	Wikipedia tiếng Việt (vie_wiki_2021, CC BY-SA)	khong	khong			
mix_kho	94	094_mix_kho.wav	Các khu vực xung quanh bao gồm Cowley, Harefield, Ickenham, Uxbridge, West Drayton, Yiewsley, Hayes và Ruislip.	Wikipedia tiếng Việt (vie_wiki_2021, CC BY-SA)	khong	khong			
mix_kho	95	095_mix_kho.wav	Sarah Winchester là vợ góa của nhà sản xuất súng danh tiếng William Wirt Winchester.	Wikipedia tiếng Việt (vie_wiki_2021, CC BY-SA)	khong	khong			
mix_kho	96	096_mix_kho.wav	RAW ra đời khiến cho ảnh số ngày một gần với ảnh tráng phim.	Wikipedia tiếng Việt (vie_wiki_2021, CC BY-SA)	PASS	PASS			
mix_kho	97	097_mix_kho.wav	Bush cũng bổ nhiệm phụ tá của Rice, Stephen Hadley, vào chức vụ cố vấn an ninh quốc gia thay thế Rice.	Wikipedia tiếng Việt (vie_wiki_2021, CC BY-SA)	khong	PASS			
mix_kho	98	098_mix_kho.wav	Từ 1946 tới 1948 ông giảng dạy tại Đại học Georgia, tiếp theo là 3 năm giảng dạy tại Đại học bang Washington.	Wikipedia tiếng Việt (vie_wiki_2021, CC BY-SA)	PASS	PASS			
mix_kho	99	099_mix_kho.wav	Khi Griselda mới chỉ có 3 tuổi, bà cùng mẹ mình quyết định đến Medellin, trung tâm của công nghiệp cocaine tại Colombia.	Wikipedia tiếng Việt (vie_wiki_2021, CC BY-SA)	khong	khong			
mix_kho	100	100_mix_kho.wav	Mô hình SIDE là một sự phát triển gần đây của lý thuyết khử phân tách, đề cập đến mô hình nhận dạng / phân tách xã hội.	Wikipedia tiếng Việt (vie_wiki_2021, CC BY-SA)	PASS	khong			
