bo;stt;engine;loai_lech;dap_an_dung;text_dap_an;text_asr_doc
thuan_viet;2;pho;khác dấu/chính tả dấu;verbal;"hóa";"hoá"
thuan_viet;3;pho;khác dấu/chính tả dấu;verbal;"hòa";"hoà"
thuan_viet;4;pho;từ nghe khác thật;verbal;"dốc";"rốc"
thuan_viet;6;pho;khác dấu/chính tả dấu;verbal;"hóa";"hoá"
thuan_viet;7;v3;liên quan số;verbal;"năm";"5"
thuan_viet;7;v3;liên quan số;verbal;"năm";"5"
thuan_viet;8;v3;từ nghe khác thật;verbal;"ra";"da"
thuan_viet;8;v3;từ nghe khác thật;verbal;"ra";"da"
thuan_viet;8;v3;từ nghe khác thật;verbal;"ra";"da"
thuan_viet;12;v3;từ nghe khác thật;verbal;"trác";"chác"
thuan_viet;13;v3;khác dấu/chính tả dấu;verbal;"đày";"đẩy"
thuan_viet;14;pho;khác dấu/chính tả dấu;verbal;"hóa";"hoá"
thuan_viet;14;pho;khác dấu/chính tả dấu;verbal;"hóa";"hoá"
thuan_viet;15;pho;từ nghe khác thật;verbal;"i";"y"
thuan_viet;15;v3;khác dấu/chính tả dấu;verbal;"phường";"phương"
thuan_viet;15;v3;từ nghe khác thật;verbal;"i";"y"
thuan_viet;19;pho;khác dấu/chính tả dấu;verbal;"hóa";"hoá"
thuan_viet;23;pho;từ nghe khác thật;verbal;"ty";"ti"
thuan_viet;23;v3;từ nghe khác thật;verbal;"ty";"ti"
thuan_viet;26;pho;từ nghe khác thật;verbal;"chỉnh";"trình"
thuan_viet;26;pho;khác dấu/chính tả dấu;verbal;"sắp";"sáp"
thuan_viet;26;v3;từ nghe khác thật;verbal;"chỉnh";"trình"
thuan_viet;26;v3;khác dấu/chính tả dấu;verbal;"lặp";"lập"
thuan_viet;26;v3;khác dấu/chính tả dấu;verbal;"lặp";"lập"
thuan_viet;27;pho;từ nghe khác thật;verbal;"b c d";"bi si đi"
thuan_viet;29;pho;từ nghe khác thật;verbal;"i";"y"
thuan_viet;29;v3;từ nghe khác thật;verbal;"i";"y"
thuan_viet;30;pho;từ nghe khác thật;verbal;"lí";"lý"
thuan_viet;30;pho;từ nghe khác thật;verbal;"lí";"lý"
thuan_viet;30;v3;từ nghe khác thật;verbal;"lí";"lý"
thuan_viet;30;v3;từ nghe khác thật;verbal;"vào";"và"
thuan_viet;30;v3;từ nghe khác thật;verbal;"lí";"lý"
thuan_viet;33;pho;từ nghe khác thật;verbal;"ét ê";"e tê"
thuan_viet;33;v3;khác dấu/chính tả dấu;verbal;"bẩm";"bầm"
thuan_viet;33;v3;từ nghe khác thật;verbal;"ét ê";"e t"
thuan_viet;36;pho;khác dấu/chính tả dấu;verbal;"từ";"tử"
thuan_viet;36;v3;khác dấu/chính tả dấu;verbal;"từ";"tử"
thuan_viet;38;pho;từ nghe khác thật;verbal;"địa";"điện"
thuan_viet;38;v3;từ nghe khác thật;verbal;"địa";"điện"
thuan_viet;40;pho;từ nghe khác thật;verbal;"km";"khe em"
thuan_viet;40;v3;từ nghe khác thật;verbal;"dồn";"rồn"
thuan_viet;41;pho;từ nghe khác thật;verbal;"to";"tư"
thuan_viet;41;v3;khác dấu/chính tả dấu;verbal;"trẻo";"trèo"
thuan_viet;41;v3;từ nghe khác thật;verbal;"to";"tu"
thuan_viet;48;v3;liên quan số;goc;"xx";"20"
thuan_viet;49;v3;khác dấu/chính tả dấu;verbal;"phì";"phi"
thuan_viet;50;v3;chép gần đúng tên riêng;verbal;"chánh";"tránh"
thuan_viet;50;v3;từ nghe khác thật;verbal;"uẩn";"quẩn"
thuan_viet;51;pho;khác dấu/chính tả dấu;verbal;"thiền";"thiên"
thuan_viet;51;pho;khác dấu/chính tả dấu;verbal;"tọa";"toạ"
thuan_viet;51;pho;khác dấu/chính tả dấu;verbal;"tọa";"toạ"
thuan_viet;55;pho;từ nghe khác thật;verbal;"cáo";"cáu"
thuan_viet;55;pho;từ nghe khác thật;verbal;"ráo";"giáo"
thuan_viet;55;v3;từ nghe khác thật;verbal;"uẩn";"quẩn"
thuan_viet;55;v3;từ nghe khác thật;verbal;"ráo";"giáo"
thuan_viet;55;v3;từ nghe khác thật;verbal;"răn";"dân"
thuan_viet;59;v3;từ nghe khác thật;verbal;"muội";"mụi"
thuan_viet;59;v3;từ nghe khác thật;verbal;"báng";"bán"
thuan_viet;60;pho;khác dấu/chính tả dấu;goc;"tòa";"toà"
thuan_viet;60;pho;từ nghe khác thật;goc;"icj";"ecj"
thuan_viet;60;pho;khác dấu/chính tả dấu;goc;"tòa";"toà"
thuan_viet;60;v3;từ nghe khác thật;goc;"icj";"ecj"
thuan_viet;61;pho;khác dấu/chính tả dấu;verbal;"hủy";"huỷ"
thuan_viet;62;pho;từ nghe khác thật;verbal;"rôman";"armen"
thuan_viet;62;v3;từ nghe khác thật;verbal;"rôman";"ahriman"
thuan_viet;63;pho;từ nghe khác thật;verbal;"g";"duy"
thuan_viet;63;pho;từ nghe khác thật;verbal;"g";"duy"
thuan_viet;63;pho;từ nghe khác thật;verbal;"i bịa";"y biện"
thuan_viet;63;v3;khác dấu/chính tả dấu;verbal;"già";"giả"
thuan_viet;63;v3;từ nghe khác thật;verbal;"i bịa chìa";"y biện chỉ ở"
thuan_viet;65;pho;từ nghe khác thật;verbal;"châu";"trâu"
thuan_viet;74;pho;khác dấu/chính tả dấu;verbal;"hóa";"hoá"
thuan_viet;76;pho;từ nghe khác thật;verbal;"dharmagupta";"đamma gốc ta"
thuan_viet;76;pho;từ nghe khác thật;verbal;"moggallàna";"mo gong na"
thuan_viet;76;v3;từ nghe khác thật;verbal;"dharmagupta";"đama gupta"
thuan_viet;76;v3;từ nghe khác thật;verbal;"moggallàna";"morgana"
thuan_viet;79;v3;từ nghe khác thật;verbal;"xấp";"sắp"
thuan_viet;82;v3;từ nghe khác thật;verbal;"trú";"chú"
thuan_viet;84;pho;từ nghe khác thật;verbal;"sỹ";"sĩ"
thuan_viet;84;pho;từ nghe khác thật;verbal;"efta";"ép ta"
thuan_viet;84;v3;từ nghe khác thật;verbal;"sỹ";"sĩ"
thuan_viet;85;pho;từ nghe khác thật;verbal;"chữ";"chữa"
thuan_viet;88;v3;khác dấu/chính tả dấu;verbal;"thềm";"thèm"
thuan_viet;90;pho;từ nghe khác thật;verbal;"trừ kì";"chữ kỳ"
thuan_viet;90;v3;từ nghe khác thật;verbal;"kì";"kỳ"
thuan_viet;93;pho;từ nghe khác thật;verbal;"trấn đặt";"chấn đạt"
thuan_viet;93;pho;từ nghe khác thật;verbal;"trấn";"chấn"
thuan_viet;93;pho;từ nghe khác thật;verbal;"trấn";"chấn"
thuan_viet;93;v3;từ nghe khác thật;verbal;"trấn";"chấn"
thuan_viet;93;v3;từ nghe khác thật;verbal;"trấn";"chấn"
thuan_viet;93;v3;từ nghe khác thật;verbal;"trấn";"chấn"
thuan_viet;96;pho;khác dấu/chính tả dấu;verbal;"phù";"phủ"
thuan_viet;96;pho;ASR bỏ mất từ;verbal;"ê";""
thuan_viet;96;v3;khác dấu/chính tả dấu;goc;"phù sa";"phủ et"
thuan_viet;98;pho;từ nghe khác thật;verbal;"râu";"dâu"
thuan_viet;98;pho;từ nghe khác thật;verbal;"chỏm";"trỏm"
thuan_viet;98;v3;khác dấu/chính tả dấu;verbal;"cẩu";"cầu"
thuan_viet;98;v3;khác dấu/chính tả dấu;verbal;"cẩu râu";"cầu dâu"
thuan_viet;98;v3;khác dấu/chính tả dấu;verbal;"cẩu";"cầu"
thuan_viet;98;v3;từ nghe khác thật;verbal;"chỏm";"trỏm"
thuan_viet;100;v3;liên quan số;verbal;"hai";"2"
thuan_anh;1;pho;liên quan số;goc;"29";"29th"
thuan_anh;2;pho;từ nghe khác thật;goc;"the";"a"
thuan_anh;3;pho;liên quan số;goc;"1901 3";"1923"
thuan_anh;3;v3;liên quan số;goc;"1901";"1912"
thuan_anh;4;pho;chép gần đúng tên riêng;goc;"biltmore";"billmore"
thuan_anh;5;pho;ASR chèn thừa từ;verbal;"";"the"
thuan_anh;5;pho;chép gần đúng tên riêng;verbal;"group";"groups"
thuan_anh;7;pho;liên quan số;goc;"fourth";"4th"
thuan_anh;7;pho;từ nghe khác thật;goc;"metalcore";"metal core"
thuan_anh;7;pho;chép gần đúng tên riêng;goc;"walls";"wales"
thuan_anh;7;pho;từ nghe khác thật;goc;"jericho";"jerry cole"
thuan_anh;7;pho;liên quan số;goc;"29";"29th"
thuan_anh;7;pho;từ nghe khác thật;goc;"trustkill";"trust kill"
thuan_anh;7;v3;chép gần đúng tên riêng;goc;"trustkill";"truskill"
thuan_anh;8;pho;ASR bỏ mất từ;verbal;"s";""
thuan_anh;8;pho;từ nghe khác thật;verbal;"m t c";"mtc"
thuan_anh;8;pho;ASR bỏ mất từ;verbal;"gave twelve million dollars";""
thuan_anh;8;v3;liên quan số;goc;"6 4";"64"
thuan_anh;10;pho;chép gần đúng tên riêng;goc;"center";"centre"
thuan_anh;10;pho;từ nghe khác thật;goc;"southcentral";"south central"
thuan_anh;10;pho;liên quan số;goc;"1949";"194949"
thuan_anh;10;v3;từ nghe khác thật;goc;"southcentral";"south central"
thuan_anh;11;pho;từ nghe khác thật;goc;"de prisiones ovp";"their prisons o vp"
thuan_anh;11;v3;chép gần đúng tên riêng;goc;"prisiones";"prisons"
thuan_anh;12;pho;ASR bỏ mất từ;goc;"u";""
thuan_anh;12;pho;khác dấu/chính tả dấu;goc;"cup";"cúp"
thuan_anh;12;pho;từ nghe khác thật;goc;"afc u";"infc"
thuan_anh;12;pho;khác dấu/chính tả dấu;goc;"cup";"cúp"
thuan_anh;12;pho;từ nghe khác thật;goc;"waff";"wff"
thuan_anh;12;pho;từ nghe khác thật;goc;"championship";"champion ship"
thuan_anh;12;pho;ASR bỏ mất từ;goc;"were runners up in 2022";""
thuan_anh;12;v3;ASR bỏ mất từ;goc;"u";""
thuan_anh;12;v3;ASR bỏ mất từ;goc;"u";""
thuan_anh;12;v3;từ nghe khác thật;goc;"waff u 18";"wff u18"
thuan_anh;13;pho;từ nghe khác thật;verbal;"four";"pho"
thuan_anh;13;pho;từ nghe khác thật;verbal;"involucral";"in volatile"
thuan_anh;16;pho;liên quan số;goc;"seven";"7"
thuan_anh;16;pho;liên quan số;goc;"two";"2"
thuan_anh;18;pho;từ nghe khác thật;verbal;"car spotters";"carspotters"
thuan_anh;20;pho;liên quan số;goc;"1880";"1890"
thuan_anh;20;v3;liên quan số;goc;"1880";"1890"
thuan_anh;21;pho;từ nghe khác thật;verbal;"tylorhaphe";"thai lo half"
thuan_anh;21;pho;từ nghe khác thật;verbal;"top";"thob"
thuan_anh;21;v3;từ nghe khác thật;verbal;"tylorhaphe";"tylohalf"
thuan_anh;22;pho;chép gần đúng tên riêng;verbal;"kilometers";"kilometres"
thuan_anh;22;pho;từ nghe khác thật;verbal;"esh cornsay colliery esh winning";"ash kôn sê sô lê ash weening"
thuan_anh;22;pho;từ nghe khác thật;verbal;"langley";"lang li"
thuan_anh;22;v3;từ nghe khác thật;goc;"km";"kilometers"
thuan_anh;22;v3;từ nghe khác thật;goc;"esh cornsay colliery esh";"esch kornsee solier esch"
thuan_anh;23;pho;chép gần đúng tên riêng;verbal;"lands";"land"
thuan_anh;23;pho;từ nghe khác thật;verbal;"suffolk";"southwark"
thuan_anh;23;pho;chép gần đúng tên riêng;verbal;"bigod";"bigot"
thuan_anh;23;v3;chép gần đúng tên riêng;verbal;"bigod";"bigard"
thuan_anh;25;pho;liên quan số;goc;"00 pm et";"zero p m etty"
thuan_anh;25;pho;ASR bỏ mất từ;goc;"television network";""
thuan_anh;25;v3;từ nghe khác thật;goc;"pm";"p m"
thuan_anh;28;pho;từ nghe khác thật;goc;"holdfast bay";"hầu phát bài"
thuan_anh;28;pho;ASR bỏ mất từ;goc;"percent";""
thuan_anh;28;pho;ASR bỏ mất từ;goc;"percent";""
thuan_anh;28;v3;từ nghe khác thật;goc;"bay labor";"buy labour"
thuan_anh;28;v3;ASR bỏ mất từ;goc;"percent";""
thuan_anh;28;v3;ASR bỏ mất từ;goc;"percent";""
thuan_anh;29;v3;liên quan số;verbal;"two";"2"
thuan_anh;32;pho;từ nghe khác thật;verbal;"kristnitaka";"kristní thaka"
thuan_anh;32;v3;chép gần đúng tên riêng;verbal;"kristnitaka";"krishnitaka"
thuan_anh;33;pho;từ nghe khác thật;verbal;"dholera";"dora"
thuan_anh;33;v3;từ nghe khác thật;verbal;"dholera";"dora"
thuan_anh;34;pho;liên quan số;goc;"ten";"10"
thuan_anh;34;pho;từ nghe khác thật;goc;"thirty haiku";"thơ đi hai cừu"
thuan_anh;34;v3;liên quan số;goc;"ten";"10"
thuan_anh;34;v3;liên quan số;goc;"thirty";"30"
thuan_anh;35;pho;liên quan số;goc;"1918";"1919"
thuan_anh;35;pho;từ nghe khác thật;goc;"number id";"no 8"
thuan_anh;35;v3;từ nghe khác thật;goc;"id";"ead"
thuan_anh;36;v3;chép gần đúng tên riêng;goc;"privatisation";"privatization"
thuan_anh;37;pho;từ nghe khác thật;verbal;"biltmore s";"bill moores"
thuan_anh;38;pho;từ nghe khác thật;goc;"and third baseman";"in 3rd basemen"
thuan_anh;38;pho;liên quan số;goc;"ten";"10"
thuan_anh;38;pho;liên quan số;goc;"1 270";"1270"
thuan_anh;38;pho;liên quan số;goc;"three";"3"
thuan_anh;38;v3;liên quan số;goc;"ten";"10"
thuan_anh;38;v3;liên quan số;goc;"1946";"1 946"
thuan_anh;38;v3;liên quan số;goc;"1954";"1 954"
thuan_anh;39;pho;từ nghe khác thật;verbal;"aci 212 3r";"acai"
thuan_anh;39;pho;từ nghe khác thật;verbal;"admixtures";"endemics to risk"
thuan_anh;39;v3;từ nghe khác thật;verbal;"aci 212 3r";"assai"
thuan_anh;40;pho;từ nghe khác thật;verbal;"brandauer";"britney lewis"
thuan_anh;40;v3;từ nghe khác thật;verbal;"brandauer";"barry newell"
thuan_anh;41;pho;chép gần đúng tên riêng;verbal;"theater";"theatre"
thuan_anh;42;pho;từ nghe khác thật;goc;"nederlander";"netherland"
thuan_anh;42;pho;ASR chèn thừa từ;goc;"";"dollars"
thuan_anh;42;pho;từ nghe khác thật;goc;"lease";"list"
thuan_anh;42;pho;liên quan số;goc;"1984";"1994"
thuan_anh;42;v3;chép gần đúng tên riêng;goc;"organization";"organisation"
thuan_anh;43;pho;từ nghe khác thật;goc;"katyar kaljat ghusali";"katie káo ját gửi dạ ly"
thuan_anh;43;pho;chép gần đúng tên riêng;goc;"marathi";"marotti"
thuan_anh;43;pho;từ nghe khác thật;goc;"subodh bhave";"sabot baev"
thuan_anh;43;pho;từ nghe khác thật;goc;"purushottam darvhekar";"pirashotam davíká"
thuan_anh;43;v3;chép gần đúng tên riêng;goc;"katyar kaljat ghusali";"katya khaljadguzali"
thuan_anh;43;v3;chép gần đúng tên riêng;goc;"marathi";"marotti"
thuan_anh;43;v3;từ nghe khác thật;goc;"subodh bhave";"sabbat baif"
thuan_anh;43;v3;chép gần đúng tên riêng;goc;"purushottam darvhekar";"purochottam darvika"
thuan_anh;44;pho;từ nghe khác thật;verbal;"shivers";"chivas"
thuan_anh;44;pho;liên quan số;verbal;"three";"3"
thuan_anh;45;pho;từ nghe khác thật;verbal;"jeanne de navarre";"gene gennavar"
thuan_anh;45;pho;từ nghe khác thật;verbal;"jean le noir";"gene lenoir"
thuan_anh;45;v3;chép gần đúng tên riêng;verbal;"jeanne";"jean"
thuan_anh;45;v3;từ nghe khác thật;verbal;"le noir";"lenoir"
thuan_anh;46;pho;từ nghe khác thật;goc;"krapp";"craft"
thuan_anh;46;v3;từ nghe khác thật;goc;"krapp";"crab"
thuan_anh;47;pho;liên quan số;goc;"2";"to"
thuan_anh;48;pho;chép gần đúng tên riêng;goc;"alan";"allen"
thuan_anh;48;pho;chép gần đúng tên riêng;goc;"ryan";"bryant"
thuan_anh;48;pho;chép gần đúng tên riêng;goc;"october";"oktober"
thuan_anh;48;pho;từ nghe khác thật;goc;"footballer";"nfl"
thuan_anh;48;pho;từ nghe khác thật;goc;"collingwood";"colin wood"
thuan_anh;48;v3;từ nghe khác thật;goc;"footballer";"nfl"
thuan_anh;49;pho;liên quan số;goc;"ten";"10"
thuan_anh;49;pho;từ nghe khác thật;goc;"i";"it"
thuan_anh;49;v3;liên quan số;verbal;"ten";"10"
thuan_anh;49;v3;liên quan số;verbal;"nineteen seventy";"1970"
thuan_anh;49;v3;từ nghe khác thật;verbal;"i";"he"
thuan_anh;50;pho;liên quan số;goc;"1988";"1998"
thuan_anh;50;pho;từ nghe khác thật;goc;"nollendorfs";"nolan dobs"
thuan_anh;50;v3;liên quan số;goc;"1988";"1998"
thuan_anh;50;v3;chép gần đúng tên riêng;goc;"nollendorfs";"nolendorf"
thuan_anh;51;pho;ASR bỏ mất từ;verbal;"servicemen";""
thuan_anh;52;pho;chép gần đúng tên riêng;verbal;"modeling";"modelling"
thuan_anh;53;pho;chép gần đúng tên riêng;goc;"sinton hobson";"syngton hodgson"
thuan_anh;53;pho;liên quan số;goc;"1925 9";"1929"
thuan_anh;53;pho;liên quan số;goc;"first";"1st"
thuan_anh;53;pho;ASR bỏ mất từ;goc;"cricketer and";""
thuan_anh;53;v3;từ nghe khác thật;goc;"cricketer";"surrogate"
thuan_anh;54;pho;liên quan số;goc;"5th";"5 th"
thuan_anh;54;pho;từ nghe khác thật;goc;"foulis";"phú lýs"
thuan_anh;54;v3;ASR chèn thừa từ;goc;"";"tej"
thuan_anh;54;v3;chép gần đúng tên riêng;goc;"foulis";"fulies"
thuan_anh;55;pho;từ nghe khác thật;goc;"suvcw";"usu vcw"
thuan_anh;55;v3;từ nghe khác thật;goc;"suvcw";"usul vcw"
thuan_anh;56;pho;từ nghe khác thật;goc;"gulf quebec";"golf quebéc"
thuan_anh;56;pho;từ nghe khác thật;goc;"mackenzie";"mccainney"
thuan_anh;57;pho;chép gần đúng tên riêng;verbal;"anguiano";"anghiano"
thuan_anh;57;v3;chép gần đúng tên riêng;verbal;"anguiano";"anguillano"
thuan_anh;58;pho;từ nghe khác thật;goc;"sia s song";"just sung"
thuan_anh;58;v3;liên quan số;goc;"nine";"9"
thuan_anh;58;v3;từ nghe khác thật;goc;"sia s song";"just some"
thuan_anh;59;pho;từ nghe khác thật;goc;"scrapped";"scrap"
thuan_anh;61;pho;từ nghe khác thật;goc;"polycarboxylates";"polycarb oxalate"
thuan_anh;61;pho;từ nghe khác thật;goc;"pce";"pca"
thuan_anh;61;pho;chép gần đúng tên riêng;goc;"chains";"chain"
thuan_anh;61;pho;từ nghe khác thật;goc;"generation";"gen"
thuan_anh;61;v3;từ nghe khác thật;goc;"pce";"pca"
thuan_anh;62;pho;từ nghe khác thật;verbal;"pelingotto";"pa linh go tho"
thuan_anh;62;pho;từ nghe khác thật;verbal;"quit";"quitted"
thuan_anh;62;v3;chép gần đúng tên riêng;verbal;"pelingotto";"pellingotto"
thuan_anh;63;pho;liên quan số;goc;"fifteen";"15"
thuan_anh;63;v3;liên quan số;goc;"fifteen";"15"
thuan_anh;64;pho;ASR bỏ mất từ;verbal;"haeber s";""
thuan_anh;64;v3;ASR bỏ mất từ;verbal;"haeber s";""
thuan_anh;65;pho;từ nghe khác thật;goc;"gigs";"gig"
thuan_anh;65;v3;liên quan số;goc;"1200";"1 200"
thuan_anh;66;pho;từ nghe khác thật;goc;"ptrs";"peter red"
thuan_anh;66;pho;từ nghe khác thật;goc;"mri";"memory"
thuan_anh;66;v3;từ nghe khác thật;goc;"mri";"mammary"
thuan_anh;67;pho;từ nghe khác thật;verbal;"though";"tho"
thuan_anh;68;pho;từ nghe khác thật;goc;"male";"mail"
thuan_anh;68;pho;ASR chèn thừa từ;goc;"";"a"
thuan_anh;68;pho;từ nghe khác thật;goc;"innisfail";"in nitsville"
thuan_anh;69;pho;từ nghe khác thật;verbal;"abbott s";"i bet"
thuan_anh;69;pho;chép gần đúng tên riêng;verbal;"biltmore";"billmore"
thuan_anh;70;pho;từ nghe khác thật;verbal;"pinnatipartite";"pin a hypothet"
thuan_anh;70;v3;từ nghe khác thật;verbal;"pinnatipartite";"pinotipotite"
thuan_anh;71;pho;chép gần đúng tên riêng;goc;"democrats";"democrat"
thuan_anh;72;pho;liên quan số;goc;"2";"thru"
thuan_anh;72;pho;từ nghe khác thật;goc;"keselowski";"katulowski"
thuan_anh;72;pho;liên quan số;goc;"second";"2nd"
thuan_anh;72;pho;từ nghe khác thật;goc;"no";"know"
thuan_anh;72;v3;liên quan số;goc;"2 car";"to carr"
thuan_anh;73;pho;chép gần đúng tên riêng;verbal;"nizaris";"nizoris"
thuan_anh;74;pho;từ nghe khác thật;goc;"aere";"air"
thuan_anh;74;v3;từ nghe khác thật;goc;"aere";"air"
thuan_anh;74;v3;chép gần đúng tên riêng;goc;"centre";"center"
thuan_anh;75;pho;liên quan số;verbal;"tenth";"10th"
thuan_anh;75;pho;từ nghe khác thật;verbal;"ciampi played";"chompey play"
thuan_anh;75;pho;từ nghe khác thật;verbal;"joel h";"old age"
thuan_anh;75;v3;liên quan số;verbal;"tenth";"10th"
thuan_anh;75;v3;từ nghe khác thật;verbal;"joe ciampi played";"joel chompy play"
thuan_anh;76;pho;từ nghe khác thật;verbal;"electropositive";"illusory roblosily with"
thuan_anh;76;pho;chép gần đúng tên riêng;verbal;"stoner";"stoners"
thuan_anh;76;pho;từ nghe khác thật;verbal;"kaimmer";"caimans"
thuan_anh;76;pho;chép gần đúng tên riêng;verbal;"brill";"bryill"
thuan_anh;76;v3;từ nghe khác thật;verbal;"electropositive";"elucidable zdv"
thuan_anh;76;v3;từ nghe khác thật;verbal;"kaimmer";"cahim"
thuan_anh;77;pho;từ nghe khác thật;verbal;"eamon downes a k a";"yemen dance aka"
thuan_anh;77;v3;từ nghe khác thật;verbal;"liquid";"lickwood"
thuan_anh;77;v3;chép gần đúng tên riêng;verbal;"downes a k a";"downs acre"
thuan_anh;78;pho;chép gần đúng tên riêng;verbal;"shorts";"short"
thuan_anh;78;v3;ASR chèn thừa từ;verbal;"";"s"
thuan_anh;80;pho;chép gần đúng tên riêng;goc;"philippine";"philippines"
thuan_anh;80;pho;từ nghe khác thật;goc;"gma";"jm"
thuan_anh;80;v3;từ nghe khác thật;goc;"gma";"jaylema"
thuan_anh;81;pho;liên quan số;goc;"2 3 1991";"221991"
thuan_anh;81;v3;từ nghe khác thật;goc;"sunbank";"sun bank"
thuan_anh;81;v3;ASR chèn thừa từ;goc;"";"2"
thuan_anh;82;pho;chép gần đúng tên riêng;goc;"harriet were";"hariet wall"
thuan_anh;82;v3;chép gần đúng tên riêng;goc;"harriet were";"harriette waugh"
thuan_anh;83;pho;liên quan số;goc;"2";"to"
thuan_anh;84;pho;từ nghe khác thật;verbal;"murchison";"merchandise"
thuan_anh;85;pho;liên quan số;goc;"1980";"1990"
thuan_anh;85;pho;từ nghe khác thật;goc;"footballer";"rapper"
thuan_anh;85;pho;từ nghe khác thật;goc;"eerste divisie clubs stormvogels";"israel dvc club storm vojo s"
thuan_anh;85;v3;liên quan số;goc;"1980";"1990"
thuan_anh;85;v3;từ nghe khác thật;goc;"eerste divisie clubs stormvogels";"eredivisie club s storm vojo s"
thuan_anh;86;pho;chép gần đúng tên riêng;verbal;"increased";"increase"
thuan_anh;86;pho;chép gần đúng tên riêng;verbal;"sector";"sectors"
thuan_anh;87;v3;từ nghe khác thật;goc;"vpro";"vp role"
thuan_anh;90;pho;từ nghe khác thật;goc;"lead";"led"
thuan_anh;90;pho;từ nghe khác thật;goc;"corvette";"covert"
thuan_anh;90;pho;liên quan số;goc;"one";"1"
thuan_anh;90;v3;ASR bỏ mất từ;goc;"1977 1983";""
thuan_anh;90;v3;ASR chèn thừa từ;goc;"";"s"
thuan_anh;90;v3;từ nghe khác thật;goc;"one";"won"
thuan_anh;91;pho;từ nghe khác thật;goc;"perreault casgrain o c c r";"parole casgraine ocksia"
thuan_anh;91;pho;liên quan số;goc;"18 1898";"18th 1890 and"
thuan_anh;91;pho;liên quan số;goc;"26";"26th"
thuan_anh;91;v3;chép gần đúng tên riêng;goc;"perreault casgrain o c c r";"perrault cascrain arc cr"
thuan_anh;91;v3;liên quan số;goc;"1898";"1890 at"
thuan_anh;92;pho;từ nghe khác thật;goc;"chinook";"she nooked"
thuan_anh;92;pho;từ nghe khác thật;goc;"are reared";"or reeled"
thuan_anh;92;pho;từ nghe khác thật;goc;"sub station";"substation"
thuan_anh;92;pho;từ nghe khác thật;goc;"nfh";"anna phage"
thuan_anh;92;pho;từ nghe khác thật;goc;"shasta";"charster"
thuan_anh;92;v3;từ nghe khác thật;goc;"sub station";"substation"
thuan_anh;92;v3;từ nghe khác thật;goc;"nfh";"and affedge"
thuan_anh;93;pho;chép gần đúng tên riêng;goc;"loving you";"lovin u"
thuan_anh;93;pho;từ nghe khác thật;goc;"song";"sung"
thuan_anh;93;pho;ASR bỏ mất từ;goc;"released in 1970 on the album led zeppelin iii";""
thuan_anh;93;v3;từ nghe khác thật;goc;"song";"sung"
thuan_anh;94;pho;chép gần đúng tên riêng;goc;"rhondda cynon";"ronda sign on"
thuan_anh;94;pho;chép gần đúng tên riêng;goc;"elections";"election"
thuan_anh;94;v3;từ nghe khác thật;goc;"rhondda cynon";"rwanda sign on"
thuan_anh;94;v3;liên quan số;goc;"five";"5"
thuan_anh;95;pho;chép gần đúng tên riêng;goc;"batsman";"batman"
thuan_anh;95;pho;từ nghe khác thật;goc;"northamptonshire";"norwich amy"
thuan_anh;95;pho;liên quan số;goc;"fourth";"4th"
thuan_anh;95;pho;từ nghe khác thật;goc;"championship";"champion ship"
thuan_anh;95;v3;từ nghe khác thật;goc;"northamptonshire";"northampton"
thuan_anh;95;v3;liên quan số;goc;"fourth";"4th"
thuan_anh;95;v3;ASR bỏ mất từ;goc;"1956";""
thuan_anh;96;pho;từ nghe khác thật;goc;"viviroma";"vivi roma"
thuan_anh;96;pho;từ nghe khác thật;goc;"teleambiente";"telemedyna"
thuan_anh;96;pho;từ nghe khác thật;goc;"teledonna";"telenedena"
thuan_anh;96;v3;từ nghe khác thật;goc;"teleambiente";"telangana"
thuan_anh;96;v3;từ nghe khác thật;goc;"teledonna";"telangana"
thuan_anh;97;pho;chép gần đúng tên riêng;goc;"guineas";"guinea"
thuan_anh;97;pho;liên quan số;goc;"first";"1st"
thuan_anh;97;pho;liên quan số;goc;"three year old";"3 y o"
thuan_anh;97;pho;từ nghe khác thật;goc;"st";"street"
thuan_anh;97;pho;ASR bỏ mất từ;goc;"s";""
thuan_anh;97;v3;liên quan số;goc;"three";"3"
thuan_anh;98;pho;ASR bỏ mất từ;goc;"4head";""
thuan_anh;98;pho;liên quan số;goc;"28";"20th"
thuan_anh;98;v3;ASR bỏ mất từ;goc;"4head";""
thuan_anh;99;pho;từ nghe khác thật;verbal;"castle";"cassell"
thuan_anh;99;pho;từ nghe khác thật;verbal;"feeney";"philly"
thuan_anh;99;v3;chép gần đúng tên riêng;verbal;"feeney";"finney"
thuan_anh;100;pho;liên quan số;goc;"2007 08";"2017"
thuan_anh;100;pho;từ nghe khác thật;goc;"jean prat";"gene brad"
thuan_anh;100;pho;chép gần đúng tên riêng;goc;"colomiers";"colomere"
thuan_anh;100;v3;liên quan số;verbal;"two thousand seven to eight";"2017 18"
thuan_anh;100;v3;từ nghe khác thật;verbal;"jean prat";"gene pratt"
thuan_anh;100;v3;từ nghe khác thật;verbal;"colomiers";"columnar"
mix_de;7;pho;từ nghe khác thật;verbal;"h n x";"hyn si"
mix_de;7;v3;từ nghe khác thật;goc;"hnx";"hinesi"
mix_de;7;v3;ASR chèn thừa từ;goc;"";"âm"
mix_de;9;pho;từ nghe khác thật;verbal;"nôít rên";"ăn thi trên"
mix_de;9;v3;từ nghe khác thật;goc;"nôít rên";"nt trên"
mix_de;10;v3;từ nghe khác thật;goc;"xúc";"súc"
mix_de;10;v3;chép gần đúng tên riêng;goc;"hormone";"hormôn"
mix_de;11;pho;chép gần đúng tên riêng;verbal;"nghìn";"ngàn"
mix_de;13;pho;từ nghe khác thật;verbal;"rải";"giải"
mix_de;13;v3;từ nghe khác thật;goc;"rải";"giải"
mix_de;15;pho;chép gần đúng tên riêng;verbal;"nghìn";"ngàn"
mix_de;20;pho;từ nghe khác thật;verbal;"tọa";"toại"
mix_de;20;v3;từ nghe khác thật;goc;"tọa";"toạn"
mix_de;20;v3;liên quan số;goc;"03";"độ 3"
mix_de;20;v3;liên quan số;goc;"06";"6 độ"
mix_de;23;pho;khác dấu/chính tả dấu;verbal;"kỷ";"kỳ"
mix_de;23;pho;khác dấu/chính tả dấu;verbal;"kỷ mảo kỷ";"kỳ mão kỳ"
mix_de;23;pho;khác dấu/chính tả dấu;verbal;"kỷ";"kỳ"
mix_de;23;pho;khác dấu/chính tả dấu;verbal;"kỷ";"kỳ"
mix_de;23;pho;khác dấu/chính tả dấu;verbal;"kỷ";"kỳ"
mix_de;23;v3;khác dấu/chính tả dấu;verbal;"kỷ sửu kỷ mảo kỷ tỵ kỷ";"kỳ xử kỳ màu kỳ tị kỳ"
mix_de;23;v3;khác dấu/chính tả dấu;verbal;"kỷ dậu kỷ";"kỳ rộng kỳ"
mix_de;24;v3;ASR chèn thừa từ;goc;"";"tháng"
mix_de;25;v3;từ nghe khác thật;verbal;"dại";"dạy"
mix_de;27;v3;liên quan số;goc;"iii";"3"
mix_de;28;pho;từ nghe khác thật;verbal;"tọa";"toại"
mix_de;28;v3;từ nghe khác thật;goc;"tọa";"toạn"
mix_de;28;v3;ASR chèn thừa từ;goc;"";"độ"
mix_de;28;v3;liên quan số;goc;"06";"6 độ"
mix_de;29;v3;liên quan số;goc;"ba";"3"
mix_de;31;pho;từ nghe khác thật;verbal;"toạ";"toại"
mix_de;31;pho;ASR bỏ mất từ;verbal;"20 14";""
mix_de;31;pho;ASR bỏ mất từ;verbal;"20 24";""
mix_de;31;pho;ASR bỏ mất từ;verbal;"105 29";""
mix_de;31;pho;ASR bỏ mất từ;verbal;"105 44";""
mix_de;31;v3;khác dấu/chính tả dấu;verbal;"toạ";"tọa"
mix_de;31;v3;ASR bỏ mất từ;verbal;"20 14";""
mix_de;31;v3;ASR bỏ mất từ;verbal;"20 24";""
mix_de;31;v3;ASR bỏ mất từ;verbal;"105 29";""
mix_de;31;v3;ASR bỏ mất từ;verbal;"105 44";""
mix_de;32;v3;từ nghe khác thật;goc;"vn";"việt nam"
mix_de;33;pho;chép gần đúng tên riêng;verbal;"nghìn";"ngàn"
mix_de;33;pho;chép gần đúng tên riêng;verbal;"nghìn";"ngàn"
mix_de;33;v3;từ nghe khác thật;goc;"teens";"tin"
mix_de;35;v3;liên quan số;goc;"04 22202828 máy lẻ";"04222 02828"
mix_de;35;v3;liên quan số;goc;"4238";"4230"
mix_de;40;pho;chép gần đúng tên riêng;verbal;"teresa";"theresa"
mix_de;42;pho;từ nghe khác thật;verbal;"tọa";"toại"
mix_de;42;v3;từ nghe khác thật;goc;"tọa";"toạn"
mix_de;42;v3;ASR chèn thừa từ;goc;"";"độ"
mix_de;42;v3;liên quan số;goc;"05";"5 độ"
mix_de;44;pho;từ nghe khác thật;verbal;"rọt";"giọt"
mix_de;44;v3;từ nghe khác thật;verbal;"rọt";"giọt"
mix_de;46;pho;từ nghe khác thật;goc;"gprs";"jp os"
mix_de;46;v3;từ nghe khác thật;goc;"gprs";"jp os"
mix_de;48;pho;chép gần đúng tên riêng;verbal;"nghìn";"ngàn"
mix_de;48;v3;liên quan số;goc;"11h00";"11h"
mix_de;48;v3;liên quan số;goc;"09";"9 tháng"
mix_de;48;v3;ASR chèn thừa từ;goc;"";"năm"
mix_de;48;v3;từ nghe khác thật;goc;"tp";"thành phố"
mix_de;50;pho;từ nghe khác thật;verbal;"giờ";"di"
mix_de;50;v3;liên quan số;goc;"09 30";"9g30"
mix_de;50;v3;từ nghe khác thật;goc;"vn";"việt nam"
mix_de;51;pho;từ nghe khác thật;verbal;"giờ";"di"
mix_de;51;v3;liên quan số;goc;"4h35 5h10";"4 35 5 10"
mix_de;52;pho;từ nghe khác thật;verbal;"d";"đi"
mix_de;52;v3;từ nghe khác thật;goc;"d";"đi"
mix_de;53;pho;từ nghe khác thật;verbal;"tọa";"toại"
mix_de;53;v3;từ nghe khác thật;goc;"tọa";"toạn"
mix_de;53;v3;ASR chèn thừa từ;goc;"";"độ"
mix_de;53;v3;liên quan số;goc;"02";"2 độ"
mix_de;55;pho;liên quan số;goc;"xuansang1957 yahoo";"chuông sang"
mix_de;55;v3;liên quan số;goc;"xuansang1957 yahoo";"chuôn sang"
mix_de;56;pho;khác dấu/chính tả dấu;verbal;"hóa";"hoá"
mix_de;58;pho;khác dấu/chính tả dấu;verbal;"hóa";"hoá"
mix_de;58;pho;khác dấu/chính tả dấu;verbal;"hóa";"hoá"
mix_de;61;pho;từ nghe khác thật;goc;"lcd";"ncg"
mix_de;61;v3;từ nghe khác thật;goc;"lcd";"ncc"
mix_de;69;v3;khác dấu/chính tả dấu;verbal;"nấc";"nắc"
mix_de;69;v3;khác dấu/chính tả dấu;verbal;"nấc";"nắc"
mix_de;75;pho;khác dấu/chính tả dấu;verbal;"tọa";"toạ"
mix_de;75;v3;từ nghe khác thật;goc;"tọa";"toạn"
mix_de;75;v3;ASR chèn thừa từ;goc;"";"độ"
mix_de;75;v3;liên quan số;goc;"02";"2 độ"
mix_de;76;pho;chép gần đúng tên riêng;verbal;"nghìn";"ngàn"
mix_de;79;pho;từ nghe khác thật;verbal;"hi";"hy"
mix_de;79;v3;từ nghe khác thật;verbal;"hi";"hy"
mix_de;80;pho;từ nghe khác thật;verbal;"eucerin";"usain bill"
mix_de;80;v3;chép gần đúng tên riêng;verbal;"eucerin";"userin"
mix_de;83;pho;chép gần đúng tên riêng;verbal;"nghìn";"ngàn"
mix_de;83;pho;chép gần đúng tên riêng;verbal;"nghìn";"ngàn"
mix_de;90;pho;chép gần đúng tên riêng;verbal;"nghìn";"ngàn"
mix_de;90;v3;ASR chèn thừa từ;goc;"";"tháng"
mix_de;90;v3;ASR chèn thừa từ;goc;"";"năm"
mix_de;92;pho;từ nghe khác thật;verbal;"karl";"carl"
mix_de;92;v3;từ nghe khác thật;verbal;"karl";"carl"
mix_de;97;pho;liên quan số;verbal;"2015 12 04 t";"tuy"
mix_de;97;pho;từ nghe khác thật;verbal;"giờ";"đến"
mix_de;97;pho;từ nghe khác thật;verbal;"z";"gi"
mix_de;97;pho;từ nghe khác thật;verbal;"ana";"on na"
mix_de;97;v3;liên quan số;verbal;"2015";"tì"
mix_de;97;v3;liên quan số;verbal;"04 t mười hai giờ mười lăm";"đến 15"
mix_de;97;v3;liên quan số;verbal;"ba mươi lăm";"35"
mix_de;97;v3;từ nghe khác thật;verbal;"z";"di"
mix_de;97;v3;từ nghe khác thật;verbal;"ana";"ona"
mix_de;99;v3;từ nghe khác thật;verbal;"mới mẻ";"mấy mẹ"
mix_de;100;v3;khác dấu/chính tả dấu;verbal;"hễ";"hẽ"
mix_kho;1;pho;khác dấu/chính tả dấu;verbal;"con";"còn"
mix_kho;1;pho;khác dấu/chính tả dấu;verbal;"khoẻ";"khỏe"
mix_kho;1;v3;khác dấu/chính tả dấu;verbal;"khoẻ";"khỏe"
mix_kho;3;pho;từ nghe khác thật;verbal;"vietnam";"việt nam"
mix_kho;3;v3;từ nghe khác thật;verbal;"vietnam";"việt nam"
mix_kho;5;pho;chép gần đúng tên riêng;verbal;"buckaroo banzai";"bokaroo bán giai"
mix_kho;5;v3;từ nghe khác thật;goc;"buckaroo banzai";"boccaro bàn dài"
mix_kho;6;pho;liên quan số;goc;"9";"chín"
mix_kho;7;pho;từ nghe khác thật;verbal;"karp";"carp"
mix_kho;7;pho;từ nghe khác thật;verbal;"tumbleblog";"thamble blog"
mix_kho;7;v3;từ nghe khác thật;verbal;"karp";"carp"
mix_kho;7;v3;từ nghe khác thật;verbal;"tumbleblog";"tumble block"
mix_kho;7;v3;chép gần đúng tên riêng;verbal;"blog";"block"
mix_kho;8;pho;từ nghe khác thật;verbal;"tierno";"lionel"
mix_kho;8;v3;chép gần đúng tên riêng;verbal;"tierno";"tyrno"
mix_kho;10;pho;từ nghe khác thật;goc;"urrea";"arya"
mix_kho;10;pho;liên quan số;goc;"8";"tám"
mix_kho;10;v3;từ nghe khác thật;goc;"urrea";"arya"
mix_kho;11;pho;chép gần đúng tên riêng;verbal;"audax";"ordax"
mix_kho;11;pho;chép gần đúng tên riêng;verbal;"lewis";"louis"
mix_kho;11;pho;từ nghe khác thật;verbal;"mi li mét";"mm"
mix_kho;11;pho;từ nghe khác thật;verbal;"mi li mét";"mm"
mix_kho;11;v3;liên quan số;goc;"1";"một"
mix_kho;11;v3;liên quan số;goc;"7 mm";"7mm"
mix_kho;11;v3;liên quan số;goc;"1";"một"
mix_kho;11;v3;liên quan số;goc;"7 mm";"7mm"
mix_kho;12;pho;khác dấu/chính tả dấu;verbal;"hòa";"hoà"
mix_kho;13;pho;khác dấu/chính tả dấu;verbal;"huỷ";"hủy"
mix_kho;13;v3;khác dấu/chính tả dấu;verbal;"huỷ";"hủy"
mix_kho;14;pho;từ nghe khác thật;verbal;"bootle";"bút tô"
mix_kho;14;pho;từ nghe khác thật;verbal;"ironopolis là hai";"are the two"
mix_kho;14;v3;từ nghe khác thật;verbal;"bootle";"buto"
mix_kho;14;v3;từ nghe khác thật;verbal;"ironopolis";"aeronopel"
mix_kho;16;pho;từ nghe khác thật;goc;"v x y";"vxy"
mix_kho;16;pho;từ nghe khác thật;goc;"đó";"do"
mix_kho;16;v3;từ nghe khác thật;goc;"v x y";"vxy"
mix_kho;16;v3;chép gần đúng tên riêng;goc;"trong đó";"tron"
mix_kho;17;v3;khác dấu/chính tả dấu;verbal;"cồng kềnh";"công cành"
mix_kho;18;pho;từ nghe khác thật;verbal;"a b c";"abk"
mix_kho;18;v3;từ nghe khác thật;goc;"abc";"abiki"
mix_kho;19;pho;từ nghe khác thật;verbal;"ian haug";"yhan hawk"
mix_kho;19;v3;từ nghe khác thật;verbal;"haug";"hawke"
mix_kho;20;pho;khác dấu/chính tả dấu;verbal;"hỏa";"hoả"
mix_kho;20;pho;chép gần đúng tên riêng;verbal;"nghìn";"ngàn"
mix_kho;21;pho;từ nghe khác thật;verbal;"xá";"sá"
mix_kho;22;pho;từ nghe khác thật;verbal;"r t x";"gtc"
mix_kho;22;pho;từ nghe khác thật;verbal;"c e s";"ces"
mix_kho;22;v3;từ nghe khác thật;goc;"rtx";"gtc"
mix_kho;23;pho;từ nghe khác thật;verbal;"basa";"bò xà"
mix_kho;23;pho;từ nghe khác thật;verbal;"basa bocourti fish basa";"bò xà bò cố thì catfish bò xà"
mix_kho;23;pho;từ nghe khác thật;verbal;"bocourti";"bò cố thì"
mix_kho;23;pho;từ nghe khác thật;verbal;"swai sutchi";"swine sachet"
mix_kho;23;v3;chép gần đúng tên riêng;verbal;"basa";"bossa"
mix_kho;23;v3;liên quan số;verbal;"một";"1"
mix_kho;23;v3;liên quan số;verbal;"năm";"5"
mix_kho;23;v3;chép gần đúng tên riêng;verbal;"basa bocourti";"bossa boco thì"
mix_kho;23;v3;chép gần đúng tên riêng;verbal;"basa";"bossa"
mix_kho;23;v3;từ nghe khác thật;verbal;"bocourti";"boco thì"
mix_kho;23;v3;từ nghe khác thật;verbal;"tra";"cha"
mix_kho;23;v3;liên quan số;verbal;"một";"1"
mix_kho;23;v3;liên quan số;verbal;"ba";"3"
mix_kho;23;v3;từ nghe khác thật;verbal;"sutchi";"sachai"
mix_kho;24;pho;chép gần đúng tên riêng;verbal;"komati usutu mbuluzi";"camati yuzutu mbiluzi"
mix_kho;24;pho;chép gần đúng tên riêng;verbal;"ngwavuma";"ngawuma"
mix_kho;24;v3;chép gần đúng tên riêng;verbal;"komati usutu mbuluzi";"kamoti yuzutu mbiluji"
mix_kho;24;v3;chép gần đúng tên riêng;verbal;"ngwavuma";"nguavuma"
mix_kho;25;pho;từ nghe khác thật;verbal;"dworkin";"walken"
mix_kho;25;pho;khác dấu/chính tả dấu;verbal;"hủy";"huỷ"
mix_kho;26;pho;liên quan số;goc;"2";"hai"
mix_kho;26;pho;liên quan số;goc;"2020 lionsgate";"lane gates"
mix_kho;26;pho;chép gần đúng tên riêng;goc;"blanc";"blind"
mix_kho;26;v3;chép gần đúng tên riêng;goc;"blanc";"blank"
mix_kho;27;pho;từ nghe khác thật;verbal;"adco";"alco"
mix_kho;27;v3;từ nghe khác thật;verbal;"adco";"arco"
mix_kho;28;pho;khác dấu/chính tả dấu;verbal;"te";"tê"
mix_kho;29;pho;khác dấu/chính tả dấu;verbal;"tòa";"toà"
mix_kho;29;pho;khác dấu/chính tả dấu;verbal;"tòa";"toà"
mix_kho;29;pho;chép gần đúng tên riêng;verbal;"nghìn";"ngàn"
mix_kho;29;v3;liên quan số;goc;"ba";"3"
mix_kho;29;v3;liên quan số;goc;"110 m";"110m"
mix_kho;29;v3;liên quan số;goc;"400 mét vuông";"400m2"
mix_kho;30;pho;chép gần đúng tên riêng;verbal;"henrik";"henry"
mix_kho;30;pho;chép gần đúng tên riêng;verbal;"nghìn";"ngàn"
mix_kho;30;v3;chép gần đúng tên riêng;goc;"henrik clarke";"henry clark"
mix_kho;31;pho;chép gần đúng tên riêng;verbal;"nghìn";"ngàn"
mix_kho;34;pho;chép gần đúng tên riêng;verbal;"aryong";"aryan"
mix_kho;34;v3;chép gần đúng tên riêng;verbal;"aryong";"ariang"
mix_kho;36;pho;từ nghe khác thật;verbal;"g d p";"ggp"
mix_kho;36;pho;chép gần đúng tên riêng;verbal;"nghìn";"ngàn"
mix_kho;36;pho;từ nghe khác thật;verbal;"ba";"bảy"
mix_kho;36;pho;từ nghe khác thật;verbal;"mươi bốn so";"sau"
mix_kho;36;pho;chép gần đúng tên riêng;verbal;"nghìn";"ngàn"
mix_kho;36;pho;chép gần đúng tên riêng;verbal;"nghìn";"ngàn"
mix_kho;36;v3;từ nghe khác thật;goc;"chi";"tri"
mix_kho;36;v3;liên quan số;goc;"1943 44";"1940 41"
mix_kho;36;v3;từ nghe khác thật;goc;"chi";"tri"
mix_kho;37;pho;từ nghe khác thật;verbal;"perry";"paris"
mix_kho;37;v3;từ nghe khác thật;verbal;"perry";"paris"
mix_kho;40;pho;từ nghe khác thật;verbal;"rhodes";"rose"
mix_kho;40;pho;từ nghe khác thật;verbal;"grahamstown";"graham town"
mix_kho;40;pho;chép gần đúng tên riêng;verbal;"nghìn";"ngàn"
mix_kho;41;pho;từ nghe khác thật;verbal;"whiplash";"website"
mix_kho;41;pho;liên quan số;verbal;"hai nghìn không trăm mười bốn";"2014"
mix_kho;41;pho;chép gần đúng tên riêng;verbal;"nghìn";"ngàn"
mix_kho;42;pho;từ nghe khác thật;verbal;"th kingʼs";"thét kinh"
mix_kho;42;pho;từ nghe khác thật;verbal;"hussars fortin";"huzzard fourteen"
mix_kho;42;v3;từ nghe khác thật;verbal;"tám th kingʼs";"viii thét kings"
mix_kho;42;v3;từ nghe khác thật;verbal;"fortin";"xiv"
mix_kho;43;pho;chép gần đúng tên riêng;verbal;"nghìn";"ngàn"
mix_kho;43;pho;từ nghe khác thật;verbal;"misiones";"misaionie"
mix_kho;43;v3;từ nghe khác thật;goc;"misiones";"misayonis"
mix_kho;44;pho;chép gần đúng tên riêng;verbal;"nghìn";"ngàn"
mix_kho;44;pho;chép gần đúng tên riêng;verbal;"nghìn";"ngàn"
mix_kho;44;pho;chép gần đúng tên riêng;verbal;"nghìn";"ngàn"
mix_kho;44;pho;chép gần đúng tên riêng;verbal;"nghìn";"ngàn"
mix_kho;45;pho;từ nghe khác thật;goc;"dosaaf";"dorsal"
mix_kho;45;v3;chép gần đúng tên riêng;goc;"dosaaf";"dosaf"
mix_kho;46;pho;chép gần đúng tên riêng;goc;"ryōiki";"reiki"
mix_kho;46;pho;liên quan số;goc;"824";"đến 820"
mix_kho;46;pho;từ nghe khác thật;goc;"wamyō ruijushō k";"wayne ruy gorge không"
mix_kho;46;v3;chép gần đúng tên riêng;goc;"nihon ryōiki";"nihan reiki"
mix_kho;46;v3;liên quan số;goc;"824";"820"
mix_kho;46;v3;từ nghe khác thật;goc;"wamyō ruijushō k";"waymi rui josh 0"
mix_kho;48;pho;từ nghe khác thật;verbal;"caracas";"ca ra kết"
mix_kho;48;pho;chép gần đúng tên riêng;verbal;"nghìn";"ngàn"
mix_kho;49;pho;từ nghe khác thật;verbal;"petit vingtième";"pét ti vinh thăm"
mix_kho;49;pho;từ nghe khác thật;verbal;"vingtième siècle";"vinh thăm cycles"
mix_kho;49;pho;chép gần đúng tên riêng;verbal;"nghìn";"ngàn"
mix_kho;49;v3;chép gần đúng tên riêng;goc;"truyện";"chuyện"
mix_kho;49;v3;chép gần đúng tên riêng;goc;"petit vingtième";"petty vingtime"
mix_kho;49;v3;chép gần đúng tên riêng;goc;"vingtième siècle";"vingtime sickle"
mix_kho;50;pho;từ nghe khác thật;verbal;"dean tara";"deen terra"
mix_kho;51;pho;từ nghe khác thật;goc;"dos";"doss"
mix_kho;51;pho;từ nghe khác thật;goc;"rctv";"gia kỳ tv"
mix_kho;51;v3;từ nghe khác thật;goc;"rctv";"yaki tv"
mix_kho;52;pho;chép gần đúng tên riêng;goc;"azmin";"admin"
mix_kho;52;pho;từ nghe khác thật;goc;"pkr";"picasso"
mix_kho;52;pho;từ nghe khác thật;goc;"istana negara";"istanbul nagara"
mix_kho;52;pho;từ nghe khác thật;goc;"di pertuan agong";"ji seung hun ah gong"
mix_kho;52;v3;chép gần đúng tên riêng;goc;"azmin";"asmin"
mix_kho;52;v3;từ nghe khác thật;goc;"pkr";"picasso"
mix_kho;52;v3;từ nghe khác thật;goc;"di pertuan";"ji pyochuen"
mix_kho;53;pho;chép gần đúng tên riêng;verbal;"nghìn";"ngàn"
mix_kho;54;pho;từ nghe khác thật;verbal;"is bel bel";"it bell bell"
mix_kho;54;pho;chép gần đúng tên riêng;verbal;"nghìn";"ngàn"
mix_kho;54;v3;từ nghe khác thật;goc;"bel bel";"bell bell"
mix_kho;54;v3;từ nghe khác thật;goc;"don t";"do not"
mix_kho;55;pho;chép gần đúng tên riêng;verbal;"nghìn";"ngàn"
mix_kho;55;pho;chép gần đúng tên riêng;verbal;"nghìn";"ngàn"
mix_kho;55;pho;chép gần đúng tên riêng;verbal;"sanga";"sang ga"
mix_kho;56;pho;chép gần đúng tên riêng;verbal;"nghìn";"ngàn"
mix_kho;56;pho;chép gần đúng tên riêng;verbal;"nghìn";"ngàn"
mix_kho;56;v3;chép gần đúng tên riêng;goc;"salad cá trích";"salat kachik"
mix_kho;57;pho;chép gần đúng tên riêng;verbal;"spirit";"sprit"
mix_kho;57;v3;từ nghe khác thật;verbal;"núi";"nuối"
mix_kho;58;pho;khác dấu/chính tả dấu;verbal;"thần";"thân"
mix_kho;58;pho;từ nghe khác thật;verbal;"bét";"bed"
mix_kho;58;v3;khác dấu/chính tả dấu;verbal;"thần";"thân"
mix_kho;58;v3;từ nghe khác thật;verbal;"bét";"beth"
mix_kho;59;pho;chép gần đúng tên riêng;verbal;"aum";"album"
mix_kho;59;pho;từ nghe khác thật;verbal;"t o p award";"top awards"
mix_kho;59;v3;từ nghe khác thật;goc;"aum";"aung"
mix_kho;60;pho;chép gần đúng tên riêng;verbal;"nghìn";"ngàn"
mix_kho;60;pho;chép gần đúng tên riêng;verbal;"nghìn";"ngàn"
mix_kho;61;pho;chép gần đúng tên riêng;verbal;"nghìn";"ngàn"
mix_kho;61;pho;từ nghe khác thật;verbal;"f k";"fk"
mix_kho;61;v3;từ nghe khác thật;goc;"f k";"fk"
mix_kho;62;pho;chép gần đúng tên riêng;verbal;"nghìn";"ngàn"
mix_kho;62;pho;chép gần đúng tên riêng;verbal;"tomasz bohdanowicz dworzecki";"thomas bolenovic duterte"
mix_kho;62;v3;chép gần đúng tên riêng;goc;"tomasz bohdanowicz dworzecki";"thomas bodinovich dvořeky"
mix_kho;63;pho;từ nghe khác thật;verbal;"alix";"alex"
mix_kho;63;pho;chép gần đúng tên riêng;verbal;"ernst ernie";"earnest earny"
mix_kho;63;v3;từ nghe khác thật;verbal;"alix";"alex"
mix_kho;64;pho;chép gần đúng tên riêng;verbal;"emilio guzmán bustillos";"emily gatson bush taylor"
mix_kho;64;pho;chép gần đúng tên riêng;verbal;"maría consuelo loera pérez";"marga cân xu lâu laura perez"
mix_kho;64;v3;từ nghe khác thật;verbal;"guzmán bustillos";"gus bustaylos"
mix_kho;64;v3;chép gần đúng tên riêng;verbal;"maría";"mara"
mix_kho;64;v3;chép gần đúng tên riêng;verbal;"loera pérez";"lóra prez"
mix_kho;65;pho;chép gần đúng tên riêng;verbal;"fina";"final"
mix_kho;65;pho;chép gần đúng tên riêng;verbal;"nghìn";"ngàn"
mix_kho;65;v3;từ nghe khác thật;goc;"in fina";"infina"
mix_kho;69;pho;liên quan số;goc;"300er";"từ 300 s"
mix_kho;69;pho;liên quan số;goc;"6";"sáu"
mix_kho;69;pho;ASR bỏ mất từ;goc;"1 1 1";""
mix_kho;69;v3;liên quan số;goc;"300er";"300 acer"
mix_kho;69;v3;ASR bỏ mất từ;goc;"1 1 1";""
mix_kho;70;pho;chép gần đúng tên riêng;verbal;"nghìn";"ngàn"
mix_kho;70;pho;từ nghe khác thật;verbal;"dickson";"dixon"
mix_kho;70;v3;từ nghe khác thật;goc;"dickson trích";"dixon chick"
mix_kho;70;v3;từ nghe khác thật;goc;"chess";"jazz"
mix_kho;72;pho;khác dấu/chính tả dấu;verbal;"hóa";"hoá"
mix_kho;73;pho;chép gần đúng tên riêng;verbal;"clarke";"clark"
mix_kho;73;v3;từ nghe khác thật;verbal;"chổi";"trổi"
mix_kho;73;v3;chép gần đúng tên riêng;verbal;"clarke";"clark"
mix_kho;74;pho;chép gần đúng tên riêng;verbal;"alan bagh";"allen park"
mix_kho;74;v3;từ nghe khác thật;verbal;"bagh";"bach"
mix_kho;75;pho;từ nghe khác thật;verbal;"c";"xi"
mix_kho;75;v3;từ nghe khác thật;goc;"c";"si"
mix_kho;76;pho;từ nghe khác thật;goc;"shouting hymn";"trao tình hiếm"
mix_kho;76;pho;từ nghe khác thật;goc;"jeremiah";"jeremy"
mix_kho;76;v3;từ nghe khác thật;goc;"hymn";"him"
mix_kho;77;pho;chép gần đúng tên riêng;verbal;"tanzania";"tangania"
mix_kho;77;v3;liên quan số;verbal;"sáu chung cuộc";"6 trung quốc"
mix_kho;81;pho;từ nghe khác thật;verbal;"geranium";"jurgenia"
mix_kho;81;pho;chép gần đúng tên riêng;verbal;"michelin";"michaelian"
mix_kho;81;v3;liên quan số;verbal;"ba";"3"
mix_kho;81;v3;liên quan số;verbal;"tám";"8"
mix_kho;82;pho;từ nghe khác thật;goc;"kì";"kỳ"
mix_kho;82;v3;từ nghe khác thật;goc;"kì";"kỳ"
mix_kho;84;pho;liên quan số;verbal;"một";"1"
mix_kho;84;pho;liên quan số;verbal;"mười năm";"15"
mix_kho;84;pho;từ nghe khác thật;verbal;"voxeljet a g";"vogue siêu jett age"
mix_kho;84;pho;từ nghe khác thật;verbal;"propshop";"prop shop"
mix_kho;84;pho;từ nghe khác thật;verbal;"ltd";"limited"
mix_kho;84;v3;chép gần đúng tên riêng;goc;"voxeljet";"voxiljet"
mix_kho;84;v3;từ nghe khác thật;goc;"propshop";"prop shop"
mix_kho;84;v3;từ nghe khác thật;goc;"ltd";"limited"
mix_kho;85;pho;từ nghe khác thật;verbal;"mahathir";"mather"
mix_kho;85;v3;từ nghe khác thật;verbal;"trì";"chỉ"
mix_kho;86;pho;chép gần đúng tên riêng;verbal;"blois";"broys"
mix_kho;86;pho;chép gần đúng tên riêng;verbal;"matilda";"mateoda"
mix_kho;86;v3;từ nghe khác thật;verbal;"i";"y"
mix_kho;87;pho;liên quan số;goc;"mig 21";"mig21"
mix_kho;87;v3;từ nghe khác thật;goc;"rập";"dập"
mix_kho;88;pho;chép gần đúng tên riêng;verbal;"nghìn";"ngàn"
mix_kho;88;pho;từ nghe khác thật;verbal;"t c n hà";"tì ki ni hạ"
mix_kho;88;v3;từ nghe khác thật;goc;"tcn hà";"tikini hạ"
mix_kho;91;pho;từ nghe khác thật;verbal;"visual novel";"vn"
mix_kho;91;pho;từ nghe khác thật;verbal;"d v d";"jvg"
mix_kho;91;pho;từ nghe khác thật;verbal;"blu ray";"bluesay"
mix_kho;91;pho;chép gần đúng tên riêng;verbal;"nghìn";"ngàn"
mix_kho;91;v3;từ nghe khác thật;goc;"dvd";"gvg"
mix_kho;91;v3;từ nghe khác thật;goc;"blu ray";"bluejay"
mix_kho;91;v3;liên quan số;goc;"tám";"8"
mix_kho;92;pho;chép gần đúng tên riêng;verbal;"nghìn";"ngàn"
mix_kho;92;pho;từ nghe khác thật;verbal;"norad tracks";"norwich"
mix_kho;92;pho;từ nghe khác thật;verbal;"aol";"aos"
mix_kho;92;v3;từ nghe khác thật;goc;"norad tracks";"noradtrack"
mix_kho;93;pho;chép gần đúng tên riêng;verbal;"franca";"franka"
mix_kho;93;v3;chép gần đúng tên riêng;verbal;"franca";"franka"
mix_kho;93;v3;khác dấu/chính tả dấu;verbal;"vở";"vợ"
mix_kho;94;pho;từ nghe khác thật;verbal;"cowley harefield ickenham uxbridge";"cao ly hemfield ecuador ecuador ukbridge"
mix_kho;94;pho;từ nghe khác thật;verbal;"yiewsley";"usley"
mix_kho;94;pho;từ nghe khác thật;verbal;"ruislip";"bradley"
mix_kho;94;v3;từ nghe khác thật;verbal;"ickenham";"aikarnam"
mix_kho;94;v3;từ nghe khác thật;verbal;"yiewsley";"uxley"
mix_kho;94;v3;từ nghe khác thật;verbal;"ruislip";"wright slip"
mix_kho;95;pho;từ nghe khác thật;verbal;"wirt";"word"
mix_kho;95;v3;từ nghe khác thật;verbal;"góa";"quá"
mix_kho;95;v3;từ nghe khác thật;verbal;"wirt";"ward"
mix_kho;97;pho;chép gần đúng tên riêng;verbal;"stephen hadley";"steven hailey"
mix_kho;99;pho;từ nghe khác thật;verbal;"griselda";"grand soda"
mix_kho;99;pho;khác dấu/chính tả dấu;verbal;"medellin";"medellín"
mix_kho;99;v3;chép gần đúng tên riêng;goc;"griselda";"grisoda"
mix_kho;99;v3;chép gần đúng tên riêng;goc;"colombia";"columbia"
mix_kho;100;v3;từ nghe khác thật;verbal;"side";"site"
