bo;stt;file;do_khop_phowhisper;do_khop_whisper_v3;phowhisper_doc;whisper_v3_doc
thuan_viet;1;001_thuan_viet.wav;100;100;"những điểm khác cũng giống với những điểm khác đã nêu ở loại a.";"Những điểm khác cũng giống với những điểm khác đã nêu ở loại A."
thuan_viet;2;002_thuan_viet.wav;96;100;"kết quả là úc có sự biến đổi về các mặt nhân khẩu học văn hoá tự nhận thức về bản thân.";"Kết quả là Úc có sự biến đổi về các mặt nhân khẩu học, văn hóa, tự nhận thức về bản thân."
thuan_viet;3;003_thuan_viet.wav;93;100;"chính phủ cách mạng lâm thời đến đây với thái độ hoà giải tốt đẹp.";"Chính phủ cách mạng lâm thời đến đây với thái độ hòa giải, tốt đẹp."
thuan_viet;4;004_thuan_viet.wav;94;100;"địa hình phân cắt mạnh độ rốc lớn quá trình xâm thực và rửa trôi mạnh.";"Địa hình phân cắt mạnh, độ dốc lớn, quá trình xâm thực và rửa trôi mạnh."
thuan_viet;5;005_thuan_viet.wav;100;100;"đại diện tiêu biểu nhất là gấu mèo châu mỹ lửng chó vẹt cổ hồng và ngỗng ai cập.";"Đại diện tiêu biểu nhất là gấu mèo châu Mỹ, lửng chó, vẹt cổ hồng và ngỗng Ai Cập."
thuan_viet;6;006_thuan_viet.wav;95;100;"điện biên là tỉnh giàu tiềm năng du lịch đặc biệt là về lĩnh vực văn hoá lịch sử.";"Điện Biên là tỉnh giàu tiềm năng du lịch, đặc biệt là về lĩnh vực văn hóa lịch sử."
thuan_viet;7;007_thuan_viet.wav;100;92;"có năm cột trụ của đạo hồi đồng thời là năm hành vi hành đạo bắt buộc đối với tất cả những tín đồ hồi giáo.";"Có 5 cột trụ của đạo Hồi đồng thời là 5 hành vi hành đạo bắt buộc đối với tất cả những tín đồ Hồi giáo."
thuan_viet;8;008_thuan_viet.wav;100;86;"bộ phận ra giấy là bộ phận nhận giấy ra và vỗ giấy đều thành cây giấy trên bàn ra giấy.";"Bộ phận da giấy là bộ phận nhận giấy da và vỗ giấy đều thành cây giấy trên bàn da giấy."
thuan_viet;9;009_thuan_viet.wav;100;100;"các địa điểm gồm miền núi miền biển và nông thôn đồng bằng.";"các địa điểm gồm miền núi, miền biển và nông thôn đồng bằng."
thuan_viet;10;010_thuan_viet.wav;100;100;"bài viết này đề cập đến các ma trận thực và phức tức là các ma trận mà các phần tử của nó là những số thực hoặc số phức.";"Bài viết này đề cập đến các ma trận thực và phức, tức là các ma trận mà các phần tử của nó là những số thực hoặc số phức."
thuan_viet;11;011_thuan_viet.wav;100;100;"giữa tình hình này quốc hội vẫn tiếp tục công việc của mình để hoàn thành bản hiến pháp mới.";"Giữa tình hình này, quốc hội vẫn tiếp tục công việc của mình để hoàn thành bản hiến pháp mới."
thuan_viet;12;012_thuan_viet.wav;100;94;"ông cũng hạ lệnh hành hình những kẻ bán đứng trác mộc hợp vì tội tạo phản.";"Ông cũng hạ lệnh hành hình những kẻ bán đứng chác mộc hợp vì tội tạo phản."
thuan_viet;13;013_thuan_viet.wav;100;95;"chúa nổi giận đày bà ra đảo côn lôn nhỏ từ đó đảo này có tên gọi là hòn bà.";"Chúa nổi giận, đẩy bà ra đảo Côn Lôn nhỏ, từ đó đảo này có tên gọi là Hòn Bà."
thuan_viet;14;014_thuan_viet.wav;86;100;"độc đáo những nét văn hoá chăm độc đáo những nét văn hoá chăm.";"độc đáo những nét văn hóa chăm, độc đáo những nét văn hóa chăm."
thuan_viet;15;015_thuan_viet.wav;93;86;"phường price giá của từng mặt hàng pi giá của mặt hàng thứ y.";"Phương Price, giá của từng mặt hàng  Pi, giá của mặt hàng thứ y"
thuan_viet;16;016_thuan_viet.wav;100;100;"nếu không có ngô tổng thống thì toàn dân chết không còn một mống.";"nếu không có ngô tổng thống thì toàn dân chết không còn một mống."
thuan_viet;17;017_thuan_viet.wav;100;100;"tôi phải thừa nhận rằng mức độ tàn bạo và hèn nhát đến một cách thật bất ngờ.";"Tôi phải thừa nhận rằng mức độ tàn bạo và hèn nhát đến một cách thật bất ngờ."
thuan_viet;18;018_thuan_viet.wav;100;100;"hệ thống đẳng cấp do đó bắt đầu thể hiện những khác biệt giữa các vùng.";"Hệ thống đẳng cấp do đó bắt đầu thể hiện những khác biệt giữa các vùng."
thuan_viet;19;019_thuan_viet.wav;94;100;"đặc điểm đầu tiên có thể nhận thấy ở văn hoá hội an chính là tính đa dạng.";"Đặc điểm đầu tiên có thể nhận thấy ở văn hóa Hội An chính là tính đa dạng."
thuan_viet;20;020_thuan_viet.wav;100;100;"một số tổ chức sử dụng chỉ một số ít các ngôn ngữ phổ thông nội bộ.";"Một số tổ chức sử dụng chỉ một số ít các ngôn ngữ phổ thông nội bộ."
thuan_viet;21;021_thuan_viet.wav;100;100;"chức năng nối kết kết nối các tế bào thành một khối ổn định.";"Chức năng nối kết, kết nối các tế bào thành một khối ổn định."
thuan_viet;22;022_thuan_viet.wav;100;100;"tiếng đức là ngôn ngữ có sự khác biệt mạnh giữa ngôn ngữ nói và ngôn ngữ viết.";"Tiếng Đức là ngôn ngữ có sự khác biệt mạnh giữa ngôn ngữ nói và ngôn ngữ viết."
thuan_viet;23;023_thuan_viet.wav;94;94;"một vài chức năng của ti thể chỉ hiện diện ở một số loại tế bào đặc biệt.";"Một vài chức năng của ti thể chỉ hiện diện ở một số loại tế bào đặc biệt."
thuan_viet;24;024_thuan_viet.wav;100;100;"hầu hết tất cả các số thực và số phức đều là các số siêu việt.";"Hầu hết tất cả các số thực và số phức đều là các số siêu Việt."
thuan_viet;25;025_thuan_viet.wav;100;100;"hành động vì khí hậu hành động khẩn cấp để chống lại biến đổi khí hậu và tác động của nó.";"Hành động vì khí hậu, hành động khẩn cấp để chống lại biến đổi khí hậu và tác động của nó."
thuan_viet;26;026_thuan_viet.wav;93;90;"trình hợp lặp chập không của n phần tử đó là một bộ sáp thứ tự không phần tử của a các phần tử có thể lấy lặp lại.";"Trình hợp lập chập không của N phần tử đó là một bộ sắp thứ tự không phần tử của A.  Các phần tử có thể lấy lập lại."
thuan_viet;27;027_thuan_viet.wav;81;100;"hình tứ giác với độ dài các cạnh a bi si đi mà có diện tích.";"Hình tứ giác với độ dài các cạnh A, B, C, D mà có diện tích."
thuan_viet;28;028_thuan_viet.wav;100;100;"đã dẫn đến thất bại thảm hại nhất của tào tháo tại trận xích bích.";"đã dẫn đến thất bại thảm hại nhất của Tào Tháo tại trận xích bích."
thuan_viet;29;029_thuan_viet.wav;96;96;"ví dụ a để chỉ hàng thứ y của ma trận a và a để chỉ cột thứ gì của ma trận a.";"Ví dụ, A để chỉ hàng thứ Y của ma trận A và A để chỉ cột thứ gì của ma trận A."
thuan_viet;30;030_thuan_viet.wav;88;81;"ví dụ ngành vật lý toán áp dụng các công cụ toán học vào vật lý.";"Ví dụ, ngành vật lý toán áp dụng các công cụ toán học và vật lý."
thuan_viet;31;031_thuan_viet.wav;100;100;"nó có sọ rất lạ với đặc điểm khác với các thú vật khác đang sống.";"Nó có sọ rất lạ với đặc điểm khác với các thú vật khác đang sống."
thuan_viet;32;032_thuan_viet.wav;100;100;"các hợp chất này có thể là chuỗi thẳng mạch nhánh hoặc mạch vòng.";"Các hợp chất này có thể là chuỗi thẳng, mạch nhánh hoặc mạch vòng."
thuan_viet;33;033_thuan_viet.wav;90;86;"bởi tính mệnh muôn dân đều phú bẩm tự trời thế mà bỗng e tê vào cảnh éo le độc hại.";"Bởi tính mệnh muôn dân đều phú bầm tự trời, thế mà bỗng E.T. vào cảnh éo le độc hại."
thuan_viet;34;034_thuan_viet.wav;100;100;"làm một việc không hợp với bản tính của mình thì khó thành công.";"Làm một việc không hợp với bản tính của mình thì khó thành công."
thuan_viet;35;035_thuan_viet.wav;100;100;"huỳnh phú sổ đức huỳnh giáo chủ giáo chủ phật giáo hòa hảo.";"Huỳnh Phú Sổ Đức Huỳnh Giáo Chủ, Giáo Chủ Phật Giáo Hòa Hảo"
thuan_viet;36;036_thuan_viet.wav;96;96;"ở cấp độ này chúng tôi không cần phải đề cập đến cách máy quản lý băng hoặc đầu tử của nó.";"Ở cấp độ này, chúng tôi không cần phải đề cập đến cách máy quản lý băng hoặc đầu tử của nó."
thuan_viet;37;037_thuan_viet.wav;100;100;"các đảo này hình thành từ những bãi cát bồi do tác động của sóng biển.";"Các đảo này hình thành từ những bãi cát bồi do tác động của sóng biển."
thuan_viet;38;038_thuan_viet.wav;95;95;"cũng có dấu hiệu rõ ràng về những dòng chảy sông băng và chúng chảy ra khỏi bồn điện.";"cũng có dấu hiệu rõ ràng về những dòng chảy sông băng và chúng chảy ra khỏi bồn điện."
thuan_viet;39;039_thuan_viet.wav;100;100;"công việc kiểm toán báo cáo tài chính nhằm mục đích bày tỏ hoặc từ chối ý kiến độc lập về báo cáo tài chính.";"công việc kiểm toán báo cáo tài chính nhằm mục đích bày tỏ hoặc từ chối ý kiến độc lập về báo cáo tài chính."
thuan_viet;40;040_thuan_viet.wav;93;97;"vùng quần đảo vân hải vân đồn đảo vĩnh thực móng cái có những bãi cát trắng dài hàng khe em hoặc dồn lại thành những cồn nhấp nhô liên tiếp.";"Vùng quần đảo Vân Hải Vân Đồn, đảo Vĩnh Thực móng cái có những bãi cát trắng dài hàng KM hoặc rồn lại thành những cồn nhấp nhô liên tiếp."
thuan_viet;41;041_thuan_viet.wav;93;86;"gạo nếp gạo tẻ đều trắng trẻo tôm cá rất tư ăn không hết.";"Gạo nếp, gạo tẻ đều trắng trèo, tôm cá rất tu, ăn không hết."
thuan_viet;42;042_thuan_viet.wav;100;100;"phần trăm đóng góp vào hiệu ứng nhà kính trên trái đất có bốn khí chính là.";"Phần trăm đóng góp vào hiệu ứng nhà kính trên trái đất có bốn khí chính là"
thuan_viet;43;043_thuan_viet.wav;100;100;"có quận thì đặt vào a quán quà quạ không có quận thì đặt vào u túa múa chùa.";"Có quận thì đặt vào A quán, quà, quạ, không có quận thì đặt vào U túa, múa, chùa."
thuan_viet;44;044_thuan_viet.wav;100;100;"đó là nhà tiền lê do lê đại hành sáng lập và nhà hậu lê do lê thái tổ sáng lập.";"đó là nhà Tiền Lê do Lê Đại Hành sáng lập và nhà Hậu Lê do Lê Thái Tổ sáng lập."
thuan_viet;45;045_thuan_viet.wav;100;100;"đảo yến đây không phải là tên riêng của một đảo nào mà cứ đảo nào có yến làm tổ thì gọi vậy.";"Đảo Yến, đây không phải là tên riêng của một đảo nào, mà cứ đảo nào có Yến làm tổ thì gọi vậy."
thuan_viet;46;046_thuan_viet.wav;100;100;"chỉ có thể khắc phục định kiến này bằng giáo dục và giác ngộ.";"chỉ có thể khắc phục định kiến này bằng giáo dục và giác ngộ."
thuan_viet;47;047_thuan_viet.wav;100;100;"bài toán đếm đếm các cấu hình thỏa mãn những tính chất nào đó.";"Bài toán đếm, đếm các cấu hình thỏa mãn những tính chất nào đó."
thuan_viet;48;048_thuan_viet.wav;100;93;"giữa thế kỷ hai mươi hà nội chịu những biến cố phức tạp của lịch sử.";"Giữa thế kỷ 20, Hà Nội chịu những biến cố phức tạp của lịch sử."
thuan_viet;49;049_thuan_viet.wav;100;95;"dân chúng cũng trồng cây ăn trái mận và lê ở vùng đồng văn hoàng su phì rất nổi tiếng.";"Dân chúng cũng trồng cây ăn trái, mận và lê ở vùng Đồng Văn, Hoàng Su Phi rất nổi tiếng."
thuan_viet;50;050_thuan_viet.wav;100;90;"dẫn đầu đoàn sứ giả là trịnh hoài đức chánh sứ ngô nhân tĩnh và hoàng ngọc uẩn là phó sứ.";"dẫn đầu đoàn sứ giả là Trịnh Hoài Đức Tránh Sứ, Ngô Nhân Tĩnh và Hoàng Ngọc Quẩn là phó sứ."
thuan_viet;51;051_thuan_viet.wav;77;100;"huệ năng có nói thiên là tâm toạ chứ không phải thân toạ.";"Huệ năng có nói, thiền là tâm tọa chứ không phải thân tọa."
thuan_viet;52;052_thuan_viet.wav;100;100;"thậm chí tôn giáo này còn thờ phụng một số nhà chính trị nhà văn cận đại mà họ gọi là tam thánh đứng đầu bạch vân động.";"Thậm chí tôn giáo này còn thờ phụng một số nhà chính trị, nhà văn cận đại mà họ gọi là tam thánh đứng đầu Bạch Vân Động."
thuan_viet;53;053_thuan_viet.wav;100;100;"nền âm nhạc cổ điển đức có các tác phẩm của một số nhà soạn nhạc nổi tiếng nhất thế giới.";"Nền âm nhạc cổ điển Đức có các tác phẩm của một số nhà soạn nhạc nổi tiếng nhất thế giới."
thuan_viet;54;054_thuan_viet.wav;100;100;"vấn đề về đạo đức thế nào là tốt thế nào là xấu hoặc thế nào là giá trị thế nào là phi giá trị.";"Vấn đề về đạo đức, thế nào là tốt, thế nào là xấu hoặc thế nào là giá trị, thế nào là phi giá trị."
thuan_viet;55;055_thuan_viet.wav;91;87;"công uẩn nói tôi đâu nỡ cáu giác ông chỉ sợ lời nói tiết lộ thì chết giáo nên răn ông đó thôi.";"Công quẩn nói, tôi đâu nỡ cáo giác ông, chỉ sợ lời nói tiết lộ thì chết giáo, nên dân ông đó thôi."
thuan_viet;56;056_thuan_viet.wav;100;100;"trên thực tế việc bầu cử này thực chất là bầu cử một ứng cử viên.";"Trên thực tế, việc bầu cử này thực chất là bầu cử một ứng cử viên."
thuan_viet;57;057_thuan_viet.wav;100;100;"đen là màu do không có hoặc hấp thụ hoàn toàn ánh sáng khả kiến.";"Đen là màu do không có hoặc hấp thụ hoàn toàn ánh sáng khả kiến."
thuan_viet;58;058_thuan_viet.wav;100;100;"vào thời đại đồ đồng các loại hình kiến trúc đầu tiên đã ra đời.";"Vào thời đại đồ đồng, các loại hình kiến trúc đầu tiên đã ra đời."
thuan_viet;59;059_thuan_viet.wav;100;86;"những kẻ làm giàu bằng những thủ đoạn ám muội thì bị phỉ báng.";"Những kẻ làm giàu bằng những thủ đoạn ám mụi thì bị phỉ bán."
thuan_viet;60;060_thuan_viet.wav;80;93;"toà án công lý quốc tế ecj là toà án chính của liên hợp quốc.";"Tòa án Công lý Quốc tế ECJ là tòa án chính của Liên Hợp Quốc."
thuan_viet;61;061_thuan_viet.wav;94;100;"sự nóng vội quá mức dẫn tới việc kế hoạch bị thất bại và phải huỷ bỏ.";"Sự nóng vội quá mức dẫn tới việc kế hoạch bị thất bại và phải hủy bỏ."
thuan_viet;62;062_thuan_viet.wav;94;94;"nhóm ngôn ngữ armen là một phân nhóm của nhóm ngôn ngữ gốc ý thuộc hệ ấn âu.";"Nhóm ngôn ngữ Ahriman là một phân nhóm của nhóm ngôn ngữ gốc Ý thuộc hệ Ấn Âu."
thuan_viet;63;063_thuan_viet.wav;79;74;"có duy thì đặt vào a già giá giả không có duy thì đặt vào y biện chìa tía.";"Có G thì đặt vào A giả, giá, giả, không có G thì đặt vào y biện, chỉ ở tía."
thuan_viet;64;064_thuan_viet.wav;100;100;"mục tiêu là ra mắt một hệ điều hành phần mềm hoàn toàn tự do.";"Mục tiêu là ra mắt một hệ điều hành phần mềm hoàn toàn tự do."
thuan_viet;65;065_thuan_viet.wav;94;100;"mắm trâu đốc mắm đa dạng về hình thức và chế biến từ các loại cá.";"Mắm châu đốc, mắm đa dạng về hình thức và chế biến từ các loại cá."
thuan_viet;66;066_thuan_viet.wav;100;100;"với sự thành lập của chế độ đốc chính cách mạng pháp có vẻ đã kết thúc.";"Với sự thành lập của chế độ đốc chính, cách mạng Pháp có vẻ đã kết thúc."
thuan_viet;67;067_thuan_viet.wav;100;100;"quân đội la mã cũng kế thừa những giá trị này từ quân đội hy lạp.";"Quân đội La Mã cũng kế thừa những giá trị này từ quân đội Hy Lạp."
thuan_viet;68;068_thuan_viet.wav;100;100;"điều này không chỉ thịnh hành ở nông thôn mà còn ở các thành phố lớn.";"Điều này không chỉ thịnh hành ở nông thôn mà còn ở các thành phố lớn."
thuan_viet;69;069_thuan_viet.wav;100;100;"tình trạng mất điện có thể xảy ra bất ngờ bất cứ lúc nào kể cả ở các thành phố.";"Tình trạng mất điện có thể xảy ra bất ngờ bất cứ lúc nào, kể cả ở các thành phố."
thuan_viet;70;070_thuan_viet.wav;100;100;"tôn giáo này lấy nền tảng là đạo phật kết hợp với những bài sấm kệ do chính huỳnh phú sổ biên soạn.";"Tôn giáo này lấy nền tảng là đạo Phật, kết hợp với những bài sấm kệ do chính Huỳnh Phú Sổ biên soạn."
thuan_viet;71;071_thuan_viet.wav;100;100;"các bãi biển dài của thành phố này đã biến nó thành một thành phố du lịch.";"Các bãi biển dài của thành phố này đã biến nó thành một thành phố du lịch."
thuan_viet;72;072_thuan_viet.wav;100;100;"đây chỉ là điều ngụy tạo do không có chứng cứ chính xác về điều này.";"Đây chỉ là điều ngụy tạo do không có chứng cứ chính xác về điều này."
thuan_viet;73;073_thuan_viet.wav;100;100;"tôn trọng các võ phái khác chỉ dùng võ để tự vệ và bênh vực lẽ phải.";"tôn trọng các võ phái khác, chỉ dùng võ để tự vệ và bênh vực lẽ phải."
thuan_viet;74;074_thuan_viet.wav;93;100;"hồ đỗ hồ xạ chạy về vùng tổng vạn xuân của sông hoá thái bình.";"Hồ Đỗ, hồ xạ chạy về vùng tổng Vạn Xuân của sông Hóa Thái Bình."
thuan_viet;75;075_thuan_viet.wav;100;100;"quân đội đàn áp các cuộc nổi dậy và các hoạt động phản cách mạng.";"quân đội đàn áp các cuộc nổi dậy và các hoạt động phản cách mạng."
thuan_viet;76;076_thuan_viet.wav;54;77;"pháp tạng đamma gốc ta là đệ tử của tôn giả mục kiền liên mo gong na.";"Pháp Tạng Đama Gupta là đệ tử của tôn giả Mục Kiền Liên Morgana."
thuan_viet;77;077_thuan_viet.wav;100;100;"ngón trỏ và ngón cái tạo thành hình tròn chúc bạn giàu có.";"Ngón trỏ và ngón cái tạo thành hình tròn. Chúc bạn giàu có!"
thuan_viet;78;078_thuan_viet.wav;100;100;"từ các kiểu vì này dần xuất hiện cây kèo và trở thành vì kèo.";"Từ các kiểu, vì này dần xuất hiện cây kèo và trở thành vì kèo."
thuan_viet;79;079_thuan_viet.wav;100;94;"hình dạng của chân trời sự kiện lỗ đen luôn luôn có dạng xấp xỉ hình cầu.";"Hình dạng của chân trời sự kiện lỗ đen luôn luôn có dạng sắp xỉ hình cầu."
thuan_viet;80;080_thuan_viet.wav;100;100;"ông trị vì phần phía đông từ đó khởi lập đế quốc đông la mã.";"Ông trị vì phần phía Đông, từ đó khởi lập đế quốc Đông La Mã."
thuan_viet;81;081_thuan_viet.wav;100;100;"cuộc khủng hoảng này đã góp phần làm sụp đổ chế độ ngô đình diệm.";"Cuộc khủng hoảng này đã góp phần làm sụp đổ chế độ ngô đình diệm."
thuan_viet;82;082_thuan_viet.wav;100;93;"an chỉ định trạng thái định kiên cố an trú vững chắc trên đề mục.";"An chỉ định, trạng thái định kiên cố, An chú vững chắc trên đề mục."
thuan_viet;83;083_thuan_viet.wav;100;100;"quân đội của đại việt rút về phía đông và phía tây hà nội chờ diễn biến tình hình.";"Quân đội của Đại Việt rút về phía Đông và phía Tây Hà Nội chờ diễn biến tình hình."
thuan_viet;84;084_thuan_viet.wav;81;94;"thụy sĩ là một thành viên của hiệp hội mậu dịch tự do châu âu ép ta.";"Thụy Sĩ là một thành viên của Hiệp hội Mậu Dịch Tự do châu Âu EFTA."
thuan_viet;85;085_thuan_viet.wav;93;100;"tại điểm đóng quân chính là đá chữa thập còn có một trạm dự phòng.";"Tại điểm đóng quân chính là Đá Chữ Thập còn có một trạm dự phòng."
thuan_viet;86;086_thuan_viet.wav;100;100;"các cây cầu tại thành phố yên bái cầu văn phú cầu bách lẫm cầu yên bái và cầu tuần quán.";"các cây cầu tại thành phố Yên Bái, cầu Văn Phú, cầu Bách Lẫm, cầu Yên Bái và cầu Tuần Quán."
thuan_viet;87;087_thuan_viet.wav;100;100;"hệ thống hình phạt của đức tìm cách cải tạo tội phạm và bảo vệ dân chúng.";"Hệ thống hình phạt của Đức tìm cách cải tạo tội phạm và bảo vệ dân chúng."
thuan_viet;88;088_thuan_viet.wav;100;95;"địa hình vùng thềm lục địa phản ánh sự tiếp nối của cấu trúc địa hình trên đất liền.";"Địa hình vùng thèm lục địa phản ánh sự tiếp nối của cấu trúc địa hình trên đất liền."
thuan_viet;89;089_thuan_viet.wav;100;100;"bài toán liệt kê tổ hợp liệt kê tất cả các cấu hình thỏa mãn một tính chất nào đó.";"bài toán liệt kê tổ hợp, liệt kê tất cả các cấu hình thỏa mãn một tính chất nào đó."
thuan_viet;90;090_thuan_viet.wav;86;93;"học hình họa vào tất cả các buổi sáng chữ kỳ học cuối cùng.";"Học hình họa vào tất cả các buổi sáng trừ kỳ học cuối cùng."
thuan_viet;91;091_thuan_viet.wav;100;100;"liên hợp quốc là tổ chức liên chính phủ lớn nhất trên thế giới.";"Liên Hợp Quốc là tổ chức liên chính phủ lớn nhất trên thế giới."
thuan_viet;92;092_thuan_viet.wav;100;100;"hệ thống các nhà hàng quán ăn cũng là một thế mạnh của du lịch thành phố.";"Hệ thống các nhà hàng, quán ăn cũng là một thế mạnh của du lịch thành phố."
thuan_viet;93;093_thuan_viet.wav;75;81;"mỗi chấn đạt một chấn thủ về hàng võ và một hiệp chấn về hàng văn.";"Mỗi chấn đặt một chấn thủ về hàng võ và một hiệp chấn về hàng văn."
thuan_viet;94;094_thuan_viet.wav;100;100;"tôi đã mời khánh ly hát và rõ ràng giọng hát của khánh ly rất hợp với những bài hát của mình.";"Tôi đã mời Khánh Ly hát và rõ ràng giọng hát của Khánh Ly rất hợp với những bài hát của mình."
thuan_viet;95;095_thuan_viet.wav;100;100;"để thực hiện điều này các hạt nhân hệ điều hành hiện đại sử dụng ngắt định thời.";"Để thực hiện điều này, các hạt nhân hệ điều hành hiện đại sử dụng ngắt định thời."
thuan_viet;96;096_thuan_viet.wav;91;91;"châu thổ bắc bộ là sản phẩm chính của phủ ét hệ thống sông hồng và cả hệ thống sông thái bình.";"Châu Thổ Bắc Bộ là sản phẩm chính của phủ ET hệ thống sông Hồng và cả hệ thống sông Thái Bình."
thuan_viet;97;097_thuan_viet.wav;100;100;"khổng tử nói không ở vào chức vị nào thì đừng bàn tính về chính sự của chức vị ấy.";"Khổng tử nói không ở vào chức vị nào thì đừng bàn tính về chính sự của chức vị ấy."
thuan_viet;98;098_thuan_viet.wav;91;77;"về mùa xuân chúng săn hải cẩu vòng mới đẻ về mùa hè chúng săn hải cẩu dâu hải cẩu đầu trỏm.";"Về mùa xuân, chúng săn hải cầu vòng mới đẻ. Về mùa hè, chúng săn hải cầu dâu, hải cầu đầu trỏm."
thuan_viet;99;099_thuan_viet.wav;100;100;"mỹ đã áp dụng hầu hết các vũ khí tân tiến nhất thời đó chỉ trừ vũ khí hạt nhân.";"Mỹ đã áp dụng hầu hết các vũ khí tân tiến nhất thời đó chỉ trừ vũ khí hạt nhân."
thuan_viet;100;100_thuan_viet.wav;100;96;"các thành phố là đô thị loại hai thành phố hà tĩnh thuộc tỉnh hà tĩnh thành phố đồng hới thuộc tỉnh quảng bình.";"Các thành phố là đô thị loại 2, thành phố Hà Tĩnh thuộc tỉnh Hà Tĩnh, thành phố Đồng hới thuộc tỉnh Quảng Bình."
thuan_anh;1;001_thuan_anh.wav;94;100;"alex mcpherson born august 29th 2003 is an american football kicker who plays for the auburn tigers.";"Alex McPherson born August 29, 2003 is an American football kicker who plays for the Auburn Tigers."
thuan_anh;2;002_thuan_anh.wav;96;100;"on june 21 2007 the birmingham news reported that a us district Judge  presiding over the case in birmingham dismissed the wrongful death charges against Drummond.";"On June 21, 2007, the Birmingham News reported that the US District Judge presiding over  the case in Birmingham dismissed the wrongful death charges against Drummond."
thuan_anh;3;003_thuan_anh.wav;90;95;"27 march 1923 june 1975 was a japanese politician who served as Prime Minister of japan from 1964 to 1972.";"27 March 1912-3 June 1975, was a Japanese politician who served as Prime Minister of Japan  from 1964 to 1972."
thuan_anh;4;004_thuan_anh.wav;92;100;"in general most productions at the billmore in the early 1930s were unsuccessful.";"In general, most productions at the Biltmore in the early 1930s were unsuccessful."
thuan_anh;5;005_thuan_anh.wav;92;100;"almost all of the two groups was committed to the raid and it was the largest and  most successful operation by the group of the war.";"almost all of two group was committed to the raid,  and it was the largest and most successful operation by the group of the war."
thuan_anh;6;006_thuan_anh.wav;100;100;"After a promising practice performance he suffered electrical  problems during Qualifying and only set one very slow lap time.";"After a promising practice performance, he suffered electrical problems during qualifying  and only set one very slow lap time."
thuan_anh;7;007_thuan_anh.wav;61;96;"the american dream is the 4th studio album by american metal core band wales of jerry cole released on july 29th 2008 by trust kill records.";"The American Dream is the fourth studio album by American metalcore band Walls of Jericho,  released on July 29, 2008, by Truskill Records."
thuan_anh;8;008_thuan_anh.wav;62;88;"the city share was increased to sixty four million dollars while the mtc board";"the city's share was increased to $64 million, while the MTC board gave $12 million."
thuan_anh;9;009_thuan_anh.wav;100;100;"after leaving intelligence work in 1977 he publicly expressed views highly  critical of the CIA.";"After leaving intelligence work in 1977, he publicly expressed views highly critical of the  CIA."
thuan_anh;10;010_thuan_anh.wav;73;87;"it served as an eatery and community Centre in south central alaska from 194949 to 1974.";"It served as an eatery and community center in south-central Alaska from 1949 to 1974."
thuan_anh;11;011_thuan_anh.wav;83;96;"the Observatorio Venezolano Their prisons o vp in english venezuelan observatory of  Prisons is a venezuelan NGO working to improve human rights for prisoners.";"The Observatorio Venezolano de Prisons OVP, in English Venezuelan Observatory of Prisons,  is a Venezuelan NGO working to improve human rights for prisoners,"
thuan_anh;12;012_thuan_anh.wav;68;88;"While the team has never participated in either the fifa 20 women's world cúp or the  infc 20 women's asian cúp they have participated on wff u 18 girls champion ship and";"While the team has never participated in either the FIFA, 20 Women's World Cup or the AFC,  20 Women's Asian Cup, they have participated on WFF U18 Girls Championship and were runners-up in  2022."
thuan_anh;13;013_thuan_anh.wav;88;100;"it is a shrub with narrowly elliptic leaves and erect clusters of white to  deep pink flowers surrounded by pho mostly green in volatile bracts.";"It is a shrub with narrowly elliptic leaves and erect clusters of white to deep pink flowers  surrounded by four, mostly green, involucral bracts."
thuan_anh;14;014_thuan_anh.wav;100;100;"it is closely affiliated with its academic Partner the university of pittsburgh.";"It is closely affiliated with its academic partner, the University of Pittsburgh."
thuan_anh;15;015_thuan_anh.wav;100;100;"the title is also a reference to the pine bluff arsenal a real united states  military base with stockpiles of chemical weapons.";"The title is also a reference to the Pine Bluff Arsenal, a real United States military  base with stockpiles of chemical weapons."
thuan_anh;16;016_thuan_anh.wav;92;100;"they were released by media factory in japan as a set of 7 dvd collections  between february and august 2004 with each dvd containing 2 episodes.";"they were released by Media Factory in Japan as a set of seven DVD collections  between February and August 2004, with each DVD containing two episodes."
thuan_anh;17;017_thuan_anh.wav;100;100;"the attempts to manage the depression by the government  illustrated grave flaws with the canadian constitution.";"the attempts to manage the depression by the government illustrated grave flaws with the Canadian Constitution."
thuan_anh;18;018_thuan_anh.wav;88;100;"carspotters tend to express their individuality through their own photographs taken of their certain interests.";"Car spotters tend to express their individuality  through their own photographs taken of their certain interests."
thuan_anh;19;019_thuan_anh.wav;100;100;"a shape used to describe narrative structure specifically the shape for a tragedy.";"a shape used to describe narrative structure, specifically the shape for a tragedy."
thuan_anh;20;020_thuan_anh.wav;93;93;"It opened in 1890 and was the first high school for african americans in georgia.";"It opened in 1890 and was the first high school for African Americans in Georgia."
thuan_anh;21;021_thuan_anh.wav;79;95;"thai lo half luteopicta is a species of sea snail a marine gastropod mollusk in the family trochidae the thob snails.";"Tylohalf luteopicta is a species of sea snail,  a marine gastropod mollusk in the family Trochidae, the top snails."
thuan_anh;22;022_thuan_anh.wav;69;84;"once a coal mining village it is situated six miles ten kilometres west of the city of durham and close to the villages of ash kôn sê sô lê ash weening and lang li park.";"Once a coal-mining village, it is situated 6 miles 10 kilometers west of the city of Durham  and close to the villages of Esch, Kornsee-Solier, Esch-Winning and Langley Park."
thuan_anh;23;023_thuan_anh.wav;90;97;"he succeeded to the land in norfolk southwark and essex in england held by  his father robert which had been received from roger bigot after the norman conquest of england.";"He succeeded to the lands in Norfolk, Suffolk and Essex in England, held by his father Robert,  which had been received from Roger Bigard after the Norman conquest of England."
thuan_anh;24;024_thuan_anh.wav;100;100;"these compounds and their solutions both of which occur in nature have a variety of practical uses.";"These compounds and their solutions, both of which occur in nature, have a variety of practical uses."
thuan_anh;25;025_thuan_anh.wav;68;90;"in the united states the season aired on thursdays at 9 zero p m etty on the cw";"In the United States, the season aired on Thursdays at 9.00 p.m. ET on the CW Television Network."
thuan_anh;26;026_thuan_anh.wav;100;100;"social proof is more powerful when being accurate is more important and when others are perceived as especially knowledgeable.";"social proof is more powerful, when being accurate is more important,  and when others are perceived as especially knowledgeable."
thuan_anh;27;027_thuan_anh.wav;100;100;"Two years after the initiative was introduced both doctors and Primary  care trusts were struggling to understand how to implement the scheme.";"Two years after the initiative was introduced,  both doctors and primary care trusts were struggling to understand how to implement the scheme."
thuan_anh;28;028_thuan_anh.wav;83;86;"largely due to the addition of hầu phát bài labor's already thin majority of 5.3%  was pared back even further to an extremely marginal 1.2.";"Largely due to the addition of Holdfast Buy, Labour's already thin majority of 5.3%  was pared back even further to an extremely marginal 1.2%."
thuan_anh;29;029_thuan_anh.wav;100;96;"all the listed buildings are designated at grade ii the lowest of the three grades  which is applied to buildings of national importance and special interest.";"All the listed buildings are designated at Grade 2, the lowest of the three grades,  which is applied to buildings of national importance and special interest."
thuan_anh;30;030_thuan_anh.wav;100;100;"he was elected sometime after 1 November 1025 and received  episcopal Ordination on 21 December.";"He was elected sometime after 1 November 1025 and received episcopal ordination on 21 December."
thuan_anh;31;031_thuan_anh.wav;100;100;"the following is a partial list of the b codes for medical Subject Headings mesh as defined by the united states national library of medicine nlm.";"The following is a partial list of the B codes for Medical Subject Headings Mesh,  as defined by the United States National Library of Medicine NLM."
thuan_anh;32;032_thuan_anh.wav;86;93;"in icelandic this event is known as the kristní thaka literally the taking of christianity.";"In Icelandic, this event is known as the Krishnitaka literally, the taking of Christianity."
thuan_anh;33;033_thuan_anh.wav;94;94;"the new dora international airport is being developed due to expansion constraints at the current airport.";"the new Dora International Airport is being developed due to expansion constraints at the current airport."
thuan_anh;34;034_thuan_anh.wav;78;91;"the site covers 56 acres and includes a mile and a half walking trail that accesses 10 outdoor art installations and thơ đi hai cừu.";"The site covers 56 acres and includes a mile-and-a-half walking trail  that accesses 10 outdoor art installations and 30 haiku."
thuan_anh;35;035_thuan_anh.wav;89;96;"navy acquired her for world war i service from the russian volunteer fleet on 18  October 1919 at hoboken new jersey assigned her the identification no. 8.";"Navy acquired her for World War I service from the Russian Volunteer Fleet on 18 October  1918 at Hoboken, New Jersey, assigned her the identification number EAD."
thuan_anh;36;036_thuan_anh.wav;100;92;"in 2015 the government started the procedure for the privatisation of the airport.";"In 2015, the government started the procedure for the privatization of the airport."
thuan_anh;37;037_thuan_anh.wav;88;100;"theatrical historian ken bloom described the bill moores early productions as for the most part unexceptional.";"Theatrical historian Ken Bloom described the Biltmore's early productions as, for the most part, unexceptional."
thuan_anh;38;038_thuan_anh.wav;77;84;"he was a shortstop in 3rd basemen during a 10 year major league playing career  appearing in 1270 games played in 1942 and from 1946 to 1954 for 3 teams.";"He was a shortstop and third baseman during a 10-year major league playing career,  appearing in 1,270 games played in 1942 and from 1,946 to 1,954 for three teams."
thuan_anh;39;039_thuan_anh.wav;73;86;"acai lists melamine sulfonate polycondensation products as one of  the common chemical families used for high range water reducing endemics to risk.";"ASSAI lists melamine sulfonate polycondensation products as one of the common chemical families  used for high-range water-reducing admixtures."
thuan_anh;40;040_thuan_anh.wav;86;86;"britney lewis was nominated for an oscar and won a golden globe for the performance.";"Barry Newell was nominated for an Oscar and won a Golden Globe for the performance."
thuan_anh;41;041_thuan_anh.wav;95;100;"the auditorium Interior is a new york city landmark and the theatre is listed on the National Register of Historic Places.";"The auditorium interior is a New York City landmark,  and the theater is listed on the National Register of Historic Places."
thuan_anh;42;042_thuan_anh.wav;80;95;"the netherland organization which had paid 250.000 dollars in rent per year  declined to renew its list in august 1994.";"the Nederlander Organisation, which had paid $250,000 in rent per year,  declined to renew its lease in August 1984."
thuan_anh;43;043_thuan_anh.wav;61;71;"katie káo ját gửi dạ ly is the soundtrack to the 2015 marotti film of the same name directed by sabot baev based on the 1967 stage play by pirashotam davíká.";"Katya Khaljadguzali is the soundtrack to the 2015 Marotti film of the same name,  directed by Sabbat Baif, based on the 1967 stage play by Purochottam Darvika."
thuan_anh;44;044_thuan_anh.wav;88;100;"he was married to margaret warren chivas originally from ohio with her he had 3 children.";"He was married to Margaret Warren Shivers, originally from Ohio. With her, he had three children."
thuan_anh;45;045_thuan_anh.wav;68;84;"the hours of gene gennavar is an illuminated book of hours with miniatures painted by gene lenoir.";"The Hours of Jean de Navarre is an illuminated book of hours, with miniatures painted by Jean Lenoir."
thuan_anh;46;046_thuan_anh.wav;93;93;"craft in the neo renaissance style and was constructed in 1925 for the chanin brothers.";"crab in the Neo-Renaissance style and was constructed in 1925 for the Chanin brothers."
thuan_anh;47;047_thuan_anh.wav;95;100;"it follows the group's breakout hit vans and debut ep skateboards to scrapers  which were released in 2006.";"It follows the group's breakout hit Vans and debut EP Skateboards 2 Scrapers, which were released in 2006."
thuan_anh;48;048_thuan_anh.wav;77;96;"allen james bryant 3 june 1911–26 oktober 1980 was an australian rules NFL  who played with melbourne and colin wood in the victorian football league vfl.";"Alan James Ryan 3 June 1911-26 October 1980 was an Australian rules NFL  who played with Melbourne and Collingwood in the Victorian Football League VFL."
thuan_anh;49;049_thuan_anh.wav;94;89;"he had a lead role in the broadway production of hair and scored a top 10 single in 1970  with if you let me make love to you then why can't it touch you.";"He had a lead role in the Broadway production of Hair, and scored a Top 10 single in 1970  with If You Let Me Make Love To You Then Why Cannot He Touch You?"
thuan_anh;50;050_thuan_anh.wav;89;93;"in 1998 after living in the diaspora for many years nolan dobs returned for a  visit to latvia where in 1990 he became one of the first fulbright lecturers.";"In 1998, after living in the diaspora for many years,  Nolendorf returned for a visit to Latvia, where in 1990 he became one of the first Fulbright lecturers."
thuan_anh;51;051_thuan_anh.wav;94;100;"years later a criminal case was opened against them on the fact of the murder of";"Years later, a criminal case was opened against them on the fact of the murder of servicemen."
thuan_anh;52;052_thuan_anh.wav;96;100;"word embeddings can be obtained using language modelling and  feature learning techniques where words or phrases from the vocabulary  are mapped to vectors of real numbers.";"Word embeddings can be obtained using language modeling and feature learning techniques,  where words or phrases from the vocabulary are mapped to vectors of real numbers."
thuan_anh;53;053_thuan_anh.wav;63;95;"barry syngton hodgson 22 november 1929 april 2017 was a 1st class  educator from Northern ireland.";"Barry Sinton Hobson, 22, November 1925-9, April 2017, was a first-class  surrogate and educator from Northern Ireland."
thuan_anh;54;054_thuan_anh.wav;73;87;"george munro 5 th baron of phú lýs also appears on the munro family tree of 1734.";"George Munro, 5th Tej Baron of Fulies, also appears on the Munro family tree of 1734."
thuan_anh;55;055_thuan_anh.wav;90;90;"it was succeeded by the sons of union veterans of the civil war usu vcw  composed of male descendants of union veterans.";"It was succeeded by the Sons of Union Veterans of the Civil War Usul VCW,  composed of male descendants of Union Veterans,"
thuan_anh;56;056_thuan_anh.wav;88;100;"he was appointed to the Senate for the golf quebéc division on 3 march 1944  following nomination by Prime Minister william lyon mccainney king.";"He was appointed to the Senate for the Gulf, Quebec Division on 3 March 1944,  following nomination by Prime Minister William Lyon Mackenzie King."
thuan_anh;57;057_thuan_anh.wav;95;95;"anghiano was born during the height of the mexican revolution  which would inspire a majority of his mural painting.";"Anguillano was born during the height of the Mexican Revolution,  which would inspire a majority of his mural painting."
thuan_anh;58;058_thuan_anh.wav;83;78;"in 2015 at the age of nine she starred in the music video for just sung alive.";"In 2015, at the age of 9, she starred in the music video for Just Some Alive."
thuan_anh;59;059_thuan_anh.wav;94;100;"navy continued her work in the merchant service for nearly half a century before being  scrap in 1908.";"Navy continued her work in the merchant service for nearly half a century, before being scrapped in 1908."
thuan_anh;60;060_thuan_anh.wav;100;100;"the passageway is also accessible from the stairs at the rear of the auditorium.";"The passageway is also accessible from the stairs at the rear of the auditorium."
thuan_anh;61;061_thuan_anh.wav;58;92;"steric effects polycarb oxalate ether pca synthetic polymers bearing lateral chain third gen.";"steric effects polycarboxylates ether pca synthetic polymers bearing lateral chains third generation"
thuan_anh;62;062_thuan_anh.wav;81;96;"pa linh go tho served in his father's business before he quitted and provided  as much alms as he could provide to the less fortunate in his area.";"Pellingotto served in his father's business before he quit and provided as much alms  as he could provide to the less fortunate in his area."
thuan_anh;63;063_thuan_anh.wav;96;96;"the reconstituted band made a limited number of appearances live and on television and recorded 15 lp albums for Capitol Records before gray died in 1963.";"the reconstituted band made a limited number of appearances live and on television,  and recorded 15 LP albums for Capitol Records before Gray died in 1963."
thuan_anh;64;064_thuan_anh.wav;86;86;"photographs of the vacant built environment have been called gorgeous and haunting.";"Photographs of the vacant built environment have been called gorgeous and haunting."
thuan_anh;65;065_thuan_anh.wav;96;91;"the third is a guide to the best bootleg recording available for every concert  numbering over 500 out of a possible 1200 gig.";"The third is a guide to the best bootleg recording available for every concert,  numbering over 500 out of a possible 1,200 gigs."
thuan_anh;66;066_thuan_anh.wav;80;93;"peter red are also suitable for cooling memory systems and energy related systems using superconducting magnets.";"PTRS are also suitable for cooling mammary systems  and energy-related systems using superconducting magnets."
thuan_anh;67;067_thuan_anh.wav;97;100;"After its establishment in texas the party launched electoral campaigns in colorado  arizona new mexico and california tho it only secured official  party status for statewide races in texas.";"After its establishment in Texas, the party launched electoral campaigns in Colorado,  Arizona, New Mexico, and California,  though it only secured official party status for statewide races in Texas."
thuan_anh;68;068_thuan_anh.wav;83;100;"the holotype mail was first collected on 6 february 1964 at a dinner creek near in nitsville Queensland and is preserved at the Queensland museum.";"The holotype male was first collected on 6 February 1964 at Dinner Creek near Innisfail,  Queensland, and is preserved at the Queensland Museum."
thuan_anh;69;069_thuan_anh.wav;83;100;"at the time of the sale i bet the number was scheduled to be produced at the billmore.";"At the time of the sale, Abbott's The Number was scheduled to be produced at the Biltmore."
thuan_anh;70;070_thuan_anh.wav;86;96;"it is a small rounded prostrate shrub with leaves sometimes lance shaped or  three lobed to pin a hypothet and moderately crowded yellow flowers.";"It is a small, rounded, prostrate shrub with leaves,  sometimes lance-shaped or three lobed to Pinotipotite, and moderately crowded yellow flowers."
thuan_anh;71;071_thuan_anh.wav;95;100;"however fdi is home also to several former christian democrat and half of its ministers  are not former msi members.";"However, FDI is home also to several former Christian Democrats,  and half of its ministers are not former MSI members."
thuan_anh;72;072_thuan_anh.wav;85;92;"thru car in 2020 crew chiefing brad katulowski that year finishing  2nd in the final standings and in 2021 and continued to crew chief the know.";"to Carr in 2020, crew-chiefing Brad Keselowski that year finishing second in the final standings  and in 2021, and continued to crew-chief the No."
thuan_anh;73;073_thuan_anh.wav;96;100;"the campaign against the nizoris and later the abbasid caliphate was  intended to establish a new khanate in the region the ilkhanate.";"the campaign against the Nizaris, and later the Abbasid Caliphate was intended to establish  a new Khanate in the region, the Ilkhanate."
thuan_anh;74;074_thuan_anh.wav;97;93;"the atomic energy research establishment air also known as harwell laboratory was the  main centre for atomic energy research and development in the united kingdom From 1946 to the 1990s.";"the Atomic Energy Research Establishment Air, also known as Harwell Laboratory, was the main  center for atomic energy research and development in the United Kingdom from 1946 to the 1990s."
thuan_anh;75;075_thuan_anh.wav;71;76;"the tigers led by 10th year head coach joe chompey play their home games at old age.";"the Tigers, led by 10th-year head coach Joel Chompy, play their home games at Joel H."
thuan_anh;76;076_thuan_anh.wav;78;89;"the repellent effect of illusory roblosily with metals on sharks was confirmed by the  National Marine Fisheries Service. Notably stoners and caimans and studies completed by bryill et al.";"The repellent effect of elucidable ZDV metals on sharks was confirmed by the National Marine  Fisheries Service, notably Stoner and Cahim, and studies completed by Brill et al."
thuan_anh;77;077_thuan_anh.wav;67;67;"liquid was a british dance act that originally consisted of yemen dance aka.";"Lickwood was a British dance act that originally consisted of Eamon Downs Acre."
thuan_anh;78;078_thuan_anh.wav;96;96;"paley center for media has preserved the first season salute your short  episode sponge saga in its new york archive which was directed by spicer.";"Paley Center for Media has preserved the first season's Salute Your Shorts episode  Sponge Saga in its New York archive, which was directed by Spicer."
thuan_anh;79;079_thuan_anh.wav;100;100;"This regency also plays an important role in maintaining indonesia's sovereignty in  the northern border area bordering on the south china sea.";"This regency also plays an important role in maintaining Indonesia's sovereignty  in the northern border area bordering on the South China Sea."
thuan_anh;80;080_thuan_anh.wav;88;94;"heart of christmas artist challenge is a 2010 philippines television reality show broadcast by jm network.";"Heart of Christmas Artist Challenge is a 2010 Philippine television reality  show broadcast by Jaylema Network."
thuan_anh;81;081_thuan_anh.wav;89;89;"the 1991 sunbank 24 at daytona was a 24 hour endurance sports car race  held on february 221991 at the daytona international speedway road course.";"The 1991 Sun Bank 24 at Daytona was a 24-hour endurance sports car race  held on February 2-2-3, 1991 at the Daytona International Speedway road course."
thuan_anh;82;082_thuan_anh.wav;92;92;"the book documents her experience visiting the continent of Antarctica for a week in January 2019 with accompanying photos taken by new zealand photographer hariet wall.";"The book documents her experience visiting the continent of Antarctica for a week in January  2019, with accompanying photos taken by New Zealand photographer Harriette Waugh."
thuan_anh;83;083_thuan_anh.wav;97;100;"12 honeycomb rooms which are built into the side of a hill on the property a short  distance from the main building and have been compared to hobbit holes and to cottages.";"twelve honeycomb rooms, which are built into the side of a hill on the property a short  distance from the main building and have been compared to hobbit holes, and two cottages."
thuan_anh;84;084_thuan_anh.wav;92;100;"mount merchandise is a rural locality in the shire of banana queensland australia.";"Mount Murchison is a rural locality in the Shire of Banana, Queensland, Australia."
thuan_anh;85;085_thuan_anh.wav;73;77;"michael samuel born 22 april 1990 in amsterdam is a dutch rapper who played for  israel dvc club storm vojo's telstar and go ahead eagles during the 2001–2007 football seasons.";"Michael Samuel, born 22 April 1990 in Amsterdam, is a Dutch footballer who played for Eredivisie  Club's Storm Vojo's Telstar and Go Ahead Eagles during the 2001-2007 football seasons."
thuan_anh;86;086_thuan_anh.wav;93;100;"the executive Agency promotes Industrial and Economic policies which allows Economic Activity and Growth Increase Employment and Investments in Sectors Which Are Critical to Taiwan's Economy.";"The executive agency promotes industrial and economic policies, which allows economic activity  and growth, increased employment and investments in sector, which are critical to Taiwan's economy."
thuan_anh;87;087_thuan_anh.wav;100;86;"the vpro made a cultural shift in the late 1960s becoming a progressive broadcaster.";"the VP role made a cultural shift in the late 1960s, becoming a progressive broadcaster."
thuan_anh;88;088_thuan_anh.wav;100;100;"before its renovation the balcony level was divided into front and rear sections  by an aisle halfway across its depth.";"Before its renovation, the balcony level was divided into front and rear sections  by an aisle halfway across its depth."
thuan_anh;89;089_thuan_anh.wav;100;100;"however chartists in london and the north were impressed that such a publication  could be produced in a relatively contented suburb such as uxbridge and it became popular.";"However, Chartists in London and the North were impressed that such a publication could  be produced in a relatively contented suburb, such as Uxbridge, and it became popular."
thuan_anh;90;090_thuan_anh.wav;91;89;"he rose to fame as luke skywalker in the original star wars trilogy 1977-1983  leading to further led parts in films like covert summer 1978 and samuel fuller's the big red 1 1980.";"He rose to fame as Luke Skywalker in the original Star Wars trilogy , leading to  further lead parts in films like Corvette's Summer 1978 and Samuel Fuller's The Big Red won 1980."
thuan_anh;91;091_thuan_anh.wav;58;67;"parole casgraine ocksia january 18th 1890 and april 26th 1981 was a canadian  lawyer and provincial Politician in the Province of Quebec.";"Perrault-Cascrain, ARC, CR, January 18, 1890 at April 26, 1981, was a Canadian lawyer and  provincial politician in the province of Quebec."
thuan_anh;92;092_thuan_anh.wav;64;84;"winter she nooked salmon or reeled at the livingston stone national fish hatchery  a substation of coleman anna phage located at the base of charster dam.";"winter Chinook salmon are reared at the Livingston Stone National Fish Hatchery,  a substation of Coleman and Affedge, located at the base of Shasta Dam."
thuan_anh;93;093_thuan_anh.wav;56;96;"since i've Been Lovin u is a blues rock sung by the english rock band led zeppelin";"Since I've Been Loving You is a blues rock sung by the English rock band Led Zeppelin,  released in 1970 on the album Led Zeppelin III."
thuan_anh;94;094_thuan_anh.wav;81;81;"the previous ronda sign on taf all council election took place in 2017 and future  election will take place every five years.";"The previous Rwanda sign-on TAF, all-council election took place in 2017 and future elections  will take place every 5 years."
thuan_anh;95;095_thuan_anh.wav;81;90;"a right handed batman and a left arm slow bowler he started his cricket career at norwich amy who finished in 4th position in the county champion ship in his debut season 1956.";"a right-handed batsman and a left-arm slow bowler. He started his cricket career at Northampton  who finished in 4th position in the County Championship in his debut season ."
thuan_anh;96;096_thuan_anh.wav;78;89;"he made his television debut in 1995 conducting the vivi roma  television Program on the telemedyna and telenedena stations.";"He made his television debut in 1995, conducting the Viviroma television program on the Telangana and Telangana stations."
thuan_anh;97;097_thuan_anh.wav;72;96;"he won the 2000 guinea on his 1st run as a 3 y.o. and went on to win the street james palace stakes.";"He won the 2000 guineas on his first run as a 3-year-old and went on to win the St. James's Palace Stakes."
thuan_anh;98;098_thuan_anh.wav;92;96;"mall of america tycoon is a business simulation game developed by studios and  published by Activision and released on September 20th 2004 for windows.";"Mall of America Tycoon is a business simulation game developed by studios  and published by Activision and released on September 28, 2004, for Windows."
thuan_anh;99;099_thuan_anh.wav;92;96;"It includes Moderates Such as mike cassell of delaware and more conservative house members like pete sessions of texas and tom philly of florida.";"It includes moderates such as Mike Castle of Delaware and more conservative House members  like Pete Sessions of Texas and Tom Finney of Florida."
thuan_anh;100;100_thuan_anh.wav;78;70;"during the 2017 season they managed to reach the final of the gene brad championship and faced a surging us colomere side.";"during the 2017-18 season, they managed to reach the final of the Gene Pratt Championship  and faced a surging U.S. columnar side."
mix_de;1;001_mix_de.wav;100;100;"dòng hai nghìn nằm ở giữa dòng điện thoại một nghìn và ba nghìn về tính năng.";"Dòng 2000 nằm ở giữa dòng điện thoại 1000 và 3000 về tính năng."
mix_de;2;002_mix_de.wav;100;100;"nào là những con bọ ăn lá bọ cánh cứng bọ rùa.";"Nào là những con bọ ăn lá, bọ cánh cứng, bọ rùa?"
mix_de;3;003_mix_de.wav;100;100;"chúng tôi dự định sẽ chiến đấu đến cùng.";"Chúng tôi dự định sẽ chiến đấu đến cùng."
mix_de;4;004_mix_de.wav;100;100;"các quy định về quản lý sử dụng tài sản một.";"Các quy định về quản lý sử dụng tài sản 1"
mix_de;5;005_mix_de.wav;100;100;"cứ mỗi khi rảnh là bố tôi lại đi câu cá.";"Cứ mỗi khi rảnh là bố tôi lại đi câu cá."
mix_de;6;006_mix_de.wav;100;100;"roger những gì bạn nói đều có lý và tôi đồng ý với bạn.";"Roger, những gì bạn nói đều có lý và tôi đồng ý với bạn."
mix_de;7;007_mix_de.wav;89;88;"hyn si index để mất không phẩy bốn sáu điểm âm không phẩy năm bảy phần trăm đóng cửa tại mức tám mươi phẩy không tám điểm.";"Hinesi Index để mất 0,46 điểm âm 0,57%, đóng cửa tại mức 80,08 điểm."
mix_de;8;008_mix_de.wav;100;100;"mỗi mười giây sẽ tự động hạ độc đối thủ ở gần.";"Mỗi 10 giây sẽ tự động hạ độc đối thủ ở gần."
mix_de;9;009_mix_de.wav;67;78;"các kết ăn thi trên máy bao gồm bluetooth bốn.";"Các kết NT trên máy bao gồm Bluetooth 4."
mix_de;10;010_mix_de.wav;100;82;"hai mươi mốt xúc tiến tác dụng của các nội tiết tố hormone.";"21 súc tiến tác dụng của các nội tiết tố hormôn."
mix_de;11;011_mix_de.wav;94;100;"đầu năm hai ngàn không trăm mười bốn ông đã trả hết nợ cả gốc và lãi.";"Đầu năm 2014, ông đã trả hết nợ cả gốc và lãi."
mix_de;12;012_mix_de.wav;100;100;"tôi đã bảo bạn là đừng có gọi tôi mà tom.";"Tôi đã bảo bạn là đừng có gọi tôi mà Tom."
mix_de;13;013_mix_de.wav;90;90;"tội giải đinh vật sắc luật này quy định một.";"Tội giải đinh vật sắc luật này quy định 1."
mix_de;14;014_mix_de.wav;100;100;"tôi muốn xây nhà ống cấp bốn có gác lửng lợp mái tôn.";"Tôi muốn xây nhà ống cấp 4, có gác lửng lợp mái tôn."
mix_de;15;015_mix_de.wav;95;100;"năm một ngàn chín trăm bảy mươi chín tách vũng tàu côn đảo thành lập đặc khu vũng tàu côn đảo.";"Năm 1979 tách Vũng Tàu Côn Đảo thành lập Đặc khu Vũng Tàu Côn Đảo."
mix_de;16;016_mix_de.wav;100;100;"kể câu chuyện đa dạng của asean một cách hấp dẫn.";"kể câu chuyện đa dạng của ASEAN một cách hấp dẫn."
mix_de;17;017_mix_de.wav;100;100;"cứ để kéo ở gần đi sau này sẽ cần dùng đến.";"Cứ để kéo ở gần đi, sau này sẽ cần dùng đến."
mix_de;18;018_mix_de.wav;100;100;"nên mọi chuyện của tôi làm bố phải gánh vác.";"Nên mọi chuyện của tôi làm bố phải gánh vác."
mix_de;19;019_mix_de.wav;100;100;"đây là máy tính bảng màn hình super amoled mỏng.";"Đây là máy tính bảng màn hình Super AMOLED mỏng."
mix_de;20;020_mix_de.wav;96;71;"toại độ địa lý của xã là bốn mươi chín độ ba vĩ độ bắc sáu độ mười một kinh độ đông.";"Toạn độ địa lý của xã là 49 độ 3 vĩ độ Bắc, 6 độ 11 kinh độ Đông."
mix_de;21;021_mix_de.wav;100;100;"tom đã dành một nửa đời của mình trong tù.";"Tom đã dành một nửa đời của mình trong tù."
mix_de;22;022_mix_de.wav;100;100;"cũng vào năm ấy đúc cửu đỉnh khắc hình sông vào thuần đỉnh.";"cũng vào năm ấy đúc cửu đỉnh, khắc hình sông vào thuần đỉnh."
mix_de;23;023_mix_de.wav;46;23;"tuổi kỳ sửu kỳ mão kỳ tỵ kỳ mùi kỳ dậu kỳ hợi.";"tuổi, kỳ xử, kỳ màu, kỳ tị, kỳ mùi, kỳ rộng, kỳ hợi."
mix_de;24;024_mix_de.wav;100;90;"ngày ba mươi tháng chín câu hỏi sẽ dẫn bạn đến đâu.";"Ngày 30 tháng 9, câu hỏi sẽ dẫn bạn đến đâu?"
mix_de;25;025_mix_de.wav;100;91;"ai cũng biện gánh đời đang đè lên đầu vợ dại.";"Ai cũng biện gánh đời đang đè lên đầu, vợ dạy."
mix_de;26;026_mix_de.wav;100;100;"trên các cột đá dựng đứng cũng có các xà đá nằm ngang.";"Trên các cột đá dựng đứng cũng có các xà đá nằm ngang."
mix_de;27;027_mix_de.wav;100;91;"bài thi gồm bốn kỹ năng đọc viết nghe nói ba.";"Bài thi gồm 4 kỹ năng, đọc viết nghe nói 3."
mix_de;28;028_mix_de.wav;96;76;"toại độ địa lý của xã là bốn mươi chín độ mười chín vĩ độ bắc sáu độ mười bốn kinh độ đông.";"Toạn độ địa lý của xã là 49 độ 19 vĩ độ Bắc, 6 độ 14 kinh độ Đông."
mix_de;29;029_mix_de.wav;100;92;"sau ba năm tỷ lệ lỗi hàng năm tăng lên mười một phẩy tám phần trăm.";"Sau 3 năm, tỷ lệ lỗi hàng năm tăng lên 11,8%."
mix_de;30;030_mix_de.wav;100;100;"sau lần thất bại đó tôi đã mất đi căn nhà và tất cả tài sản.";"Sau lần thất bại đó, tôi đã mất đi căn nhà và tất cả tài sản."
mix_de;31;031_mix_de.wav;50;50;"toại độ rừng từ tới vĩ bắc tới kinh đông.";"tọa độ rừng từ tới Vĩ Bắc tới Kinh Đông."
mix_de;32;032_mix_de.wav;100;86;"đến mười giờ bốn mươi lăm việt nam index tăng hai phẩy tám điểm không phẩy năm năm phần trăm lên năm trăm mười một phẩy chín điểm.";"Đến 10h45, Việt Nam Index tăng 2,8 điểm 0,55% lên 511,9 điểm."
mix_de;33;033_mix_de.wav;93;92;"từ mười hai phần trăm teens dùng twitter năm hai ngàn không trăm mười một đã lên tới hai mươi sáu phần trăm năm hai ngàn không trăm mười hai.";"Từ 12% tin dùng Twitter năm 2011 đã lên tới 26% năm 2012."
mix_de;34;034_mix_de.wav;100;100;"vậy là tôi lại có thêm động lực để tiếp tục.";"Vậy là tôi lại có thêm động lực để tiếp tục."
mix_de;35;035_mix_de.wav;100;44;"điện thoại không bốn hai hai hai không hai tám hai tám máy lẻ bốn nghìn hai trăm hai mươi lăm bốn nghìn hai trăm ba mươi tám bốn nghìn hai trăm bốn mươi hai.";"Điện thoại 04222-02828-4225-4230-4242"
mix_de;36;036_mix_de.wav;100;100;"các chế độ online đầy hào hứng và sôi nổi.";"Các chế độ online đầy hào hứng và sôi nổi."
mix_de;37;037_mix_de.wav;100;100;"nốt vụ năm nay là tôi hết sạch vốn rồi.";"Nốt vụ năm nay là tôi hết sạch vốn rồi."
mix_de;38;038_mix_de.wav;100;100;"bà của tôi vẫn còn rất hoạt bát ở tuổi tám mươi lăm.";"Bà của tôi vẫn còn rất hoạt bát ở tuổi 85."
mix_de;39;039_mix_de.wav;100;100;"cái máy bán hàng tự động này không hoạt động.";"Cái máy bán hàng tự động này không hoạt động."
mix_de;40;040_mix_de.wav;94;100;"mặc dù cô ấy có một điểm yếu khi theresa hỏi cô ấy về điều gì đó.";"Mặc dù, cô ấy có một điểm yếu khi Teresa hỏi cô ấy về điều gì đó."
mix_de;41;041_mix_de.wav;100;100;"đó là tất cả những gì tôi đang làm ở đây.";"Đó là tất cả những gì tôi đang làm ở đây."
mix_de;42;042_mix_de.wav;96;76;"toại độ địa lý của xã là bốn mươi sáu độ ba mươi hai vĩ độ bắc năm độ bốn mươi bốn kinh độ đông.";"Toạn độ địa lý của xã là 46 độ 32 vĩ độ Bắc, 5 độ 44 kinh độ Đông."
mix_de;43;043_mix_de.wav;100;100;"hãy đến gặp tôi bất cứ lúc nào mà bạn thích.";"Hãy đến gặp tôi bất cứ lúc nào mà bạn thích."
mix_de;44;044_mix_de.wav;92;92;"gã nói rành giọt cô chuẩn bị thu dọn mà về đi.";"Gã nói rành giọt, cô chuẩn bị thu dọn mà về đi."
mix_de;45;045_mix_de.wav;100;100;"nhấn nút nhập lại để xóa tất cả dữ liệu.";"Nhấn nút nhập lại để xóa tất cả dữ liệu."
mix_de;46;046_mix_de.wav;82;82;"bấm vào cài đặt để cài cấu hình jp os cho máy.";"Bấm vào cài đặt để cài cấu hình JP OS cho máy."
mix_de;47;047_mix_de.wav;100;100;"ví dụ của quyển sách của tôi ở quyển sách để ở trong cặp.";"Ví dụ, của quyển sách của tôi, ở quyển sách để ở trong cặp."
mix_de;48;048_mix_de.wav;96;54;"đại hội bế mạc vào lúc mười một giờ ngày chín tháng mười một năm hai ngàn không trăm lẻ bảy tại thành phố.";"Đại hội bế mạc vào lúc 11h ngày 9 tháng 11 năm 2007 tại thành phố."
mix_de;49;049_mix_de.wav;100;100;"tôi đã nói chuyện với học sinh này rồi đó.";"Tôi đã nói chuyện với học sinh này rồi đó."
mix_de;50;050_mix_de.wav;97;79;"đến chín di ba mươi chỉ số việt nam index đứng ở mức sáu trăm lẻ tám phẩy bảy ba điểm tăng bốn phẩy chín bảy điểm không phẩy tám hai phần trăm.";"Đến 9G30, chỉ số Việt Nam Index đứng ở mức 608,73 điểm, tăng 4,97 điểm 0,82%."
mix_de;51;051_mix_de.wav;94;64;"tàu về đến hà nội lúc bốn di ba mươi lăm năm giờ mười sáng hôm sau.";"Tàu về đến Hà Nội lúc 4.35, 5.10 sáng hôm sau."
mix_de;52;052_mix_de.wav;94;93;"bên cạnh đó chính sách hậu mãi cực kỳ hấp dẫn giảm mười phần trăm đi.";"Bên cạnh đó chính sách hậu mãi cực kỳ hấp, dẫn giảm 10% đi."
mix_de;53;053_mix_de.wav;96;76;"toại độ địa lý của xã là bốn mươi ba độ ba mươi bốn vĩ độ bắc hai độ năm mươi bảy kinh độ đông.";"Toạn độ địa lý của xã là 43 độ 34 vĩ độ Bắc, 2 độ 57 kinh độ Đông."
mix_de;54;054_mix_de.wav;100;100;"bàn gồm hai đầu hình bán nguyệt và sáu thân.";"Bàn gồm hai đầu hình bán nguyệt và sáu thân."
mix_de;55;055_mix_de.wav;71;71;"thông báo với bạn bè chuông sang.";"Thông báo với bạn bè, chuôn sang."
mix_de;56;056_mix_de.wav;93;100;"các mặt văn hoá xã hội vẫn còn tồn tại nhiều vấn đề bức xúc.";"các mặt văn hóa, xã hội vẫn còn tồn tại nhiều vấn đề bức xúc."
mix_de;57;057_mix_de.wav;100;100;"ở nhà hàng đó họ phục vụ bữa tối rất tốt.";"Ở nhà hàng đó, họ phục vụ bữa tối rất tốt."
mix_de;58;058_mix_de.wav;88;100;"vậy đây là văn hoá lệ mật một thứ văn hoá đặc sắc và bản địa.";"Vậy đây là văn hóa lệ mật, một thứ văn hóa đặc sắc và bản địa."
mix_de;59;059_mix_de.wav;100;100;"cô sở hữu thân hình bốc lửa và vẻ nóng bỏng của một vũ nữ trẻ.";"Cô sở hữu thân hình bốc lửa và vẻ nóng bỏng của một vũ nữ trẻ."
mix_de;60;060_mix_de.wav;100;100;"hành khô bóc vỏ rửa sạch thái lát mỏng.";"Hành khô, bóc vỏ, rửa sạch, thái lát mỏng."
mix_de;61;061_mix_de.wav;92;92;"nếu màn hình máy tính bạn đang dùng là ncg thì ổn rồi.";"Nếu màn hình máy tính bạn đang dùng là NCC thì ổn rồi."
mix_de;62;062_mix_de.wav;100;100;"bất cứ việc gì xử nữ làm đều có mục đích rõ ràng cụ thể.";"Bất cứ việc gì xử nữ, làm đều có mục đích rõ ràng cụ thể."
mix_de;63;063_mix_de.wav;100;100;"tôi hãnh diện vì bố tôi là một đầu bếp giỏi.";"Tôi hãnh diện vì bố tôi là một đầu bếp giỏi."
mix_de;64;064_mix_de.wav;100;100;"dù là gái mại dâm cũng không có quyền đánh.";"Dù là gái mại dâm cũng không có quyền đánh."
mix_de;65;065_mix_de.wav;100;100;"mình vừa mới ở bên nhau cách đây ba tiếng mà.";"Mình vừa mới ở bên nhau cách đây 3 tiếng mà."
mix_de;66;066_mix_de.wav;100;100;"tôi thách bạn dám thách tôi bất cứ điều gì.";"Tôi thách bạn dám thách tôi bất cứ điều gì."
mix_de;67;067_mix_de.wav;100;100;"hẹn gặp lại các bạn trong ngày độc lập.";"Hẹn gặp lại các bạn trong ngày độc lập!"
mix_de;68;068_mix_de.wav;100;100;"lớp bốn phẩy một có ba trăm năm mươi mốt học viên và lớp bốn phẩy hai có một trăm mười bảy học viên.";"lớp 4,1 có 351 học viên và lớp 4,2 có 117 học viên."
mix_de;69;069_mix_de.wav;100;82;"từng nấc từng nấc là bản chất của sự vận động.";"Từng nắc từng nắc là bản chất của sự vận động."
mix_de;70;070_mix_de.wav;100;100;"cẩn thận với bệnh tật không nên để kéo dài.";"Cẩn thận với bệnh tật, không nên để kéo dài."
mix_de;71;071_mix_de.wav;100;100;"ủng hộ có lo lắng có mệt mỏi chán nản cũng có.";"ủng hộ có, lo lắng có, mệt mỏi, chán nản cũng có."
mix_de;72;072_mix_de.wav;100;100;"đó là một điều quan trọng vậy nên tôi sẽ làm điều đó.";"Đó là một điều quan trọng, vậy nên tôi sẽ làm điều đó."
mix_de;73;073_mix_de.wav;100;100;"cô ấy đã đến một mình mà không có anh ấy.";"Cô ấy đã đến một mình mà không có anh ấy."
mix_de;74;074_mix_de.wav;100;100;"cuối cùng lấp kín hạt giống bằng một lớp đất mỏng.";"Cuối cùng, lấp kín hạt giống bằng một lớp đất mỏng."
mix_de;75;075_mix_de.wav;96;76;"toạ độ địa lý của xã là bốn mươi tám độ hai mươi tám vĩ độ bắc hai độ hai mươi kinh độ đông.";"Toạn độ địa lý của xã là 48 độ 28 vĩ độ Bắc, 2 độ 20 kinh độ Đông."
mix_de;76;076_mix_de.wav;93;100;"hai ngàn không trăm mười lăm xem bói khoa học đầu năm tôi tài giỏi.";"2015 xem bói khoa học đầu năm tôi tài giỏi."
mix_de;77;077_mix_de.wav;100;100;"tôi muốn bày tỏ quan điểm của mình về vấn đề này.";"Tôi muốn bày tỏ quan điểm của mình về vấn đề này."
mix_de;78;078_mix_de.wav;100;100;"mẹ tôi đã thất vọng về thất bại của tôi.";"Mẹ tôi đã thất vọng về thất bại của tôi."
mix_de;79;079_mix_de.wav;91;91;"tôi hy vọng là có vài câu lạc bộ âm nhạc.";"Tôi hy vọng là có vài câu lạc bộ âm nhạc."
mix_de;80;080_mix_de.wav;78;89;"thay vào đó tôi cực kỳ hợp với usain bill.";"Thay vào đó, tôi cực kỳ hợp với Userin."
mix_de;81;081_mix_de.wav;100;100;"vậy nên nếu nấu ăn vì đam mê thực sự tôi đồng ý.";"Vậy nên, nếu nấu ăn vì đam mê thực sự, tôi đồng ý."
mix_de;82;082_mix_de.wav;100;100;"cứ cố gắng tạo mọi thứ bận rộn đi làm đi học rồi deadline.";"Cứ cố gắng tạo mọi thứ bận rộn, đi làm, đi học rồi deadline."
mix_de;83;083_mix_de.wav;94;100;"đến hai ngàn không trăm mười lăm có sáu mươi lăm phần trăm số xã đạt chuẩn và đến hai ngàn không trăm hai mươi có bảy mươi lăm phần trăm số xã đạt chuẩn.";"Đến 2015 có 65% số xã đạt chuẩn và đến 2020 có 75% số xã đạt chuẩn."
mix_de;84;084_mix_de.wav;100;100;"đây là cái hồ đẹp nhất mà tôi từng thấy.";"Đây là cái hồ đẹp nhất mà tôi từng thấy."
mix_de;85;085_mix_de.wav;100;100;"tất cả thời gian rảnh rỗi cô ấy đều đi câu cá.";"Tất cả thời gian rảnh rỗi, cô ấy đều đi câu cá."
mix_de;86;086_mix_de.wav;100;100;"có dịp hắn sẽ hỏi bác sĩ về cảm giác này.";"Có dịp, hắn sẽ hỏi bác sĩ về cảm giác này."
mix_de;87;087_mix_de.wav;100;100;"tôi tò mò quá đi mất tôi có biết cái gì đâu.";"Tôi tò mò quá đi mất, tôi có biết cái gì đâu."
mix_de;88;088_mix_de.wav;100;100;"đây là lần đầu bạn đi một mình đúng không.";"Đây là lần đầu bạn đi một mình đúng không?"
mix_de;89;089_mix_de.wav;100;100;"đại học chicago đào tạo cả bậc đại học và sau đại học.";"Đại học Chicago đào tạo cả bậc đại học và sau đại học."
mix_de;90;090_mix_de.wav;96;85;"triển lãm đình làng xứ đoài kéo dài tới ngày mười lăm tháng mười hai năm hai ngàn không trăm mười lăm.";"Triển lãm đình làng xứ đoài kéo dài tới ngày 15 tháng 12 năm 2015."
mix_de;91;091_mix_de.wav;100;100;"bạn có chắc là một ở lại một mình không.";"Bạn có chắc là một ở lại một mình không?"
mix_de;92;092_mix_de.wav;90;90;"carl bắt đầu làm bài tập về nhà của mình.";"Carl bắt đầu làm bài tập về nhà của mình."
mix_de;93;093_mix_de.wav;100;100;"làm tốt vấn đề này sẽ làm giảm đầu vào của tội phạm.";"Làm tốt vấn đề này sẽ làm giảm đầu vào của tội phạm."
mix_de;94;094_mix_de.wav;100;100;"hỏi tôi là công dân mỹ đang sống và làm việc ở việt nam.";"Hỏi, tôi là công dân Mỹ đang sống và làm việc ở Việt Nam."
mix_de;95;095_mix_de.wav;100;100;"quý bình vẫn tiếp tục với các dự án điện ảnh.";"Quý Bình vẫn tiếp tục với các dự án điện ảnh."
mix_de;96;096_mix_de.wav;100;100;"mặt ngoài màu nâu đến nâu xám có các lỗ vỏ và vết cuống lá.";"Mặt ngoài màu nâu đến nâu xám, có các lỗ vỏ và vết cuống lá."
mix_de;97;097_mix_de.wav;60;35;"tuy mười hai đến mười lăm phút ba mươi lăm giây gi hãng hàng không on na đặt.";"Tì 12 đến 15 phút 35 giây di, hãng hàng không ONA đặt."
mix_de;98;098_mix_de.wav;100;100;"anh ta đã một mình ăn hết nửa cái bánh đó.";"Anh ta đã một mình ăn hết nửa cái bánh đó."
mix_de;99;099_mix_de.wav;100;78;"những cảm xúc rộn ràng mới mẻ đang đến.";"Những cảm xúc rộn ràng, mấy mẹ đang đến."
mix_de;100;100_mix_de.wav;100;90;"hễ khi nào dùng máy tính tôi lại đau đầu.";"Hẽ khi nào dùng máy tính, tôi lại đau đầu."
mix_kho;1;001_mix_kho.wav;93;96;"ấp tự nhiên không đòi hỏi thiết bị không tốn công chăm sóc tỷ lệ nở khả cao gà hoặc ngan ngỗng còn nở ra khỏe mạnh.";"Ấp tự nhiên không đòi hỏi thiết bị, không tốn công chăm sóc, tỷ lệ nở khả cao, gà hoặc ngan, ngỗng con nở ra khỏe mạnh."
mix_kho;2;002_mix_kho.wav;100;100;"tuy nhiên cách miêu tả điện từ đầy đủ của ánh sáng lại rất khó áp dụng trong thực tiễn.";"Tuy nhiên, cách miêu tả điện từ đầy đủ của ánh sáng lại rất khó áp dụng trong thực tiễn."
mix_kho;3;003_mix_kho.wav;86;86;"anh luôn bắt đầu buổi phát thanh của mình bằng câu good morning việt nam.";"Anh luôn bắt đầu buổi phát thanh của mình bằng câu Good Morning, Việt Nam."
mix_kho;4;004_mix_kho.wav;100;100;"đáng tiếc là tấm bia đá này lại không rõ nguồn gốc xuất xứ.";"Đáng tiếc là, tấm bia đá này lại không rõ nguồn gốc xuất xứ."
mix_kho;5;005_mix_kho.wav;86;86;"bokaroo bán giai peter weller và ban nhạc của anh đã đi xâm chiếm một thế giới khác từ chiều thứ tám.";"Boccaro, bàn dài Peter Weller và ban nhạc của anh đã đi xâm chiếm một thế giới khác từ chiều thứ 8."
mix_kho;6;006_mix_kho.wav;96;100;"album phòng thu thứ ba record collection phát hành vào ngày 27 tháng chín năm 2010 đạt vị trí thứ hai tại anh.";"Album phòng thu thứ ba Record Collection phát hành vào ngày 27 tháng 9 năm 2010, đạt vị trí thứ hai tại Anh."
mix_kho;7;007_mix_kho.wav;84;79;"carp hứng thú với lĩnh vực thamble blog và đang chờ đợi một dịch vụ blog nổi tiếng ra mắt.";"Carp hứng thú với lĩnh vực Tumble Block và đang chờ đợi một dịch vụ block nổi tiếng ra mắt."
mix_kho;8;008_mix_kho.wav;93;93;"lionel rất thân thiện và luôn khuyến khích bạn bè cố gắng hết sức.";"Tyrno rất thân thiện và luôn khuyến khích bạn bè cố gắng hết sức."
mix_kho;9;009_mix_kho.wav;100;100;"sau buổi biểu diễn martinez bắt đầu làm việc độc lập với tài liệu gốc mà cô nói rằng cô đã dành phần lớn năm 2013 để viết.";"Sau buổi biểu diễn, Martinez bắt đầu làm việc độc lập với tài liệu gốc, mà cô nói rằng cô đã dành phần lớn năm 2013 để viết."
mix_kho;10;010_mix_kho.wav;90;95;"arya qua đời ngày 1 tháng tám năm 1849 vì bệnh tả ngay sau khi chiến tranh kết thúc.";"Arya qua đời ngày 1 tháng 8 năm 1849 vì bệnh tả ngay sau khi chiến tranh kết thúc."
mix_kho;11;011_mix_kho.wav;78;75;"ordax trang bị một khẩu súng máy hạng nhẹ louis chấm ba không ba in seven point seven mm và một khẩu vickers chấm ba không ba in seven point seven mm.";"Audax trang bị một khẩu súng máy hạng nhẹ Lewis .303 in 7.7mm và một khẩu Vickers .303 in 7.7mm."
mix_kho;12;012_mix_kho.wav;96;100;"khoản thu thêm này sẽ bù đắp cho những khoản phí gìn giữ hoà bình của các quốc gia kém phát triển.";"Khoản thu thêm này sẽ bù đắp cho những khoản phí gìn giữ hòa bình của các quốc gia kém phát triển."
mix_kho;13;013_mix_kho.wav;96;96;"trải qua thăng trầm của lịch sử các công trình kiến trúc cổ của chùa quỳnh lâm đã bị hủy hoại rất nhiều.";"Trải qua thăng trầm của lịch sử, các công trình kiến trúc cổ của chùa Quỳnh Lâm đã bị hủy hoại rất nhiều."
mix_kho;14;014_mix_kho.wav;71;88;"bút tô và middlesbrough are the two đội duy nhất chỉ thi đấu một mùa tại football league.";"Buto và Middlesbrough Aeronopel là hai đội duy nhất chỉ thi đấu một mùa tại Football League."
mix_kho;15;015_mix_kho.wav;100;100;"ngoài ra anh còn mở các nhà hàng đồ uống và tráng miệng theo phong cách nhật bản vì con gái anh rất thích ăn bánh ngọt.";"Ngoài ra anh còn mở các nhà hàng đồ uống và tráng miệng theo phong cách Nhật Bản vì con gái anh rất thích ăn bánh ngọt."
mix_kho;16;016_mix_kho.wav;88;84;"linux kernel 1.0.0 đã khởi động một hệ thống đánh số phiên bản vxy tiêu chuẩn cho kernel trong do x đại diện cho một phiên bản chính.";"Linux Kernel 1.0.0 đã khởi động một hệ thống đánh số phiên bản VXY tiêu chuẩn cho kernel-tron.x đại diện cho một phiên bản chính."
mix_kho;17;017_mix_kho.wav;100;92;"bộ máy chính phủ quan liêu cồng kềnh hay gọn nhẹ nhạy bén có hiệu quả quyết định hiệu lực quản lý của chính phủ.";"Bộ máy chính phủ quan liêu, công cành hay gọn nhẹ, nhạy bén, có hiệu quả quyết định hiệu lực quản lý của chính phủ."
mix_kho;18;018_mix_kho.wav;88;96;"vào tháng mười hai cùng năm cô cũng trình diễn trong một buổi hòa nhạc đặc biệt trực tiếp của đài truyền hình abk.";"Vào tháng 12 cùng năm, cô cũng trình diễn trong một buổi hòa nhạc đặc biệt trực tiếp của đài truyền hình Abiki."
mix_kho;19;019_mix_kho.wav;90;95;"anh bỏ học để theo đuổi sự nghiệp âm nhạc sau khi gặp yhan hawk trong một lớp học kinh tế.";"Anh bỏ học để theo đuổi sự nghiệp âm nhạc sau khi gặp Ian Hawke trong một lớp học kinh tế."
mix_kho;20;020_mix_kho.wav;90;100;"tên ông có trên một cột trụ còn lại trong trận hoả hoạn năm một ngàn tám trăm hai mươi ba.";"Tên ông có trên một cột trụ còn lại trong trận hỏa hoạn năm 1823."
mix_kho;21;021_mix_kho.wav;97;100;"giả mẫn vốn là con út của giả đại thiện và sử thái quân phủ vinh quốc em ruột của giả sá giả chính mất năm đại ngọc mới năm tuổi.";"Giả Mẫn Vốn là con út của Giả Đại Thiện và Sử Thái Quân Phủ Vinh Quốc, em ruột của Giả Xá, Giả Chính, mất năm Đại Ngọc mới 5 tuổi."
mix_kho;22;022_mix_kho.wav;83;94;"nvidia đã công bố gtc hai nghìn không trăm sáu mươi vào ngày sáu tháng một năm hai nghìn không trăm mười chín tại ces hai nghìn không trăm mười chín.";"Nvidia đã công bố GTC 2060 vào ngày 6 tháng 1 năm 2019 tại CES 2019."
mix_kho;23;023_mix_kho.wav;55;61;"cá bò xà có thể dùng một trong năm tên bò xà bò cố thì catfish bò xà catfish và bò cố thì catfish còn cá tra có thể dùng một trong ba tên swine sachet catfish và striped catfish.";"Cá bossa có thể dùng 1 trong 5 tên bossa, boco thì fish, bossa catfish và boco thì catfish,  còn cá cha có thể dùng 1 trong 3 tên swai, sachai catfish và striped catfish."
mix_kho;24;024_mix_kho.wav;69;69;"bốn dòng sông lớn nhất của eswatini là camati yuzutu mbiluzi và ngawuma.";"Bốn dòng sông lớn nhất của Eswatini là Kamoti, Yuzutu, Mbiluji và Nguavuma."
mix_kho;25;025_mix_kho.wav;94;100;"andrea walken tuyên bố bà cam kết phá huỷ sự thống trị của nam giới và bản thân giới trong khi khẳng định niềm tin của bà vào chủ nghĩa nữ quyền cấp tiến.";"Andrea Dworkin tuyên bố bà cam kết phá hủy sự thống trị của nam giới và bản thân giới trong khi khẳng định niềm tin của bà vào chủ nghĩa nữ quyền cấp tiến."
mix_kho;26;026_mix_kho.wav;88;97;"tháng hai năm lane gates thông báo rằng họ đang phát triển phần tiếp theo cho bộ phim trong đó daniel craig tiếp tục đảm nhiệm vai thám tử blind của mình.";"Tháng 2 năm 2020, Lionsgate thông báo rằng họ đang phát triển phần tiếp theo cho bộ phim,  trong đó Daniel Craig tiếp tục đảm nhiệm vai thám tử Blank của mình."
mix_kho;27;027_mix_kho.wav;94;94;"bà kết hôn với giám đốc công ty bảo mật alco cosmetics và không có con.";"Bà kết hôn với giám đốc công ty bảo mật Arco Cosmetics và không có con."
mix_kho;28;028_mix_kho.wav;97;100;"những tiền tố sao chép nguyên âm nổi bật là tiền tố xác định na tiền tố vị trí le và tiền tố tạo tính từ mô tả nguồn gốc tê.";"Những tiền tố sao chép nguyên âm nổi bật là tiền tố xác định na, tiền tố vị trí le và tiền tố tạo tính từ mô tả nguồn gốc te."
mix_kho;29;029_mix_kho.wav;92;81;"việc xây dựng một toà nhà ga mới bao gồm một toà nhà ba tầng dài một trăm mười mét và bao gồm một khu vực sàn kín rộng mười ba ngàn bốn trăm mét vuông.";"Việc xây dựng một tòa nhà ga mới bao gồm một tòa nhà 3 tầng dài 110m và bao gồm một khu vực sàn kín rộng 13.400m2."
mix_kho;30;030_mix_kho.wav;91;88;"bà cũng hỗ trợ john henry clarke chỉnh sửa marcus garvey và tầm nhìn châu phi một ngàn chín trăm bảy mươi bốn.";"Bà cũng hỗ trợ John Henry Clark chỉnh sửa Marcus Garvey và tầm nhìn châu Phi 1974."
mix_kho;31;031_mix_kho.wav;96;100;"khoa thi năm một ngàn bốn trăm bảy mươi tám đời vua lê thánh tông không lấy đỗ trạng nguyên mà lấy hai thám hoa.";"Khoa thi năm 1478, đời vua Lê Thánh Tông không lấy đỗ trạng nguyên mà lấy hai thám hoa."
mix_kho;32;032_mix_kho.wav;100;100;"vào mùa hè bộ lông có màu nâu nhạt xám hoặc xám pha đỏ hung lông mịn và ngắn.";"Vào mùa hè, bộ lông có màu nâu nhạt, xám hoặc xám pha đỏ hung, lông mịn và ngắn."
mix_kho;33;033_mix_kho.wav;100;100;"giải đấu sẽ bao gồm các đội kết thúc từ thứ bảy đến hai mươi hai ở vòng loại.";"Giải đấu sẽ bao gồm các đội kết thúc từ thứ 7 đến 22 ở vòng loại."
mix_kho;34;034_mix_kho.wav;95;95;"không lâu sau aryan cắt cổ tên đại ca của chúng để trả thù vì chuyện này mà cha cô.";"Không lâu sau Ariang cắt cổ tên đại ca của chúng để trả thù vì chuyện này mà cha cô"
mix_kho;35;035_mix_kho.wav;100;100;"đà tiến công của quân anh cuối cùng đã bị chặn đứng khi pháo binh đức loại hai mươi tám xe tăng ra khỏi vòng chiến.";"Đà tiến công của quân Anh cuối cùng đã bị chặn đứng khi pháo binh đức loại 28 xe tăng ra khỏi vòng chiến."
mix_kho;36;036_mix_kho.wav;82;83;"hai trăm lẻ chín chi tiêu cho chiến tranh đạt ba mươi bảy phần trăm ggp vào năm một ngàn chín trăm bốn mươi bảy đến bốn sau với bốn phần trăm chi tiêu trong giai đoạn một ngàn chín trăm ba mươi chín đến một ngàn chín trăm bốn mươi.";"209 tri tiêu cho chiến tranh đạt 37% GDP vào năm 1940-41, so với 4% tri tiêu trong giai đoạn 1939-1940."
mix_kho;37;037_mix_kho.wav;94;94;"trong màn trình diễn này pháo hoa đã nổ xung quanh paris và sân vận động.";"Trong màn trình diễn này, pháo hoa đã nổ xung quanh Paris và sân vận động."
mix_kho;38;038_mix_kho.wav;100;100;"chiến công đó góp phần quyết định vào thắng lợi của mặt trận bảo đảm giao thông chi viện cho tiền tuyến lớn miền nam.";"Chiến công đó góp phần quyết định vào thắng lợi của mặt trận bảo đảm giao thông, chi viện cho tiền tuyến lớn miền Nam."
mix_kho;39;039_mix_kho.wav;100;100;"đội thụy sĩ đã thi đấu quốc tế tổng cộng sáu trăm bảy mươi lăm lần với bảy mươi ba đội tuyển khác nhau.";"đội Thụy Sĩ đã thi đấu quốc tế tổng cộng 675 lần với 73 đội tuyển khác nhau."
mix_kho;40;040_mix_kho.wav;86;100;"bà tốt nghiệp đại học rose ở graham town năm một ngàn chín trăm bảy mươi chín sau đó là bằng danh dự về báo chí và ngôn ngữ học.";"Bà tốt nghiệp Đại học Rhodes ở Grahamstown năm 1979, sau đó là bằng danh dự về báo chí và ngôn ngữ học."
mix_kho;41;041_mix_kho.wav;69;100;"website tham dự liên hoan phim sundance 2014 vào ngày mười sáu tháng một năm hai ngàn không trăm mười bốn.";"Whiplash tham dự liên hoan phim Sundance 2014 vào ngày 16 tháng 1 năm 2014."
mix_kho;42;042_mix_kho.wav;79;79;"toán trinh sát trung đoàn tám kỵ binh hoàng gia ireland tám thét kinh royal irish huzzard fourteen phường.";"Toán trinh sát Trung đoàn Tám kỵ binh Hoàng gia Ireland VIII, Thét Kings, Royal Irish Hussars XIV, Phường."
mix_kho;43;043_mix_kho.wav;91;94;"agustin barrios sinh năm một ngàn tám trăm tám mươi lăm tại ngôi làng nhỏ san juan bautista quận misaionie miền nam paraguay.";"Agustin Barrios sinh năm 1885 tại ngôi làng nhỏ San Juan Bautista, quận Misayonis, miền nam Paraguay."
mix_kho;44;044_mix_kho.wav;90;100;"bà cũng là lãnh sự tại milan một ngàn chín trăm sáu mươi bảy đến một ngàn chín trăm bảy mươi hai và ở new york một ngàn chín trăm bảy mươi hai đến một ngàn chín trăm bảy mươi tám.";"Bà cũng là lãnh sự tại Milan 1967-1972 và ở New York 1972-1978."
mix_kho;45;045_mix_kho.wav;95;95;"ông đã phát triển các tiêu chuẩn về thể lực của dorsal và thực hiện chúng vào năm 1966.";"ông đã phát triển các tiêu chuẩn về thể lực của DOSAF và thực hiện chúng vào năm 1966."
mix_kho;46;046_mix_kho.wav;50;50;"các nguồn cũ khác bao gồm nihon reiki 810 đến 820 và wayne ruy gorge không.";"Các nguồn cũ khác bao gồm Nihan Reiki 810-820 và Waymi Rui Josh 0."
mix_kho;47;047_mix_kho.wav;100;100;"nhiệt kế thủy ngân thủy ngân chứa bên trong ống thủy tinh mặc dù các chất lựa chọn cho thay thế có thể đáp ứng.";"Nhiệt kế thủy ngân, thủy ngân chứa bên trong ống thủy tinh mặc dù các chất lựa chọn cho thay thế có thể đáp ứng."
mix_kho;48;048_mix_kho.wav;86;100;"bà qua đời ở ca ra kết vào ngày chín tháng hai năm hai ngàn không trăm mười một ở tuổi tám mươi bảy vì những nguyên nhân tự nhiên.";"Bà qua đời ở Caracas vào ngày 9 tháng 2 năm 2011 ở tuổi 87 vì những nguyên nhân tự nhiên."
mix_kho;49;049_mix_kho.wav;81;86;"bộ truyện xuất hiện lần đầu tiên trên le pét ti vinh thăm một ấn bản bổ sung dành cho thanh thiếu niên của tờ le vinh thăm cycles vào ngày mười tháng một năm một ngàn chín trăm hai mươi chín bằng tiếng pháp.";"Bộ chuyện xuất hiện lần đầu tiên trên le Petty Vingtime, một ấn bản bổ sung dành cho thanh thiếu niên của tờ le Vingtime Sickle, vào ngày 10 tháng 1 năm 1929 bằng tiếng Pháp."
mix_kho;50;050_mix_kho.wav;93;100;"quay lại nhìn deen terra vẫn muốn dùng súng bắn chết hắn mặc cho jesus bảo cô đừng để ý chí trả thù cho cái chết của denise lấn át.";"Quay lại nhìn Dean, Tara vẫn muốn dùng súng bắn chết hắn, mặc cho Jesus bảo cô đừng để ý chí trả thù cho cái chết của Denise lấn át."
mix_kho;51;051_mix_kho.wav;69;85;"doss ramos làm việc thành công cho đến khi cô đến gia kỳ tv international.";"Dos Ramos làm việc thành công cho đến khi cô đến Yaki TV International."
mix_kho;52;052_mix_kho.wav;61;83;"admin và phe của anh ta trong picasso đã đến istanbul nagara vào buổi tối để nói chuyện với yang ji seung hun ah gong.";"Asmin và phe của anh ta trong Picasso đã đến Istana Negara vào buổi tối để nói chuyện với Yang Ji Pyochuen Agong."
mix_kho;53;053_mix_kho.wav;97;100;"cuối năm một ngàn chín trăm năm mươi mốt ông tình nguyện nhập ngũ vào quân đội quốc gia mang số quân năm mươi hai bảy trăm nghìn không trăm lẻ tám.";"Cuối năm 1951, ông tình nguyện nhập ngũ vào quân đội quốc gia, mang số quân 52.700.008."
mix_kho;54;054_mix_kho.wav;90;88;"bản phát hành đầu tiên là bản phối lại của ca khúc survival seeing it bell bell phát hành vào ngày sáu tháng ba năm hai ngàn không trăm lẻ chín tiếp theo là i do not know why.";"Bản phát hành đầu tiên là bản phối lại của ca khúc Survival Seeing Is Bell Bell, phát hành vào ngày 6 tháng 3 năm 2009.  Tiếp theo là I Do Not Know Why."
mix_kho;55;055_mix_kho.wav;88;100;"từ năm hai ngàn không trăm lẻ tám đến hai ngàn không trăm mười một anh có bốn mươi sáu lần ra sân và ghi hai bàn thắng tại giải vô địch cho sang ga.";"Từ năm 2008 đến 2011, anh có 46 lần ra sân và ghi 2 bàn thắng tại giải vô địch cho Sanga."
mix_kho;56;056_mix_kho.wav;94;84;"cờ quốc gia của na uy một ngàn tám trăm bốn mươi bốn đến một ngàn tám trăm chín mươi chín với nhãn hiệu na uy và thụy điển salad cá trích.";"cờ quốc gia của Na Uy 1844-1899 với nhãn hiệu Na Uy và Thụy Điển Salat Kachik."
mix_kho;57;057_mix_kho.wav;97;97;"lão đại tá nể phục sự dũng cảm của sprit khi thấy chú nhảy băng qua vách núi cách quá xa bên kia bờ lão quyết định sẽ không truy đuổi chú nữa.";"Lão đại tá nể phục sự dũng cảm của Spirit khi thấy chú nhảy băng qua vách nuối cách quá xa bên kia bờ, lão quyết định sẽ không truy đuổi chú nữa."
mix_kho;58;058_mix_kho.wav;93;93;"abrams đảm nhiệm vị trí giám sát công tác hậu kỳ cho star wars thân lực thức tỉnh tại trụ sở của bed robot productions ở santa monica.";"Abrams đảm nhiệm vị trí giám sát công tác hậu kỳ cho Star Wars, thân lực thức tỉnh tại trụ sở của Beth Robot Productions ở Santa Monica."
mix_kho;59;059_mix_kho.wav;77;93;"album đoạt giải hai nghìn không trăm lẻ ba top awards dành cho nữ diễn viên chính xuất sắc nhất.";"Aung đoạt giải 2003 TOP Award dành cho nữ diễn viên chính xuất sắc nhất."
mix_kho;60;060_mix_kho.wav;95;100;"niên hiệu hoàng thống một ngàn một trăm bốn mươi mốt đến một ngàn một trăm bốn mươi chín phổ chiếu soạn hành trạng cuộc đời và viết phó chúc cho môn đệ và đến ngày thứ hai mươi thì viên tịch.";"niên hiệu hoàng thống 1141-1149, phổ chiếu soạn hành trạng cuộc đời và viết phó chúc cho môn đệ, và đến ngày thứ 20 thì viên tịch."
mix_kho;61;061_mix_kho.wav;84;86;"anh ra mắt chuyên nghiệp tại russian second division năm hai ngàn không trăm lẻ bảy cho fk.";"Anh ra mắt chuyên nghiệp tại Russian Second Division năm 2007 cho FK."
mix_kho;62;062_mix_kho.wav;85;85;"bắt đầu từ năm một ngàn tám trăm chín mươi chín thomas bolenovic duterte trở thành một trong những thành viên của ban xây dựng moscow.";"Bắt đầu từ năm 1899, Thomas Bodinovich Dvořeky trở thành một trong những thành viên của Ban xây dựng Moscow."
mix_kho;63;063_mix_kho.wav;79;93;"alex ba chị em gái anh trai earnest earny và cha bà ngã bệnh.";"Alex, ba chị em gái, anh trai Ernst Ernie và cha bà ngã bệnh."
mix_kho;64;064_mix_kho.wav;17;58;"cha mẹ anh là emily gatson bush taylor và marga cân xu lâu laura perez.";"Cha mẹ anh là Emilio Gus Bustaylos và Mara Consuelo Lóra Prez."
mix_kho;65;065_mix_kho.wav;93;91;"cô đã phát hành đĩa nhựa có tên in final we trust gồm bảy bài hát vào ngày tám tháng sáu năm hai ngàn không trăm mười tám.";"Cô đã phát hành đĩa nhựa có tên Infina We Trust, gồm 7 bài hát vào ngày 8 tháng 6 năm 2018."
mix_kho;66;066_mix_kho.wav;100;100;"ấu trùng của họ này sống tự do và hầu hết các loài là săn mồi.";"Ấu trùng của họ này sống tự do và hầu hết các loài là săn mồi."
mix_kho;67;067_mix_kho.wav;100;100;"chúng hiền lành thân thiện thông minh và sống rất tình cảm.";"Chúng hiền lành, thân thiện, thông minh và sống rất tình cảm."
mix_kho;68;068_mix_kho.wav;100;100;"phim dựa trên sự kiện có thật nói về một nhóm trộm tuổi thiếu niên nổi loạn đột nhập vào nhà của một ngôi sao nổi tiếng và phá tanh bành.";"Phim dựa trên sự kiện có thật, nói về một nhóm trộm tuổi thiếu niên nổi loạn đột nhập vào nhà của một ngôi sao nổi tiếng và phá tanh bành."
mix_kho;69;069_mix_kho.wav;68;77;"chỉ áp dụng trên các máy bay boeing 777 từ 300 s gồm có sáu chỗ ngồi xếp theo cấu hình.";"Chỉ áp dụng trên các máy bay Boeing 777-300, Acer gồm có 6 chỗ ngồi xếp theo cấu hình."
mix_kho;70;070_mix_kho.wav;96;92;"năm một ngàn chín trăm tám mươi lăm cô phát hành ca khúc i know him so well với barbara dixon trích từ vở nhạc kịch chess cho đến nay đây vẫn là bản thu bán chạy nhất của một cặp song ca nữ.";"Năm 1985, cô phát hành ca khúc I Know Him So Well với Barbara Dixon Chick từ vở nhạc kịch jazz.  Cho đến nay, đây vẫn là bản thu bán chạy nhất của một cặp song ca nữ."
mix_kho;71;071_mix_kho.wav;100;100;"với lệnh này quốc hội frankfurt đã thành lập các văn phòng của.";"Với lệnh này, Quốc hội Frankfurt đã thành lập các văn phòng của"
mix_kho;72;072_mix_kho.wav;96;100;"là một nhân vật văn hoá dân gian độc đáo có thật và là nguyên mẫu nhân vật của nhiều giai thoại.";"là một nhân vật văn hóa dân gian độc đáo, có thật và là nguyên mẫu nhân vật của nhiều giai thoại."
mix_kho;73;073_mix_kho.wav;97;93;"anh quay trở về nhà để xem bản tin về một sao chổi mang tên clark đang tiến đến gần trái đất cùng với hàng xóm và gia đình mình.";"Anh quay trở về nhà để xem bản tin về một sao trổi mang tên Clark đang tiến đến gần trái đất, cùng với hàng xóm và gia đình mình."
mix_kho;74;074_mix_kho.wav;87;93;"allen park và whitney moore đã xác nhận sẽ tái diễn vai trong phim này.";"Alan Bach và Whitney Moore đã xác nhận sẽ tái diễn vai trong phim này."
mix_kho;75;075_mix_kho.wav;97;96;"ở mỹ khoảng hai phần trăm dân số bị viêm gan siêu vi xi với khoảng ba mươi lăm nghìn đến một trăm tám mươi lăm nghìn ca mới mỗi năm.";"Ở Mỹ, khoảng 2% dân số bị viêm gan siêu vi-si, với khoảng 35.000 đến 185.000 ca mới mỗi năm."
mix_kho;76;076_mix_kho.wav;75;94;"bài trao tình hiếm trong cuốn christian harmony 1805 của jeremy ingalls có giai điệu khá giống.";"Bài Shouting Him trong cuốn Christian Harmony 1805 của Jeremiah Ingalls có giai điệu khá giống."
mix_kho;77;077_mix_kho.wav;96;86;"cô trở thành cô gái tangania đầu tiên tham dự cuộc thi hoa hậu hoàn vũ và xếp thứ sáu chung cuộc.";"Cô trở thành cô gái Tanzania đầu tiên tham dự cuộc thi Hoa hậu Hoàn Vũ và xếp thứ 6 Trung Quốc."
mix_kho;78;078_mix_kho.wav;100;100;"hàm số cầu có thể chuyển từ hàm số theo biến phường quận phường về hàm số theo biến quận phường quận.";"Hàm số cầu có thể chuyển từ hàm số theo biến phường quận phường về hàm số theo biến quận phường quận."
mix_kho;79;079_mix_kho.wav;100;100;"đây chính là lý do cho sự xuất hiện của tác phẩm concluding Postscript.";"Đây chính là lý do cho sự xuất hiện của tác phẩm Concluding Postscript."
mix_kho;80;080_mix_kho.wav;100;100;"mục đích của các quảng cáo là để đối chiếu các phiên bản màu trắng và đen của máy.";"Mục đích của các quảng cáo là để đối chiếu các phiên bản màu trắng và đen của máy."
mix_kho;81;081_mix_kho.wav;87;87;"jurgenia một nhà hàng ba sao michaelian nằm trên tầng tám của sân vận động.";"Geranium, một nhà hàng 3 sao Michelin, nằm trên tầng 8 của sân vận động."
mix_kho;82;082_mix_kho.wav;95;95;"sau khi liên xô sụp đổ thành phố trải qua một thời kỳ khó khăn suốt thập niên 1990.";"Sau khi Liên Xô sụp đổ, thành phố trải qua một thời kỳ khó khăn suốt thập niên 1990."
mix_kho;83;083_mix_kho.wav;100;100;"bà là giám đốc điều hành của công ty dầu khí quốc gia uganda.";"Bà là giám đốc điều hành của công ty dầu khí quốc gia Uganda."
mix_kho;84;084_mix_kho.wav;58;78;"vào ngày 1 tháng 15 hai nghìn không trăm mười bốn vogue siêu jett age đã tiếp quản công ty prop shop model makers limited.";"Vào ngày 1 tháng 10 năm 2014, Voxiljet AG đã tiếp quản công ty Prop Shop Model Makers Limited."
mix_kho;85;085_mix_kho.wav;95;95;"tuy nhiên thực tế lời hứa chuyển giao quyền lực trên đã hai lần bị ông mather trì hoãn.";"Tuy nhiên thực tế, lời hứa chuyển giao quyền lực trên đã hai lần bị ông Mahathir chỉ hoãn."
mix_kho;86;086_mix_kho.wav;88;94;"tuy nhiên ngay sau khi henry i qua đời stephen broys đã chiếm ngai vàng của mateoda.";"Tuy nhiên ngay sau khi Henry y qua đời, Stephen Blois đã chiếm ngai vàng của Matilda."
mix_kho;87;087_mix_kho.wav;93;96;"ai cập trở thành quốc gia ả rập đầu tiên nhận máy bay chiến đấu mig21 vào năm 1962 iraq năm 1963 và syria năm 1967.";"Ai Cập trở thành quốc gia Ả Dập đầu tiên nhận máy bay chiến đấu MiG-21 vào năm 1962, Iraq năm 1963 và Syria năm 1967."
mix_kho;88;088_mix_kho.wav;77;86;"khoảng năm một ngàn năm trăm hai mươi sáu tì ki ni hạ đản giáp qua đời tổ ất lên nối ngôi.";"Khoảng năm 1526 Tikini hạ đản giáp qua đời, tổ ất lên nối ngôi."
mix_kho;89;089_mix_kho.wav;100;100;"lúc việt châu bị mất cao tông không dám lên bờ nữa phải ăn tết ngay trên thuyền.";"Lúc Việt Châu bị mất, Cao Tông không dám lên bờ nữa, phải ăn Tết ngay trên thuyền."
mix_kho;90;090_mix_kho.wav;100;100;"các quốc gia và lãnh thổ tham gia hoa hậu hoàn vũ hai nghìn không trăm lẻ hai và kết quả.";"các quốc gia và lãnh thổ tham gia Hoa hậu Hoàn Vũ 2002 và kết quả."
mix_kho;91;091_mix_kho.wav;80;88;"phần thứ hai cũng là phần cuối của vn này phát hành kèm trong hộp đĩa jvg và bluesay biên soạn thứ tám vào ngày hai mươi sáu tháng bốn năm hai ngàn không trăm mười bảy.";"Phần thứ hai cũng là phần cuối của visual novel này phát hành kèm trong hộp đĩa GVG và BlueJay biên soạn thứ 8 vào ngày 26 tháng 4 năm 2017."
mix_kho;92;092_mix_kho.wav;83;89;"năm hai ngàn không trăm lẻ bảy google bắt đầu tài trợ cho norwich santa thay thế nhà tài trợ cũ aos.";"Năm 2007, Google bắt đầu tài trợ cho NoradTrack Santa thay thế nhà tài trợ cũ AOL."
mix_kho;93;093_mix_kho.wav;96;91;"franka vừa là đồng tác giả nhiều vở kịch của chồng vừa là nữ diễn viên chính và chịu trách nhiệm quản lý.";"Franka vừa là đồng tác giả nhiều vợ kịch của chồng, vừa là nữ diễn viên chính và chịu trách nhiệm quản lý."
mix_kho;94;094_mix_kho.wav;53;76;"các khu vực xung quanh bao gồm cao ly hemfield ecuador ecuador ukbridge west drayton usley hayes và bradley.";"Các khu vực xung quanh bao gồm Cowley, Harefield, Aikarnam, Uxbridge, West Drayton, Uxley, Hayes và Wright Slip"
mix_kho;95;095_mix_kho.wav;93;87;"sarah winchester là vợ góa của nhà sản xuất súng danh tiếng william word winchester.";"Sarah Winchester là vợ quá của nhà sản xuất súng danh tiếng William Ward Winchester."
mix_kho;96;096_mix_kho.wav;100;100;"raw ra đời khiến cho ảnh số ngày một gần với ảnh tráng phim.";"RAW ra đời khiến cho ảnh số ngày một gần với ảnh tráng phim."
mix_kho;97;097_mix_kho.wav;91;100;"bush cũng bổ nhiệm phụ tá của rice steven hailey vào chức vụ cố vấn an ninh quốc gia thay thế rice.";"Bush cũng bổ nhiệm phụ tá của Rice, Stephen Hadley, vào chức vụ cố vấn an ninh quốc gia thay thế Rice."
mix_kho;98;098_mix_kho.wav;100;100;"từ một nghìn chín trăm bốn mươi sáu tới một nghìn chín trăm bốn mươi tám ông giảng dạy tại đại học georgia tiếp theo là ba năm giảng dạy tại đại học bang washington.";"Từ 1946 tới 1948, ông giảng dạy tại Đại học Georgia. Tiếp theo là 3 năm giảng dạy tại Đại học bang Washington."
mix_kho;99;099_mix_kho.wav;87;91;"khi grand soda mới chỉ có ba tuổi bà cùng mẹ mình quyết định đến medellín trung tâm của công nghiệp cocaine tại colombia.";"Khi Grisoda mới chỉ có 3 tuổi, bà cùng mẹ mình quyết định đến Medellin, trung tâm của công nghiệp cocaine tại Columbia."
mix_kho;100;100_mix_kho.wav;100;96;"mô hình side là một sự phát triển gần đây của lý thuyết khử phân tách đề cập đến mô hình nhận dạng phân tách xã hội.";"Mô hình site là một sự phát triển gần đây của lý thuyết khử phân tách, đề cập đến mô hình nhận dạng phân tách xã hội."
