@@ vocab_config_from_master ham/0.2 — sinh từ 02_data/inventory_ham.tsv sha256=f63586e8f4bdd7f0aad0e3050d58c2c89e3b7416a36c7d73d15b1a21e5f712bf (master GIỮ nguyên repr; loss kokoro178 chỉ ở profile export, không ở vocab)
@@ cột: loai<TAB>semantic_id<TAB>unicode<TAB>ghi_chu_nguon
segment	PHONE_B_IMP	ɓ	
segment	PHONE_D_IMP	ɗ	
segment	PHONE_C	c	
segment	PHONE_TR	ʈʂ	
segment	PHONE_GI	ʝ	
segment	PHONE_R_VI	ʐ	
segment	PHONE_NH	ɲ	
segment	PHONE_KH	x	
segment	PHONE_GH	ɣ	
segment	PHONE_TH	tʰ	
segment	PHONE_S_RETRO	ʂ	
segment	PHONE_S	s	
segment	PHONE_Z	z	
segment	PHONE_F	f	
segment	PHONE_V	v	
segment	PHONE_L	l	
segment	PHONE_M	m	
segment	PHONE_N	n	
segment	PHONE_H	h	
segment	PHONE_K	k	
segment	PHONE_NG	ŋ	
segment	PHONE_W	w	
segment	PHONE_J	j	
segment	PHONE_I	i	
segment	PHONE_U	u	
segment	PHONE_OPEN_E	ɛ	
segment	PHONE_OPEN_E_PREVELAR	ɛ	
segment	PHONE_OPEN_O	ɔ	
segment	PHONE_SCHWA	ə	
segment	PHONE_A_LONG	aː	
segment	PHONE_A_SHORT	a	
segment	PHONE_E	e	
segment	PHONE_O	o	
segment	PHONE_UHORN	ɨ	
segment	PHONE_SCHWA_LONG	əː	
segment	PHONE_I_SCHWA	iə	
segment	PHONE_U_SCHWA	uə	
segment	PHONE_UHORN_SCHWA	ɨə	
segment	PHONE_AA	ɑ	
segment	PHONE_AE	æ	
segment	PHONE_AH	ʌ	
segment	PHONE_AU	aʊ	
segment	PHONE_AI	aɪ	
segment	PHONE_EY	eɪ	
segment	PHONE_IH	ɪ	
segment	PHONE_OW	oʊ	
segment	PHONE_OY	ɔɪ	
segment	PHONE_UH	ʊ	
segment	PHONE_ER	ɚ	
segment	PHONE_ER_STRESS	ɝ	
segment	PHONE_B	b	
segment	PHONE_D	d	
segment	PHONE_P	p	
segment	PHONE_T	t	
segment	PHONE_G_HARD	ɡ	
segment	PHONE_R	ɹ	
segment	PHONE_DH	ð	
segment	PHONE_THETA	θ	
segment	PHONE_SH	ʃ	
segment	PHONE_ZH	ʒ	
segment	PHONE_TSH	tʃ	
segment	PHONE_DZH	dʒ	
prosody	TONE_NGANG	1	
prosody	TONE_HUYEN	2	
prosody	TONE_SAC	3	
prosody	TONE_HOI	4	
prosody	TONE_NGA	5	
prosody	TONE_NANG	6	
prosody	STRESS_PRIMARY	ˈ	
prosody	STRESS_SECONDARY	ˌ	
control	PUNCT_PERIOD	.	
control	PUNCT_COMMA	,	
control	PUNCT_COLON	:	
control	PUNCT_SEMICOLON	;	
control	PUNCT_QUESTION	?	
control	PUNCT_EXCLAIM	!	
control	PUNCT_ELLIPSIS	…	
control	PUNCT_DASH	—	
