form	freq	ung_vien
cup	6329	cúp;cụp;cứp;cựp
top	1907	tóp;tọp;tốp;tộp;tớp;tợp
hot	1186	hót;họt;hốt;hột;hớt;hợt
chip	1029	chíp;chịp
viet	716	viết;việt
hye	627	hyê;hyế;hyề;hyể;hyễ;hyệ
net	466	nét;nẹt;nết;nệt
hit	456	hít;hịt
pop	452	póp;pọp;pốp;pộp;pớp;pợp
mac	443	mác;mạc;mấc;mậc;mắc;mặc
set	424	sét;sẹt;sết;sệt
chat	364	chát;chạt;chất;chật;chắt;chặt
tik	354	tík;tịk
pep	284	pép;pẹp;pếp;pệp
book	275	boók;boọk;boốk;boộk;bóok;bọok
tok	249	tók;tọk;tốk;tộk;tớk;tợk
rap	246	ráp;rạp;rấp;rập;rắp;rặp
bit	243	bít;bịt
kit	232	kít;kịt
ok	203	ók;ọk;ốk;ộk;ớk;ợk
chuyen	194	chuyên;chuyến;chuyền;chuyển;chuyễn;chuyện
nou	187	noư;noứ;noừ;noử;noữ;noự
soo	185	soơ;soớ;soờ;soở;soỡ;soợ
dat	179	dát;dạt;dất;dật;dắt;dặt
ye	157	yê;yế;yề;yể;yễ;yệ
suk	156	súk;sụk;sứk;sựk
hat	153	hát;hạt;hất;hật;hắt;hặt
hop	151	hóp;họp;hốp;hộp;hớp;hợp
cac	146	các;cạc;cấc;cậc;cắc;cặc
hoc	141	hóc;học;hốc;hộc;hớc;hợc
tech	137	téch;tẹch;tếch;tệch
et	129	ét;ẹt;ết;ệt
lich	123	lích;lịch
duoc	123	duóc;duọc;duốc;duộc;dúoc;dụoc
doc	121	dóc;dọc;dốc;dộc;dớc;dợc
nguyen	110	nguyên;nguyến;nguyền;nguyển;nguyễn;nguyện
lien	107	liên;liến;liền;liển;liễn;liện
mat	106	mát;mạt;mất;mật;mắt;mặt
cap	100	cáp;cạp;cấp;cập;cắp;cặp
hip	100	híp;hịp
cook	100	coók;coọk;coốk;coộk;cóok;cọok
boot	91	boót;boọt;boốt;boột;bóot;bọot
bot	91	bót;bọt;bốt;bột;bớt;bợt
dot	90	dót;dọt;dốt;dột;dớt;dợt
tien	90	tiên;tiến;tiền;tiển;tiễn;tiện
kop	90	kóp;kọp;kốp;kộp;kớp;kợp
mot	87	mót;mọt;mốt;một;mớt;mợt
koch	85	kóch;kọch;kốch;kộch;kớch;kợch
sik	80	sík;sịk
map	79	máp;mạp;mấp;mập;mắp;mặp
yen	78	yên;yến;yền;yển;yễn;yện
met	78	mét;mẹt;mết;mệt
nhat	78	nhát;nhạt;nhất;nhật;nhắt;nhặt
lap	77	láp;lạp;lấp;lập;lắp;lặp
hook	76	hoók;hoọk;hoốk;hoộk;hóok;họok
lip	72	líp;lịp
rich	71	rích;rịch
phuc	70	phúc;phục;phức;phực
dich	69	dích;dịch
quoc	69	quóc;quọc;quốc;quộc;qúoc;qụoc
die	67	diê;diế;diề;diể;diễ;diệ;điê
thiet	66	thiết;thiệt
luc	65	lúc;lục;lức;lực
dien	65	diên;diến;diền;diển;diễn;diện;điên
bat	61	bát;bạt;bất;bật;bắt;bặt
vip	61	víp;vịp
nhieu	61	nhiêu;nhiếu;nhiều;nhiểu;nhiễu;nhiệu
cat	60	cát;cạt;cất;cật;cắt;cặt
nghiep	60	nghiếp;nghiệp
diem	59	diêm;diếm;diềm;diểm;diễm;diệm;điêm
gap	58	gáp;gạp;gấp;gập;gắp;gặp
vic	57	víc;vịc
rat	57	rát;rạt;rất;rật;rắt;rặt
rach	57	rách;rạch;rấch;rậch;rắch;rặch
nuoc	56	nuóc;nuọc;nuốc;nuộc;núoc;nụoc
penh	53	pênh;pếnh;pềnh;pểnh;pễnh;pệnh
thuc	52	thúc;thục;thức;thực
hien	50	hiên;hiến;hiền;hiển;hiễn;hiện
ket	50	két;kẹt;kết;kệt
mie	49	miê;miế;miề;miể;miễ;miệ
lou	49	loư;loứ;loừ;loử;loữ;loự
trip	48	tríp;trịp
boo	48	boơ;boớ;boờ;boở;boỡ;boợ
pet	48	pét;pẹt;pết;pệt
oc	48	óc;ọc;ốc;ộc;ớc;ợc
viec	47	viếc;việc
dieu	46	diêu;diếu;diều;diểu;diễu;diệu;điêu
tie	46	tiê;tiế;tiề;tiể;tiễ;tiệ
doo	46	doơ;doớ;doờ;doở;doỡ;doợ;đoơ
suu	45	suư;suứ;suừ;suử;suữ;suự;sưu;sứu;sừu;sửu;sữu;sựu
tip	45	típ;tịp
suit	45	suít;suịt;súit;sụit
biet	44	biết;biệt
tuc	44	túc;tục;tức;tực
mou	43	moư;moứ;moừ;moử;moữ;moự
pot	43	pót;pọt;pốt;pột;pớt;pợt
moo	42	moơ;moớ;moờ;moở;moỡ;moợ
root	40	roót;roọt;roốt;roột;róot;rọot
tiep	40	tiếp;tiệp
bach	40	bách;bạch;bấch;bậch;bắch;bặch
muc	39	múc;mục;mức;mực
kat	39	kát;kạt;kất;kật;kắt;kặt
duo	39	duô;duơ;duố;duồ;duổ;duỗ;duộ;duớ;duờ;duở;duỡ;duợ;dưo;dươ;dứo;dừo;dửo;dữo;dựo;đuô;đuơ;đưo;đươ
ip	39	íp;ịp
tap	37	táp;tạp;tấp;tập;tắp;tặp
vie	37	viê;viế;viề;viể;viễ;việ
tac	36	tác;tạc;tấc;tậc;tắc;tặc
yeo	35	yêo;yếo;yềo;yểo;yễo;yệo
mien	35	miên;miến;miền;miển;miễn;miện
hieu	35	hiêu;hiếu;hiều;hiểu;hiễu;hiệu
xuat	34	xuát;xuạt;xuất;xuật;xuắt;xuặt;xúat;xụat;xứat;xựat
dep	34	dép;dẹp;dếp;dệp
bet	34	bét;bẹt;bết;bệt
mic	34	míc;mịc
lieu	34	liêu;liếu;liều;liểu;liễu;liệu
phat	34	phát;phạt;phất;phật;phắt;phặt
lac	33	lác;lạc;lấc;lậc;lắc;lặc
sach	33	sách;sạch;sấch;sậch;sắch;sặch
bye	33	byê;byế;byề;byể;byễ;byệ
tot	32	tót;tọt;tốt;tột;tớt;tợt
goo	32	goơ;goớ;goờ;goở;goỡ;goợ
guam	32	gưam;gứam;gừam;gửam;gữam;gựam
tuyen	31	tuyên;tuyến;tuyền;tuyển;tuyễn;tuyện
kien	31	kiên;kiến;kiền;kiển;kiễn;kiện
mach	30	mách;mạch;mấch;mậch;mắch;mặch
pit	30	pít;pịt
khach	30	khách;khạch;khấch;khậch;khắch;khặch
noo	29	noơ;noớ;noờ;noở;noỡ;noợ
vien	29	viên;viến;viền;viển;viễn;viện
iec	29	iếc;iệc
chou	29	choư;choứ;choừ;choử;choữ;choự
het	28	hét;hẹt;hết;hệt
chuc	28	chúc;chục;chức;chực
chap	28	cháp;chạp;chấp;chập;chắp;chặp
sap	28	sáp;sạp;sấp;sập;sắp;sặp
yeu	28	yêu;yếu;yều;yểu;yễu;yệu
sook	27	soók;soọk;soốk;soộk;sóok;sọok
pat	27	pát;pạt;pất;pật;pắt;pặt
lop	27	lóp;lọp;lốp;lộp;lớp;lợp
vet	27	vét;vẹt;vết;vệt
pic	27	píc;pịc
khac	27	khác;khạc;khấc;khậc;khắc;khặc
oak	26	oák;oạk;oắk;oặk;óak;ọak
boat	26	boát;boạt;boất;boật;boắt;boặt;bóat;bọat
bac	26	bác;bạc;bấc;bậc;bắc;bặc
siem	26	siêm;siếm;siềm;siểm;siễm;siệm
cach	26	cách;cạch;cấch;cậch;cắch;cặch
chien	25	chiên;chiến;chiền;chiển;chiễn;chiện
soc	25	sóc;sọc;sốc;sộc;sớc;sợc
duc	25	dúc;dục;dức;dực
typ	25	týp;tỵp
luo	25	luô;luơ;luố;luồ;luổ;luỗ;luộ;luớ;luờ;luở;luỡ;luợ;lưo;lươ;lứo;lừo;lửo;lữo;lựo
lak	25	lák;lạk;lấk;lậk;lắk;lặk
pie	25	piê;piế;piề;piể;piễ;piệ
dok	24	dók;dọk;dốk;dộk;dớk;dợk
pip	24	píp;pịp
nap	23	náp;nạp;nấp;nập;nắp;nặp
voip	23	voíp;voịp;vóip;vọip
koo	23	koơ;koớ;koờ;koở;koỡ;koợ
ak	23	ák;ạk;ấk;ậk;ắk;ặk
nhap	23	nháp;nhạp;nhấp;nhập;nhắp;nhặp
thuoc	22	thuóc;thuọc;thuốc;thuộc;thúoc;thụoc
sat	22	sát;sạt;sất;sật;sắt;sặt
trieu	22	triêu;triếu;triều;triểu;triễu;triệu
rip	22	ríp;rịp
quyet	22	quyết;quyệt
hoat	22	hoát;hoạt;hoất;hoật;hoắt;hoặt;hóat;họat
kiem	21	kiêm;kiếm;kiềm;kiểm;kiễm;kiệm
op	21	óp;ọp;ốp;ộp;ớp;ợp
rep	21	rép;rẹp;rếp;rệp
bien	21	biên;biến;biền;biển;biễn;biện
nit	21	nít;nịt
tich	21	tích;tịch
coop	20	coóp;coọp;coốp;coộp;cóop;cọop
cuc	20	cúc;cục;cức;cực
kook	20	koók;koọk;koốk;koộk;kóok;kọok
git	20	gít;gịt
nat	19	nát;nạt;nất;nật;nắt;nặt
viac	19	viác;viạc;víac;vịac
loch	19	lóch;lọch;lốch;lộch;lớch;lợch
sec	19	séc;sẹc;sếc;sệc
quyen	19	quyên;quyến;quyền;quyển;quyễn;quyện
pap	19	páp;pạp;pấp;pập;pắp;pặp
truc	19	trúc;trục;trức;trực
phap	19	pháp;phạp;phấp;phập;phắp;phặp
trap	19	tráp;trạp;trấp;trập;trắp;trặp
giup	19	giúp;giụp;giứp;giựp;gíup;gịup
cech	18	céch;cẹch;cếch;cệch
menh	18	mênh;mếnh;mềnh;mểnh;mễnh;mệnh
pak	18	pák;pạk;pấk;pậk;pắk;pặk
vuc	18	vúc;vục;vức;vực
hoo	18	hoơ;hoớ;hoờ;hoở;hoỡ;hoợ
coat	18	coát;coạt;coất;coật;coắt;coặt;cóat;cọat
tieng	17	tiêng;tiếng;tiềng;tiểng;tiễng;tiệng
hut	17	hút;hụt;hứt;hựt
lok	17	lók;lọk;lốk;lộk;lớk;lợk
oat	17	oát;oạt;oất;oật;oắt;oặt;óat;ọat
thap	17	tháp;thạp;thấp;thập;thắp;thặp
phien	17	phiên;phiến;phiền;phiển;phiễn;phiện
ap	16	áp;ạp;ấp;ập;ắp;ặp
coo	16	coơ;coớ;coờ;coở;coỡ;coợ
kuo	16	kuô;kuơ;kuố;kuồ;kuổ;kuỗ;kuộ;kuớ;kuờ;kuở;kuỡ;kuợ;kưo;kươ;kứo;kừo;kửo;kữo;kựo
tut	15	tút;tụt;tứt;tựt
yak	15	yák;yạk;ýak;ỵak
suat	15	suát;suạt;suất;suật;suắt;suặt;súat;sụat;sứat;sựat
toc	15	tóc;tọc;tốc;tộc;tớc;tợc
trek	15	trék;trẹk;trếk;trệk
mech	15	méch;mẹch;mếch;mệch
poop	15	poóp;poọp;poốp;poộp;póop;pọop
kenh	15	kênh;kếnh;kềnh;kểnh;kễnh;kệnh
hooc	15	hoóc;hoọc;hoốc;hoộc;hóoc;họoc
uac	14	uác;uạc;uắc;uặc;úac;ụac;ứac;ựac
xet	14	xét;xẹt;xết;xệt
vat	14	vát;vạt;vất;vật;vắt;vặt
chit	14	chít;chịt
duk	14	dúk;dụk;dứk;dựk
loop	14	loóp;loọp;loốp;loộp;lóop;lọop
tat	14	tát;tạt;tất;tật;tắt;tặt
chuk	14	chúk;chụk;chứk;chựk
hoach	14	hoách;hoạch;hoắch;hoặch;hóach;họach
lit	14	lít;lịt
pac	14	pác;pạc;pấc;pậc;pắc;pặc
hou	14	hoư;hoứ;hoừ;hoử;hoữ;hoự
kap	14	káp;kạp;kấp;kập;kắp;kặp
nut	13	nút;nụt;nứt;nựt
dye	13	dyê;dyế;dyề;dyể;dyễ;dyệ;đyê
kip	13	kíp;kịp
guo	13	guô;guơ;guố;guồ;guổ;guỗ;guộ;guớ;guờ;guở;guỡ;guợ;gưo;gươ;gứo;gừo;gửo;gữo;gựo
chop	13	chóp;chọp;chốp;chộp;chớp;chợp
tuk	13	túk;tụk;tứk;tựk
kok	13	kók;kọk;kốk;kộk;kớk;kợk
truoc	13	truóc;truọc;truốc;truộc;trúoc;trụoc
trien	13	triên;triến;triền;triển;triễn;triện
yep	13	yếp;yệp
luat	13	luát;luạt;luất;luật;luắt;luặt;lúat;lụat;lứat;lựat
hic	13	híc;hịc
bak	13	bák;bạk;bấk;bậk;bắk;bặk
bip	12	bíp;bịp
hoyt	12	hoýt;hoỵt;hóyt;họyt
phieu	12	phiêu;phiếu;phiều;phiểu;phiễu;phiệu
rok	12	rók;rọk;rốk;rộk;rớk;rợk
goat	12	goát;goạt;goất;goật;goắt;goặt;góat;gọat
ich	12	ích;ịch
bok	12	bók;bọk;bốk;bộk;bớk;bợk
rut	12	rút;rụt;rứt;rựt
rot	12	rót;rọt;rốt;rột;rớt;rợt
sac	12	sác;sạc;sấc;sậc;sắc;sặc
thac	12	thác;thạc;thấc;thậc;thắc;thặc
lat	11	lát;lạt;lất;lật;lắt;lặt
ric	11	ríc;rịc
choo	11	choơ;choớ;choờ;choở;choỡ;choợ
coc	11	cóc;cọc;cốc;cộc;cớc;cợc
suc	11	súc;sục;sức;sực
cuu	11	cuư;cuứ;cuừ;cuử;cuữ;cuự;cưu;cứu;cừu;cửu;cữu;cựu
trot	11	trót;trọt;trốt;trột;trớt;trợt
tieu	11	tiêu;tiếu;tiều;tiểu;tiễu;tiệu
buoc	11	buóc;buọc;buốc;buộc;búoc;bụoc
lech	10	léch;lẹch;lếch;lệch
khoo	10	khoơ;khoớ;khoờ;khoở;khoỡ;khoợ
thuat	10	thuát;thuạt;thuất;thuật;thuắt;thuặt;thúat;thụat;thứat;thựat
boc	10	bóc;bọc;bốc;bộc;bớc;bợc
buu	10	buư;buứ;buừ;buử;buữ;buự;bưu;bứu;bừu;bửu;bữu;bựu
dac	10	dác;dạc;dấc;dậc;dắc;dặc
hiem	10	hiêm;hiếm;hiềm;hiểm;hiễm;hiệm
nak	10	nák;nạk;nấk;nậk;nắk;nặk
det	10	dét;dẹt;dết;dệt
sic	10	síc;sịc
nhac	10	nhác;nhạc;nhấc;nhậc;nhắc;nhặc
tak	10	ták;tạk;tấk;tậk;tắk;tặk
ac	10	ác;ạc;ấc;ậc;ắc;ặc
nic	10	níc;nịc
nghiem	10	nghiêm;nghiếm;nghiềm;nghiểm;nghiễm;nghiệm
ngoc	10	ngóc;ngọc;ngốc;ngộc;ngớc;ngợc
tek	10	ték;tẹk;tếk;tệk
quiet	10	quiết;quiệt
diet	9	diết;diệt
bie	9	biê;biế;biề;biể;biễ;biệ
ou	9	oư;oứ;oừ;oử;oữ;oự
dip	9	díp;dịp
luu	9	luư;luứ;luừ;luử;luữ;luự;lưu;lứu;lừu;lửu;lữu;lựu
mak	9	mák;mạk;mấk;mậk;mắk;mặk
loo	9	loơ;loớ;loờ;loở;loỡ;loợ
hec	9	héc;hẹc;hếc;hệc
chieu	9	chiêu;chiếu;chiều;chiểu;chiễu;chiệu
sup	9	súp;sụp;sứp;sựp
loc	9	lóc;lọc;lốc;lộc;lớc;lợc
thien	9	thiên;thiến;thiền;thiển;thiễn;thiện
buk	9	búk;bụk;bứk;bựk
dak	9	dák;dạk;dấk;dậk;dắk;dặk
rie	9	riê;riế;riề;riể;riễ;riệ
benh	9	bênh;bếnh;bềnh;bểnh;bễnh;bệnh
uu	9	uư;uứ;uừ;uử;uữ;uự;ưu;ứu;ừu;ửu;ữu;ựu
roach	9	roách;roạch;roắch;roặch;róach;rọach
nye	9	nyê;nyế;nyề;nyể;nyễ;nyệ
thich	9	thích;thịch
oo	9	oơ;oớ;oờ;oở;oỡ;oợ
roo	9	roơ;roớ;roờ;roở;roỡ;roợ
mooc	8	moóc;moọc;moốc;moộc;móoc;mọoc
kuyt	8	kuýt;kuỵt;kúyt;kụyt
phut	8	phút;phụt;phứt;phựt
bieu	8	biêu;biếu;biều;biểu;biễu;biệu
giap	8	giáp;giạp;giấp;giập;giắp;giặp;gíap;gịap
chet	8	chét;chẹt;chết;chệt
rieng	8	riêng;riếng;riềng;riểng;riễng;riệng
iem	8	iêm;iếm;iềm;iểm;iễm;iệm
sak	8	sák;sạk;sấk;sậk;sắk;sặk
xie	8	xiê;xiế;xiề;xiể;xiễ;xiệ
vooc	8	voóc;voọc;voốc;voộc;vóoc;vọoc
ciem	8	ciêm;ciếm;ciềm;ciểm;ciễm;ciệm
thieu	8	thiêu;thiếu;thiều;thiểu;thiễu;thiệu
chiem	8	chiêm;chiếm;chiềm;chiểm;chiễm;chiệm
bec	7	béc;bẹc;bếc;bệc
cuo	7	cuô;cuơ;cuố;cuồ;cuổ;cuỗ;cuộ;cuớ;cuờ;cuở;cuỡ;cuợ;cưo;cươ;cứo;cừo;cửo;cữo;cựo
toot	7	toót;toọt;toốt;toột;tóot;tọot
kich	7	kích;kịch
tyc	7	týc;tỵc
bap	7	báp;bạp;bấp;bập;bắp;bặp
chac	7	chác;chạc;chấc;chậc;chắc;chặc
huu	7	huư;huứ;huừ;huử;huữ;huự;hưu;hứu;hừu;hửu;hữu;hựu
xac	7	xác;xạc;xấc;xậc;xắc;xặc
ot	7	ót;ọt;ốt;ột;ớt;ợt
phep	7	phép;phẹp;phếp;phệp
dieng	7	diêng;diếng;diềng;diểng;diễng;diệng;điêng
nop	7	nóp;nọp;nốp;nộp;nớp;nợp
niem	7	niêm;niếm;niềm;niểm;niễm;niệm
uap	7	uáp;uạp;úap;ụap;ứap;ựap
cop	7	cóp;cọp;cốp;cộp;cớp;cợp
kep	7	kép;kẹp;kếp;kệp
truyen	7	truyên;truyến;truyền;truyển;truyễn;truyện
dap	7	dáp;dạp;dấp;dập;dắp;dặp
hoac	7	hoác;hoạc;hoắc;hoặc;hóac;họac
hak	7	hák;hạk;hấk;hậk;hắk;hặk
tic	7	tíc;tịc
nhien	7	nhiên;nhiến;nhiền;nhiển;nhiễn;nhiện
nok	7	nók;nọk;nốk;nộk;nớk;nợk
phou	6	phoư;phoứ;phoừ;phoử;phoữ;phoự
gip	6	gíp;gịp
mook	6	moók;moọk;moốk;moộk;móok;mọok
poo	6	poơ;poớ;poờ;poở;poỡ;poợ
rye	6	ryê;ryế;ryề;ryể;ryễ;ryệ
xuc	6	xúc;xục;xức;xực
cot	6	cót;cọt;cốt;cột;cớt;cợt
hok	6	hók;họk;hốk;hộk;hớk;hợk
tit	6	tít;tịt
giat	6	giát;giạt;giất;giật;giắt;giặt;gíat;gịat
khieu	6	khiêu;khiếu;khiều;khiểu;khiễu;khiệu
nghien	6	nghiên;nghiến;nghiền;nghiển;nghiễn;nghiện
ach	6	ách;ạch;ấch;ậch;ắch;ặch
sich	6	sích;sịch
chic	6	chíc;chịc
thit	6	thít;thịt
sieu	6	siêu;siếu;siều;siểu;siễu;siệu
cuoc	6	cuóc;cuọc;cuốc;cuộc;cúoc;cụoc
ik	6	ík;ịk
bou	6	boư;boứ;boừ;boử;boữ;boự
mit	6	mít;mịt
mop	6	móp;mọp;mốp;mộp;mớp;mợp
ghat	6	ghát;ghạt;ghất;ghật;ghắt;ghặt
dit	6	dít;dịt
kye	6	kyê;kyế;kyề;kyể;kyễ;kyệ
sooc	6	soóc;soọc;soốc;soộc;sóoc;sọoc
vuot	6	vuót;vuọt;vuốt;vuột;vúot;vụot
loat	6	loát;loạt;loất;loật;loắt;loặt;lóat;lọat
ek	6	ék;ẹk;ếk;ệk
chiec	6	chiếc;chiệc
sop	5	sóp;sọp;sốp;sộp;sớp;sợp
bich	5	bích;bịch
rak	5	rák;rạk;rấk;rậk;rắk;rặk
thep	5	thép;thẹp;thếp;thệp
coit	5	coít;coịt;cóit;cọit
piet	5	piết;piệt
chak	5	chák;chạk;chấk;chậk;chắk;chặk
bik	5	bík;bịk
hep	5	hép;hẹp;hếp;hệp
khop	5	khóp;khọp;khốp;khộp;khớp;khợp
phet	5	phét;phẹt;phết;phệt
kuk	5	kúk;kụk;kứk;kựk
kiat	5	kiát;kiạt;kíat;kịat
kot	5	kót;kọt;kốt;kột;kớt;kợt
gye	5	gyê;gyế;gyề;gyể;gyễ;gyệ
pye	5	pyê;pyế;pyề;pyể;pyễ;pyệ
moc	5	móc;mọc;mốc;mộc;mớc;mợc
quo	5	quơ;quớ;quờ;quở;quỡ;quợ
khuyen	5	khuyên;khuyến;khuyền;khuyển;khuyễn;khuyện
pou	5	poư;poứ;poừ;poử;poữ;poự
nik	4	ník;nịk
ep	4	ép;ẹp;ếp;ệp
troyat	4	troyát;troyạt;troýat;troỵat;tróyat;trọyat
tup	4	túp;tụp;tứp;tựp
nyc	4	nýc;nỵc
kieu	4	kiêu;kiếu;kiều;kiểu;kiễu;kiệu
giac	4	giác;giạc;giấc;giậc;giắc;giặc;gíac;gịac
buc	4	búc;bục;bức;bực
guk	4	gúk;gụk;gứk;gựk
thot	4	thót;thọt;thốt;thột;thớt;thợt
mut	4	mút;mụt;mứt;mựt
diac	4	diác;diạc;díac;dịac
toit	4	toít;toịt;tóit;tọit
tet	4	tét;tẹt;tết;tệt
nie	4	niê;niế;niề;niể;niễ;niệ
mich	4	mích;mịch
tiet	4	tiết;tiệt
vuu	4	vuư;vuứ;vuừ;vuử;vuữ;vuự;vưu;vứu;vừu;vửu;vữu;vựu
xep	4	xép;xẹp;xếp;xệp
kie	4	kiê;kiế;kiề;kiể;kiễ;kiệ
sut	4	sút;sụt;sứt;sựt
mok	4	mók;mọk;mốk;mộk;mớk;mợk
thik	4	thík;thịk
roc	4	róc;rọc;rốc;rộc;rớc;rợc
ngoo	4	ngoơ;ngoớ;ngoờ;ngoở;ngoỡ;ngoợ
gook	4	goók;goọk;goốk;goộk;góok;gọok
oip	4	oíp;oịp;óip;ọip
sou	4	soư;soứ;soừ;soử;soữ;soự
ie	4	iê;iế;iề;iể;iễ;iệ
gat	4	gát;gạt;gất;gật;gắt;gặt
nooch	4	noóch;noọch;noốch;noộch;nóoch;nọoch
vac	4	vác;vạc;vấc;vậc;vắc;vặc
xuyen	4	xuyên;xuyến;xuyền;xuyển;xuyễn;xuyện
chie	4	chiê;chiế;chiề;chiể;chiễ;chiệ
triet	4	triết;triệt
sot	4	sót;sọt;sốt;sột;sớt;sợt
yap	4	yáp;yạp;ýap;ỵap
chup	4	chúp;chụp;chứp;chựp
uop	4	uóp;uọp;uốp;uộp;úop;ụop
xit	4	xít;xịt
koop	3	koóp;koọp;koốp;koộp;kóop;kọop
sok	3	sók;sọk;sốk;sộk;sớk;sợk
luot	3	luót;luọt;luốt;luột;lúot;lụot
nook	3	noók;noọk;noốk;noộk;nóok;nọok
rit	3	rít;rịt
khien	3	khiên;khiến;khiền;khiển;khiễn;khiện
chuu	3	chuư;chuứ;chuừ;chuử;chuữ;chuự;chưu;chứu;chừu;chửu;chữu;chựu
uoc	3	uóc;uọc;uốc;uộc;úoc;ụoc
thach	3	thách;thạch;thấch;thậch;thắch;thặch
och	3	óch;ọch;ốch;ộch;ớch;ợch
thiem	3	thiêm;thiếm;thiềm;thiểm;thiễm;thiệm
pik	3	pík;pịk
gyeo	3	gyêo;gyếo;gyềo;gyểo;gyễo;gyệo
rac	3	rác;rạc;rấc;rậc;rắc;rặc
muk	3	múk;mụk;mứk;mựk
luk	3	lúk;lụk;lứk;lựk
truk	3	trúk;trụk;trứk;trựk
rech	3	réch;rẹch;rếch;rệch
quach	3	quách;quạch;quắch;quặch;qúach;qụach
tuyet	3	tuyết;tuyệt
kut	3	kút;kụt;kứt;kựt
moit	3	moít;moịt;móit;mọit
ut	3	út;ụt;ứt;ựt
soop	3	soóp;soọp;soốp;soộp;sóop;sọop
sye	3	syê;syế;syề;syể;syễ;syệ
ngach	3	ngách;ngạch;ngấch;ngậch;ngắch;ngặch
huyen	3	huyên;huyến;huyền;huyển;huyễn;huyện
gach	3	gách;gạch;gấch;gậch;gắch;gặch
hiap	3	hiáp;hiạp;híap;hịap
rec	3	réc;rẹc;rếc;rệc
sip	3	síp;sịp
trac	3	trác;trạc;trấc;trậc;trắc;trặc
uc	3	úc;ục;ức;ực
lenh	3	lênh;lếnh;lềnh;lểnh;lễnh;lệnh
nuit	3	nuít;nuịt;núit;nụit
hap	3	háp;hạp;hấp;hập;hắp;hặp
thet	3	thét;thẹt;thết;thệt
bep	3	bép;bẹp;bếp;bệp
royen	3	royên;royến;royền;royển;royễn;royện
chut	3	chút;chụt;chứt;chựt
chenh	3	chênh;chếnh;chềnh;chểnh;chễnh;chệnh
xieng	3	xiêng;xiếng;xiềng;xiểng;xiễng;xiệng
oop	3	oóp;oọp;oốp;oộp;óop;ọop
ic	3	íc;ịc
chot	3	chót;chọt;chốt;chột;chớt;chợt
nhiem	3	nhiêm;nhiếm;nhiềm;nhiểm;nhiễm;nhiệm
gou	3	goư;goứ;goừ;goử;goữ;goự
nguc	3	ngúc;ngục;ngức;ngực
liat	2	liát;liạt;líat;lịat
triat	2	triát;triạt;tríat;trịat
doet	2	doét;doẹt;dóet;dọet
cit	2	cít;cịt
ooc	2	oóc;oọc;oốc;oộc;óoc;ọoc
buat	2	buát;buạt;buất;buật;buắt;buặt;búat;bụat;bứat;bựat
goc	2	góc;gọc;gốc;gộc;gớc;gợc
hach	2	hách;hạch;hấch;hậch;hắch;hặch
lye	2	lyê;lyế;lyề;lyể;lyễ;lyệ
nguyet	2	nguyết;nguyệt
riep	2	riếp;riệp
poyet	2	poyết;poyệt
chek	2	chék;chẹk;chếk;chệk
vach	2	vách;vạch;vấch;vậch;vắch;vặch
hooch	2	hoóch;hoọch;hoốch;hoộch;hóoch;họoch
hoch	2	hóch;họch;hốch;hộch;hớch;hợch
thuyet	2	thuyết;thuyệt
phot	2	phót;phọt;phốt;phột;phớt;phợt
hoop	2	hoóp;hoọp;hoốp;hoộp;hóop;họop
trak	2	trák;trạk;trấk;trậk;trắk;trặk
khok	2	khók;khọk;khốk;khộk;khớk;khợk
kiep	2	kiếp;kiệp
ruch	2	rúch;rụch;rứch;rựch
phuoc	2	phuóc;phuọc;phuốc;phuộc;phúoc;phụoc
nien	2	niên;niến;niền;niển;niễn;niện
chiet	2	chiết;chiệt
troc	2	tróc;trọc;trốc;trộc;trớc;trợc
