form	freq_ascii	freq_co_dau_cung_key
co	1144	285779
va	824	227954
cua	733	224739
la	3618	195340
khong	150	133259
da	5468	136844
voi	712	129658
tu	1219	124986
nhung	566	120369
dong	617	115423
toi	115	114011
de	2793	109588
nguoi	184	106113
dau	158	105892
do	27365	120867
cong	588	92519
tai	3031	89373
cung	9651	94980
doi	84	84993
ban	15706	99898
ve	259	79538
su	770	78306
o	522	76995
dung	6973	82645
den	79	75525
noi	150	72738
bo	345	72651
se	264	71896
nhan	898	72405
dang	364	71535
moi	164	67313
vao	54	66406
lam	804	66492
day	286	65161
so	11088	74577
nay	20136	82119
van	819	61970
nam	42650	100291
tren	49	53593
truong	117	52649
chi	11160	63672
dinh	1447	53530
dan	174	52189
lai	4037	55344
ho	736	51796
hoi	370	50520
bi	958	51016
hang	2369	51841
cau	293	49606
nhu	4118	52845
thong	126	48731
tinh	7231	55607
phai	135	48315
hon	123	47910
thang	1247	48015
thu	17812	64362
chinh	1020	47193
thanh	13517	59478
san	1305	47098
nha	3871	49616
thoi	105	45796
dai	388	45251
vi	7214	50719
thuong	46	43044
du	11044	54000
phan	1462	44033
thi	15541	56480
can	1802	42674
chu	1626	42095
tro	199	40121
ky	79	39943
ngay	10994	50528
nang	346	39840
chung	9844	48627
tang	750	37795
ong	658	36302
ma	2639	38101
duong	31	35150
ca	9533	43626
di	6655	40344
tuong	25	33143
cu	230	32843
nen	35	32250
hanh	155	31871
vu	308	31826
no	606	31905
ke	228	31225
tri	1426	31776
bao	14803	45052
mo	98	29178
hinh	80	29039
luong	52	28863
tam	1272	29978
bang	3001	31118
loi	59	27817
toan	174	27601
trinh	841	27907
te	107	27156
chua	872	27328
phu	674	26814
len	394	25954
dao	1272	26824
roi	130	25469
pham	40	24558
ngoai	54	24355
an	15029	39289
canh	1073	25133
doan	49	23971
huong	25	23831
nao	96	23574
loai	15	23462
tran	46	23474
rang	233	23535
may	3460	26671
ly	2508	25637
dua	34	22824
lon	163	22891
cai	1200	23884
gioi	31	22373
gi	160	22345
giam	852	22580
han	276	21988
le	504	22148
pho	190	21512
don	178	21176
vo	155	21121
gio	70	20744
neu	34	20618
ben	377	20762
giai	5062	25362
muon	28	19983
hoa	10217	29909
tao	2640	22287
than	1057	20607
phuong	20	19566
nghi	3292	22820
boi	22	19200
ha	1928	21002
nho	485	19507
song	4725	23432
tong	81	18689
vay	2550	21115
cam	2956	21344
mau	823	19171
minh	11980	30234
lan	7938	26092
bai	144	18224
dia	56	18022
dam	29	17877
xay	242	17501
cuoi	18	17139
gan	942	17814
khoi	16	16834
tuoi	11	16526
me	282	16518
tan	1339	17505
ay	13	16147
chan	259	16127
manh	399	16177
ngan	61	15732
chong	46	15710
ten	899	16093
goi	69	15195
phong	8657	23697
khoang	439	15477
kha	169	15159
binh	3638	18480
bong	311	14795
my	711	15121
hoan	811	15084
thay	12297	26469
ung	1600	15261
choi	161	13762
deu	7	13590
chon	38	13374
si	207	13536
tung	1683	14759
kho	1695	14715
nua	41	13007
nu	67	12894
tre	490	13129
vong	1855	14474
chuong	31	12509
che	1104	13411
duoi	10	12246
tim	2708	14833
vung	122	11981
xa	5079	16705
tho	101	11579
giua	11	11313
lua	20	11256
thai	1815	12826
hau	12	10936
ngu	551	11132
tuan	21	10572
cang	113	10628
gay	406	10900
vua	2729	13164
danh	10303	20617
ngoi	25	10302
