form	freq_cau_co_dau	freq_cau_ascii	tong
nam	42538	112	42650
gia	39284	97	39381
con	37416	102	37518
quan	35192	54	35246
qua	28945	69	29014
do	27062	303	27365
nay	20037	99	20136
thu	17771	41	17812
ban	15465	241	15706
thi	15444	97	15541
an	14948	81	15029
bao	14736	67	14803
thanh	13470	47	13517
mua	12420	22	12442
thay	12260	37	12297
minh	11934	46	11980
chi	11084	76	11160
so	10958	130	11088
du	10950	94	11044
ngay	10950	44	10994
ba	10644	18	10662
danh	10278	25	10303
hoa	10196	21	10217
chung	9802	42	9844
cung	9576	75	9651
ca	9512	21	9533
tra	9061	30	9091
phong	8636	21	8657
lan	7916	22	7938
sang	7810	63	7873
y	7148	86	7234
tinh	7193	38	7231
vi	7175	39	7214
nghe	7009	34	7043
dung	6907	66	6973
di	6617	38	6655
vai	6290	7	6297
trai	5788	21	5809
da	5357	111	5468
xa	5069	10	5079
giai	5040	22	5062
linh	5020	19	5039
song	4437	288	4725
quang	4689	9	4698
lo	4634	20	4654
long	4483	8	4491
nhu	4068	50	4118
lai	3974	63	4037
phi	4018	11	4029
nha	3813	58	3871
binh	3623	15	3638
la	3370	248	3618
mai	3570	19	3589
may	3410	50	3460
a	3395	0	3395
nghi	3277	15	3292
tai	2948	83	3031
bang	2933	68	3001
giang	2957	6	2963
cam	2902	54	2956
thao	2943	11	2954
de	2472	321	2793
vua	2714	15	2729
tim	2632	76	2708
thua	2655	5	2660
tao	2612	28	2640
ma	2593	46	2639
vay	2525	25	2550
ly	2484	24	2508
xu	2446	18	2464
hang	2214	155	2369
pha	2149	3	2152
man	2069	16	2085
ngon	1963	6	1969
ha	1890	38	1928
vong	1846	9	1855
thai	1768	47	1815
can	1521	281	1802
khung	1723	0	1723
kho	1682	13	1695
tung	1673	10	1683
chu	1594	32	1626
uy	1611	4	1615
ung	1590	10	1600
phan	1421	41	1462
dinh	1411	36	1447
tri	1392	34	1426
nhi	1420	0	1420
tan	1310	29	1339
ga	1304	11	1315
san	1256	49	1305
tam	1250	22	1272
dao	1246	26	1272
loan	1107	161	1268
thang	1230	17	1247
hoang	1220	5	1225
tu	1098	121	1219
cai	1192	8	1200
co	919	225	1144
ro	1131	8	1139
che	1092	12	1104
canh	1055	18	1073
than	1048	9	1057
chinh	965	55	1020
lang	1000	16	1016
bi	920	38	958
gan	925	17	942
mi	922	18	940
kem	908	5	913
ten	881	18	899
nhan	860	38	898
chua	849	23	872
vang	849	14	863
ven	860	1	861
giam	826	26	852
khoe	842	3	845
trinh	821	20	841
va	661	163	824
mau	809	14	823
van	764	55	819
hoan	804	7	811
lam	754	50	804
su	708	62	770
tang	703	47	750
son	745	2	747
tha	735	6	741
ho	682	54	736
cua	583	150	733
voi	615	97	712
my	670	41	711
na	659	40	699
hung	625	52	677
phu	661	13	674
ki	654	9	663
ong	645	13	658
men	636	3	639
hong	574	49	623
lui	621	2	623
dong	493	124	617
phe	607	5	612
no	574	32	606
cong	515	73	588
nhung	480	86	566
khang	556	8	564
khoan	530	28	558
xi	522	31	553
ngu	542	9	551
chanh	542	0	542
li	516	24	540
am	221	302	523
o	410	112	522
le	462	42	504
ham	458	36	494
cay	491	1	492
tre	480	10	490
nho	474	11	485
khoang	419	20	439
soi	439	0	439
min	420	13	433
rung	424	6	430
thung	425	0	425
gai	413	5	418
gay	401	5	406
manh	392	7	399
lau	389	10	399
khan	389	7	396
len	375	19	394
sam	382	7	389
dai	347	41	388
ao	380	3	383
von	306	74	380
ti	356	22	378
ben	364	13	377
gom	369	7	376
hoi	322	48	370
dang	301	63	364
hao	355	4	359
nang	321	25	346
bo	296	49	345
xao	344	0	344
khao	337	2	339
rao	320	14	334
go	256	65	321
re	143	177	320
lung	288	25	313
bong	306	5	311
vu	287	21	308
gam	306	1	307
chay	298	8	306
cau	260	33	293
day	233	53	286
chen	272	11	283
me	260	22	282
lanh	274	7	281
xoa	278	1	279
han	247	29	276
tui	261	4	265
se	198	66	264
chui	260	2	262
ri	258	4	262
