# fold_vi ham/0.1 kèm theo — nhóm (b) ASCII route-vi, prior tần suất corpus build
# ascii	fold	freq_top1	margin	n_candidates
top	tốp	126	0.5159	6
hot	hốt	126	0.5397	6
hye	hyê	0	0.0000	6
pop	póp	0	0.0000	6
mac	mặc	5519	0.2057	6
chat	chất	16052	0.8761	6
book	boók	0	0.0000	6
tok	tók	0	0.0000	6
rap	rập	645	0.1829	6
ok	ók	0	0.0000	6
chuyen	chuyển	14623	0.0663	6
nou	noư	0	0.0000	6
soo	soơ	0	0.0000	6
dat	dắt	999	0.8839	6
ye	yê	1	0.0000	6
hat	hát	5539	0.4801	6
hop	hợp	30561	0.8957	6
cac	các	151542	0.9999	6
hoc	học	46859	0.9955	6
duoc	duốc	1	0.0000	6
doc	dọc	1093	0.4135	6
nguyen	nguyên	11084	0.1578	6
lien	liên	20478	0.9030	6
mat	mặt	19269	0.5422	6
cap	cấp	21471	0.7520	6
cook	coók	0	0.0000	6
boot	boót	0	0.0000	6
bot	bột	1201	0.2839	6
dot	dột	70	0.0286	6
tien	tiên	19772	0.0208	6
kop	kóp	0	0.0000	6
mot	một	130939	0.9984	6
koch	kóch	0	0.0000	6
map	mập	296	0.9426	6
yen	yên	3469	0.8233	6
nhat	nhất	40963	0.7775	6
lap	lập	13681	0.9021	6
hook	hoók	0	0.0000	6
quoc	quốc	35436	0.9999	6
die	diễ	2	0.5000	6
dien	diễn	18341	0.2925	6
bat	bắt	15363	0.0381	6
nhieu	nhiều	52450	0.9660	6
cat	cắt	2862	0.4755	6
diem	diễm	324	0.6512	6
gap	gặp	10962	0.8153	6
rat	rất	28598	0.9960	6
rach	rạch	257	0.1946	6
nuoc	nuốc	9	0.8889	6
penh	pênh	11	1.0000	6
hien	hiện	46752	0.9672	6
mie	miê	0	0.0000	6
lou	loư	0	0.0000	6
boo	boơ	0	0.0000	6
oc	ốc	828	0.5664	6
dieu	diệu	545	0.7284	6
tie	tiế	2	0.5000	6
doo	doơ	0	0.0000	6
suu	suư	0	0.0000	6
mou	moư	0	0.0000	6
pot	pốt	7	0.8571	6
moo	moơ	0	0.0000	6
root	roót	0	0.0000	6
bach	bạch	1620	0.5407	6
kat	kắt	1	1.0000	6
duo	duô	0	0.0000	6
tap	tập	19602	0.8624	6
vie	việ	5	0.8000	6
tac	tác	20827	0.8911	6
yeo	yêo	0	0.0000	6
mien	miền	4083	0.3047	6
hieu	hiệu	17295	0.6028	6
xuat	xuất	26979	0.9999	6
lieu	liệu	11106	0.8921	6
phat	phát	33509	0.9169	6
lac	lạc	4646	0.9288	6
sach	sách	12277	0.8039	6
bye	byê	0	0.0000	6
tot	tốt	16284	0.9958	6
goo	goơ	0	0.0000	6
guam	gưam	0	0.0000	6
tuyen	tuyển	8418	0.2402	6
kien	kiến	12424	0.2527	6
mach	mạch	2530	0.9715	6
khach	khách	19821	0.9999	6
noo	noơ	0	0.0000	6
vien	viên	30223	0.6975	6
chou	choư	0	0.0000	6
chap	chấp	4746	0.9627	6
sap	sắp	3572	0.8443	6
yeu	yêu	14859	0.4770	6
sook	soók	0	0.0000	6
pat	pát	3	0.6667	6
lop	lớp	5655	0.9569	6
khac	khác	25473	0.8651	6
oak	oák	0	0.0000	6
boat	boát	0	0.0000	6
bac	bắc	7677	0.2393	6
siem	siêm	6	1.0000	6
cach	cách	27740	0.9986	6
chien	chiến	18491	0.9805	6
soc	sóc	2796	0.7371	6
luo	luô	0	0.0000	6
lak	lắk	365	1.0000	6
pie	piê	0	0.0000	6
dok	dók	0	0.0000	6
nap	nạp	733	0.5484	6
koo	koơ	0	0.0000	6
ak	ák	0	0.0000	6
nhap	nhập	10752	0.9752	6
thuoc	thuộc	10507	0.4191	6
sat	sát	9818	0.8421	6
trieu	triệu	3493	0.4183	6
hoat	hoạt	15538	0.9997	6
kiem	kiểm	9333	0.4092	6
op	ốp	141	0.9362	6
bien	biến	11189	0.3074	6
coop	coóp	0	0.0000	6
kook	koók	0	0.0000	6
nat	nát	514	0.7510	6
loch	lóch	0	0.0000	6
quyen	quyền	11385	0.9369	6
pap	páp	1	1.0000	6
phap	pháp	17514	0.9993	6
trap	trập	18	0.0556	6
giup	giúp	16321	0.9999	6
menh	mệnh	1500	0.9453	6
pak	pắk	8	0.8750	6
hoo	hoơ	0	0.0000	6
coat	coát	0	0.0000	6
tieng	tiếng	14078	0.9994	6
lok	lók	0	0.0000	6
oat	oát	8	0.7500	6
thap	thấp	4834	0.5552	6
phien	phiên	6355	0.9020	6
ap	áp	7409	0.9403	6
coo	coơ	0	0.0000	6
kuo	kuô	0	0.0000	6
suat	suất	6077	1.0000	6
toc	tốc	4893	0.3998	6
poop	poóp	0	0.0000	6
kenh	kênh	2056	0.9752	6
hooc	hoóc	23	1.0000	6
uac	uác	0	0.0000	6
vat	vật	11745	0.9513	6
loop	loóp	0	0.0000	6
tat	tất	10449	0.8479	6
hoach	hoạch	8768	0.9992	6
pac	pác	18	0.2778	6
hou	hoư	0	0.0000	6
kap	káp	1	1.0000	6
dye	dyê	0	0.0000	6
guo	guô	0	0.0000	6
chop	chớp	208	0.6346	6
kok	kók	0	0.0000	6
truoc	truóc	0	0.0000	6
trien	triển	20049	0.9964	6
luat	luật	8256	1.0000	6
bak	bák	0	0.0000	6
phieu	phiếu	5712	0.9543	6
rok	rốk	1	1.0000	6
goat	goát	0	0.0000	6
bok	bók	0	0.0000	6
rot	rốt	309	0.1748	6
sac	sắc	7563	0.9223	6
thac	thác	2785	0.8151	6
lat	lạt	579	0.1693	6
choo	choơ	0	0.0000	6
coc	cốc	694	0.4452	6
cuu	cuư	0	0.0000	6
trot	trọt	104	0.5000	6
tieu	tiêu	15950	0.7281	6
buoc	buộc	3460	0.9994	6
khoo	khoơ	0	0.0000	6
thuat	thuật	9403	0.9996	6
boc	bốc	812	0.2217	6
buu	buư	0	0.0000	6
dac	dặc	12	0.4167	6
hiem	hiểm	4125	0.6470	6
nak	nák	0	0.0000	6
nhac	nhạc	7676	0.6593	6
tak	tắk	2	1.0000	6
ac	ác	971	0.9485	6
nghiem	nghiệm	8516	0.6498	6
ngoc	ngọc	3602	0.8815	6
bie	biế	6	0.5000	6
ou	oư	0	0.0000	6
luu	luư	0	0.0000	6
mak	mák	0	0.0000	6
loo	loơ	0	0.0000	6
chieu	chiều	6138	0.5924	6
loc	lộc	1360	0.0522	6
thien	thiện	5123	0.0201	6
dak	dák	0	0.0000	6
rie	riê	0	0.0000	6
benh	bệnh	15502	0.9917	6
uu	uư	0	0.0000	6
roach	roách	0	0.0000	6
nye	nyê	0	0.0000	6
oo	oơ	0	0.0000	6
roo	roơ	0	0.0000	6
mooc	moóc	37	0.9459	6
bieu	biểu	8491	0.9898	6
giap	giáp	1609	0.9932	6
rieng	riêng	7368	0.9950	6
iem	iêm	0	0.0000	6
sak	sák	0	0.0000	6
xie	xiê	0	0.0000	6
vooc	voọc	14	0.8571	6
ciem	ciêm	0	0.0000	6
thieu	thiếu	5541	0.4324	6
chiem	chiếm	4249	0.9073	6
cuo	cuô	0	0.0000	6
toot	toót	0	0.0000	6
bap	bắp	491	0.9002	6
chac	chắc	6300	0.9938	6
huu	huư	0	0.0000	6
xac	xác	8730	0.9981	6
ot	ớt	407	0.8575	6
dieng	diêng	0	0.0000	6
nop	nộp	1624	0.9901	6
niem	niệm	2695	0.1573	6
uap	uáp	0	0.0000	6
cop	cọp	89	0.3258	6
truyen	truyền	11063	0.8767	6
dap	dập	433	0.9353	6
hoac	hoặc	15543	0.9968	6
hak	hák	0	0.0000	6
nhien	nhiên	16658	0.9995	6
nok	nók	0	0.0000	6
phou	phoư	0	0.0000	6
mook	moók	0	0.0000	6
poo	poơ	0	0.0000	6
rye	ryê	0	0.0000	6
cot	cột	1406	0.2411	6
hok	hók	0	0.0000	6
giat	giật	858	0.2657	6
khieu	khiếu	565	0.3522	6
nghien	nghiên	6545	0.9288	6
ach	ách	87	0.7586	6
sieu	siêu	3874	0.9995	6
cuoc	cuộc	22250	0.9955	6
bou	boư	0	0.0000	6
mop	móp	13	0.9231	6
ghat	ghát	0	0.0000	6
kye	kyê	0	0.0000	6
sooc	soóc	3	1.0000	6
vuot	vuốt	193	0.8756	6
loat	loạt	3423	0.9939	6
sop	sốp	12	0.5833	6
rak	rák	0	0.0000	6
chak	chák	0	0.0000	6
khop	khớp	869	0.9954	6
kot	kót	0	0.0000	6
gye	gyê	0	0.0000	6
pye	pyê	0	0.0000	6
moc	mốc	1205	0.3950	6
quo	quở	11	0.0909	6
khuyen	khuyến	2694	0.5650	6
pou	poư	0	0.0000	6
troyat	troyát	0	0.0000	6
kieu	kiểu	3639	0.7747	6
giac	giác	3254	0.6426	6
thot	thớt	302	0.5331	6
nie	niê	61	1.0000	6
vuu	vuư	0	0.0000	6
kie	kiể	1	0.0000	6
mok	mók	0	0.0000	6
roc	rốc	168	0.8988	6
ngoo	ngoơ	0	0.0000	6
gook	goók	0	0.0000	6
sou	soư	0	0.0000	6
ie	iê	0	0.0000	6
gat	gắt	411	0.2944	6
nooch	noóch	0	0.0000	6
vac	vắc	984	0.7815	6
xuyen	xuyên	4366	0.9867	6
chie	chiế	2	0.5000	6
sot	sốt	1648	0.3519	6
uop	uóp	0	0.0000	6
koop	koóp	0	0.0000	6
sok	sók	0	0.0000	6
luot	luột	1	1.0000	6
nook	noók	0	0.0000	6
khien	khiến	11752	0.8658	6
chuu	chuư	0	0.0000	6
uoc	uộc	1	1.0000	6
thach	thách	1887	0.5003	6
och	óch	0	0.0000	6
thiem	thiêm	128	0.8359	6
gyeo	gyêo	0	0.0000	6
rac	rác	1279	0.4965	6
quach	quách	275	0.9855	6
soop	soóp	0	0.0000	6
sye	syê	0	0.0000	6
ngach	ngạch	624	0.8766	6
huyen	huyện	6766	0.7737	6
gach	gạch	539	1.0000	6
trac	trắc	313	0.5751	6
lenh	lệnh	2838	0.9838	6
hap	hấp	3332	0.9940	6
royen	royên	0	0.0000	6
chenh	chênh	545	0.9945	6
xieng	xiềng	23	0.9130	6
oop	oóp	0	0.0000	6
chot	chốt	1281	0.8392	6
nhiem	nhiệm	10076	0.6842	6
gou	goư	0	0.0000	6
ooc	oóc	4	0.5000	6
buat	buát	0	0.0000	6
goc	gốc	2815	0.2860	6
hach	hạch	244	0.8238	6
lye	lyê	0	0.0000	6
vach	vạch	417	0.2710	6
hooch	hoóch	0	0.0000	6
hoch	hóch	0	0.0000	6
phot	phốt	109	0.1651	6
hoop	hoóp	0	0.0000	6
trak	trák	0	0.0000	6
khok	khók	0	0.0000	6
phuoc	phuộc	27	1.0000	6
nien	niên	3793	0.9992	6
troc	trọc	91	0.1978	6
luyen	luyện	3650	0.9707	6
dach	dách	5	1.0000	6
soat	soát	4190	0.9990	6
mieng	miệng	1356	0.2979	6
rook	roók	0	0.0000	6
yeng	yêng	2	0.0000	6
pooch	poóch	0	0.0000	6
chye	chyê	0	0.0000	6
yem	yểm	116	0.1293	6
bop	bóp	294	0.9728	6
ieo	iêo	0	0.0000	6
khat	khát	813	0.7970	6
trat	trật	617	0.9092	6
vap	vấp	296	0.9696	6
chok	chók	0	0.0000	6
dop	dớp	13	1.0000	6
huoc	huốc	1	1.0000	6
ruo	ruô	0	0.0000	6
noot	noót	0	0.0000	6
ooo	oơo	0	0.0000	6
boop	boóp	0	0.0000	6
chieng	chiêng	75	0.6133	6
nguoc	nguộc	1	1.0000	6
xach	xách	556	1.0000	6
sie	siê	0	0.0000	6
dou	doư	0	0.0000	6
toach	toách	1	0.0000	6
muot	muốt	16	1.0000	6
nac	nạc	87	0.1149	6
kuu	kuư	0	0.0000	6
moyen	moyên	0	0.0000	6
doyen	doyên	0	0.0000	6
cuop	cuóp	0	0.0000	6
ngat	ngặt	258	0.1240	6
ngou	ngoư	0	0.0000	6
uam	ưam	0	0.0000	6
cuat	cuất	1	1.0000	6
luoc	luộc	271	0.9815	6
phak	phák	0	0.0000	6
hac	hắc	166	0.4880	6
cie	ciê	0	0.0000	6
khap	khắp	2008	0.9880	6
chuo	chuố	1	1.0000	6
toyen	toyên	0	0.0000	6
rou	roư	0	0.0000	6
nuo	nuô	1	1.0000	6
viem	viêm	1324	1.0000	6
thuo	thuố	1	1.0000	6
uo	uô	0	0.0000	6
ngok	ngọk	2	1.0000	6
moat	moát	0	0.0000	6
loach	loách	0	0.0000	6
suo	suô	0	0.0000	6
nhot	nhốt	205	0.6829	6
khoc	khóc	1108	0.7708	6
huot	huốt	1	1.0000	6
truo	truô	0	0.0000	6
ngap	ngập	1121	0.9822	6
ngac	ngạc	896	0.9643	6
rieu	riêu	19	0.8421	6
khiem	khiêm	401	0.5287	6
cok	cók	0	0.0000	6
cooch	coóch	0	0.0000	6
cooc	coóc	3	0.3333	6
guu	guư	0	0.0000	6
tou	toư	0	0.0000	6
ruot	ruột	1005	1.0000	6
gooch	goóch	0	0.0000	6
ngot	ngọt	1485	0.7488	6
coot	coót	0	0.0000	6
noc	nóc	176	0.6875	6
thuot	thuột	207	1.0000	6
truot	truót	0	0.0000	6
puo	puô	0	0.0000	6
lach	lách	185	0.2162	6
biem	biếm	72	1.0000	6
vot	vợt	511	0.3366	6
mieu	miêu	4510	0.9523	6
kou	koư	0	0.0000	6
boak	boák	0	0.0000	6
tach	tách	1151	0.9826	6
guot	guót	0	0.0000	6
phop	phóp	0	0.0000	6
giuk	giúk	0	0.0000	6
quat	quạt	373	0.0724	6
ghenh	ghềnh	47	1.0000	6
kac	kác	0	0.0000	6
trach	trách	4502	0.9314	6
giec	giếc	3	0.6667	6
ruam	rưam	0	0.0000	6
ieng	iêng	4	1.0000	6
rop	rợp	32	0.5938	6
coch	cóch	0	0.0000	6
sieng	siêng	45	1.0000	6
huat	huát	0	0.0000	6
roop	roóp	0	0.0000	6
hoot	hoót	0	0.0000	6
huo	huơ	3	1.0000	6
tiem	tiêm	2674	0.3478	6
quien	quiên	0	0.0000	6
gac	gác	434	0.8894	6
choach	choạch	1	1.0000	6
kieng	kiêng	256	0.8281	6
chuot	chuột	1180	0.9441	6
cup	cúp	893	0.9798	4
net	nét	1857	0.9822	4
set	sét	403	0.8610	4
pep	pép	0	0.0000	4
suk	súk	0	0.0000	4
tech	tếch	8	1.0000	4
et	ét	3	0.3333	4
met	mệt	1036	0.0386	4
phuc	phục	11222	0.6828	4
luc	lực	17938	0.3509	4
thuc	thực	30117	0.4584	4
ket	kết	27545	0.9849	4
pet	pét	1	1.0000	4
suit	suít	0	0.0000	4
tuc	tục	14655	0.7045	4
muc	mức	12095	0.1493	4
dep	dẹp	455	0.4242	4
bet	bét	66	0.1212	4
het	hết	10661	0.9758	4
chuc	chức	21423	0.9150	4
vet	vết	1424	0.9178	4
duc	dục	5468	0.9936	4
voip	voíp	0	0.0000	4
rep	rệp	26	1.0000	4
cuc	cực	7007	0.4170	4
viac	viác	0	0.0000	4
sec	séc	170	0.9941	4
truc	trực	8262	0.6881	4
cech	céch	0	0.0000	4
vuc	vực	12732	0.9980	4
hut	hút	4687	0.8692	4
tut	tụt	243	0.9136	4
yak	yák	0	0.0000	4
trek	trék	0	0.0000	4
mech	mếch	1	1.0000	4
xet	xét	5434	0.9976	4
duk	dúk	0	0.0000	4
chuk	chúk	0	0.0000	4
nut	nút	1200	0.7467	4
tuk	tứk	2	1.0000	4
hoyt	hoýt	0	0.0000	4
rut	rút	2749	0.9807	4
suc	sức	10699	0.9703	4
lech	lệch	817	0.9890	4
det	dệt	571	0.9264	4
tek	ték	0	0.0000	4
hec	héc	44	1.0000	4
sup	sụp	387	0.6176	4
buk	búk	2	1.0000	4
kuyt	kuýt	0	0.0000	4
phut	phút	5137	0.9988	4
chet	chết	6679	0.9970	4
bec	béc	8	1.0000	4
phep	phép	6388	1.0000	4
kep	kép	381	0.3990	4
xuc	xúc	3770	0.9979	4
ek	ék	0	0.0000	4
thep	thép	1355	0.9948	4
coit	coít	0	0.0000	4
hep	hẹp	747	0.9946	4
phet	phết	103	0.7670	4
kuk	kúk	0	0.0000	4
kiat	kiát	0	0.0000	4
ep	ép	1355	0.9926	4
tup	túp	33	1.0000	4
buc	bức	3839	0.9403	4
guk	gúk	0	0.0000	4
mut	mứt	95	0.2000	4
diac	diác	0	0.0000	4
toit	toít	0	0.0000	4
tet	tết	2504	0.9912	4
xep	xếp	4674	0.9953	4
sut	sút	1161	0.5461	4
oip	oíp	0	0.0000	4
yap	yáp	0	0.0000	4
chup	chụp	2463	1.0000	4
muk	múk	0	0.0000	4
luk	lúk	0	0.0000	4
truk	trúk	0	0.0000	4
rech	rếch	1	1.0000	4
kut	kút	0	0.0000	4
moit	moít	0	0.0000	4
ut	út	623	1.0000	4
hiap	hiáp	0	0.0000	4
rec	rẹc	1	1.0000	4
uc	úc	1160	0.2802	4
nuit	nuít	0	0.0000	4
thet	thét	77	0.9351	4
bep	bếp	1351	0.9363	4
chut	chút	3094	0.9987	4
nguc	ngực	730	0.4904	4
liat	liát	0	0.0000	4
triat	triát	0	0.0000	4
doet	doét	0	0.0000	4
chek	chék	0	0.0000	4
ruch	rúch	0	0.0000	4
ghet	ghét	804	0.9975	4
poet	poét	0	0.0000	4
kek	kék	0	0.0000	4
kyat	kyát	0	0.0000	4
chiat	chiát	0	0.0000	4
puch	púch	0	0.0000	4
duet	duét	0	0.0000	4
khet	khét	104	0.9808	4
ruk	rúk	0	0.0000	4
biak	biák	0	0.0000	4
oyt	oýt	0	0.0000	4
iat	iát	0	0.0000	4
dut	dứt	1490	0.9946	4
nghet	nghẹt	133	0.9248	4
uet	uét	0	0.0000	4
vec	véc	12	0.7500	4
puk	púk	0	0.0000	4
nec	nẹc	1	1.0000	4
tep	tệp	139	0.5252	4
lek	lék	0	0.0000	4
diak	diák	0	0.0000	4
buch	búch	0	0.0000	4
duch	dúch	0	0.0000	4
soit	soít	0	0.0000	4
gut	gút	46	1.0000	4
huet	huét	0	0.0000	4
xiap	xiáp	0	0.0000	4
buyt	buýt	446	0.9978	4
quet	quét	712	0.9284	4
rup	rúp	57	0.9123	4
nuch	núch	0	0.0000	4
ruc	rực	629	0.9141	4
nhuc	nhục	244	0.0410	4
siac	siác	0	0.0000	4
khuc	khúc	2683	0.9989	4
iac	iác	0	0.0000	4
triac	triác	0	0.0000	4
lut	lụt	298	0.8020	4
tec	téc	8	0.8750	4
cek	cék	0	0.0000	4
guyt	guýt	0	0.0000	4
sek	sék	0	0.0000	4
chuet	chuét	0	0.0000	4
riat	riát	0	0.0000	4
nguk	ngúk	0	0.0000	4
buit	buít	0	0.0000	4
myat	myát	0	0.0000	4
vuit	vuít	0	0.0000	4
ec	éc	3	0.0000	4
pech	péch	0	0.0000	4
quyt	quýt	117	0.8803	4
mec	mẹc	9	0.4444	4
moet	moét	0	0.0000	4
nhut	nhút	73	0.6301	4
chip	chíp	90	1.0000	2
viet	việt	34183	0.8058	2
hit	hít	238	1.0000	2
tik	tík	0	0.0000	2
bit	bịt	132	1.0000	2
kit	kít	19	0.8421	2
lich	lịch	12004	0.9995	2
hip	híp	4	1.0000	2
sik	sík	0	0.0000	2
lip	líp	16	1.0000	2
rich	rịch	47	0.6383	2
dich	dịch	20150	0.9997	2
thiet	thiết	15784	0.8859	2
vip	víp	0	0.0000	2
nghiep	nghiệp	23855	1.0000	2
vic	víc	0	0.0000	2
trip	tríp	0	0.0000	2
viec	việc	47733	1.0000	2
tip	típ	76	1.0000	2
biet	biết	33105	0.5332	2
tiep	tiếp	26604	0.9959	2
ip	íp	0	0.0000	2
mic	míc	1	1.0000	2
pit	pít	4	1.0000	2
iec	iệc	1	1.0000	2
pic	píc	1	1.0000	2
typ	týp	13	1.0000	2
pip	píp	0	0.0000	2
rip	ríp	1	1.0000	2
quyet	quyết	14956	0.9979	2
nit	nít	61	0.1803	2
tich	tích	14352	0.5347	2
git	gít	1	1.0000	2
chit	chít	38	0.1053	2
lit	lít	821	0.9976	2
kip	kịp	2059	0.8344	2
yep	yếp	0	0.0000	2
hic	híc	1	0.0000	2
bip	bịp	44	0.5909	2
ich	ích	3416	0.9982	2
ric	ríc	0	0.0000	2
sic	síc	0	0.0000	2
nic	níc	2	1.0000	2
quiet	quiết	0	0.0000	2
diet	diệt	1464	0.9795	2
dip	dịp	2245	0.9991	2
thich	thích	11244	0.9992	2
kich	kích	4593	0.4907	2
tyc	týc	0	0.0000	2
tic	tíc	7	1.0000	2
gip	gíp	1	0.0000	2
tit	tít	122	0.5574	2
sich	sịch	1	1.0000	2
chic	chíc	0	0.0000	2
thit	thịt	2720	0.9926	2
ik	ík	0	0.0000	2
mit	mít	312	0.8397	2
dit	dít	0	0.0000	2
chiec	chiếc	10241	1.0000	2
bich	bích	388	0.7835	2
piet	piệt	1	1.0000	2
bik	bík	0	0.0000	2
nik	ník	0	0.0000	2
nyc	nýc	0	0.0000	2
mich	mịch	78	0.3846	2
tiet	tiết	8580	0.9724	2
thik	thík	0	0.0000	2
triet	triệt	603	0.1227	2
xit	xịt	185	0.0541	2
rit	rít	48	0.8750	2
pik	pík	0	0.0000	2
tuyet	tuyệt	3930	0.7827	2
sip	síp	64	0.9219	2
ic	íc	0	0.0000	2
cit	cít	0	0.0000	2
nguyet	nguyệt	402	1.0000	2
riep	riệp	8	1.0000	2
poyet	poyết	0	0.0000	2
thuyet	thuyết	2971	0.9993	2
kiep	kiếp	375	0.9973	2
chiet	chiết	411	1.0000	2
thiep	thiệp	718	0.7117	2
nhip	nhịp	1065	0.9887	2
diep	diệp	261	0.8736	2
nghich	nghịch	370	1.0000	2
piech	piếch	0	0.0000	2
hiep	hiệp	3937	0.9256	2
nhiet	nhiệt	4349	0.9998	2
yc	ýc	0	0.0000	2
liet	liệt	2071	1.0000	2
nghip	nghíp	0	0.0000	2
chik	chík	0	0.0000	2
dik	dík	0	0.0000	2
riet	riết	72	0.9861	2
rik	rík	0	0.0000	2
siek	siếk	0	0.0000	2
niet	niết	9	0.7778	2
tiec	tiếc	1250	0.0600	2
kyc	kýc	0	0.0000	2
lic	líc	1	1.0000	2
dic	díc	0	0.0000	2
cyc	cýc	0	0.0000	2
yec	yếc	0	0.0000	2
tryp	trýp	0	0.0000	2
gic	gíc	0	0.0000	2
miek	miếk	0	0.0000	2
kiet	kiệt	710	0.9718	2
uyet	uyết	0	0.0000	2
kyet	kyết	0	0.0000	2
pich	pích	1	1.0000	2
duyet	duyệt	2244	0.9996	2
bic	bíc	0	0.0000	2
miep	miếp	0	0.0000	2
gyp	gýp	0	0.0000	2
vik	vík	0	0.0000	2
dyet	dyết	0	0.0000	2
hyp	hýp	0	0.0000	2
thip	thíp	0	0.0000	2
cic	cíc	0	0.0000	2
nip	níp	0	0.0000	2
khich	khích	1398	1.0000	2
