syllable	freq
và	226855
của	216268
có	198110
là	189718
được	154020
các	151542
trong	141377
không	131877
một	130939
với	126784
cho	120562
đã	116354
người	104252
năm	90597
những	82583
công	81841
này	81196
để	78069
tôi	77361
ở	76444
thể	72978
khi	72586
đó	69958
đến	69067
vào	66391
từ	66007
anh	65935
sẽ	65084
đầu	64257
tại	62557
về	60531
ra	60312
cũng	58685
thành	57630
làm	55892
trên	53549
nhiều	52450
như	52423
ngày	50191
lại	49498
sự	49464
nhà	48920
số	48823
việc	47733
phải	47103
học	46859
hiện	46752
bị	45813
đồng	45162
chỉ	44807
động	44081
sau	43848
ông	43753
chính	42993
nam	42650
theo	41563
bạn	41494
hơn	41256
nhất	40963
hàng	40447
gia	39381
đi	38741
bộ	38647
đây	38171
còn	38028
con	37518
thời	37252
định	37154
nhưng	37151
điều	36894
thế	36888
trường	36541
quốc	35436
chúng	35279
quan	35246
đang	34902
nhân	34489
việt	34183
nước	34173
phát	33509
giá	33232
biết	33105
cùng	33072
mà	32885
ta	32373
trước	32118
cô	31932
dụng	31721
mới	31670
tháng	31411
thông	31245
nhận	31157
hội	31129
cả	30630
thì	30608
hợp	30561
trung	30288
mình	30230
cơ	30227
viên	30223
thực	30117
cao	29616
sinh	29524
hành	29050
qua	29014
hình	28971
rất	28598
nói	28492
sản	28243
đại	28017
cách	27740
vì	27549
kết	27545
dự	27430
do	27365
bản	27267
trình	27246
xuất	26979
điểm	26868
tăng	26667
tiếp	26604
nên	25912
dân	25641
lên	25634
chủ	25624
lý	25497
khác	25473
giải	25319
đối	25283
vụ	25076
tin	24568
cầu	24008
họ	23989
tới	23914
nghiệp	23855
tế	23738
năng	23731
hai	23729
tư	23533
lượng	23525
em	23410
nó	22891
thị	22859
cần	22762
thấy	22744
thủ	22547
độ	22373
gì	22261
cuộc	22250
sử	22095
nào	21978
phần	21920
lớn	21515
cấp	21471
toàn	21438
chức	21423
thứ	21384
bằng	21288
đường	21268
kinh	20971
vẫn	20946
tác	20827
bảo	20797
đội	20788
tạo	20783
giới	20516
liên	20478
trở	20332
doanh	20159
dịch	20150
nay	20136
triển	20049
tự	19946
tính	19839
khách	19821
lần	19805
tiên	19772
tập	19602
vị	19496
ảnh	19482
tiền	19360
báo	19340
rằng	19323
gian	19320
mặt	19269
hay	19223
thường	19220
nếu	19070
tâm	18986
phòng	18901
đề	18747
ý	18681
tài	18627
vậy	18626
chiến	18491
tình	18429
máy	18407
diễn	18341
bình	18278
kỳ	18278
rồi	18126
muốn	18111
văn	18101
án	17948
nội	17946
lực	17938
hệ	17850
thu	17812
bà	17778
giờ	17718
chưa	17692
pháp	17514
thống	17455
hiệu	17295
sao	17288
khu	17125
cái	17063
trang	16981
bên	16870
xe	16805
ngoài	16742
nhiên	16658
đấu	16657
thương	16511
phương	16434
tổng	16403
giúp	16321
thức	16310
quả	16292
tốt	16284
tổ	16277
phẩm	16221
ấy	16198
ty	16190
trọng	16163
điện	16146
quân	16143
quá	16118
sống	16104
địa	16081
tên	16079
chất	16052
giao	15958
tiêu	15950
ăn	15825
thiết	15784
ban	15706
sở	15686
hoặc	15543
thi	15541
hoạt	15538
bệnh	15502
trị	15484
tham	15461
biệt	15453
loại	15431
bắt	15363
tỉnh	15275
bán	15143
giảm	15135
an	15029
quyết	14956
mỹ	14936
đặc	14892
yêu	14859
bao	14803
bất	14777
kế	14775
mạnh	14698
tục	14655
chuyển	14623
gần	14614
khoảng	14613
dùng	14592
hóa	14571
xã	14478
tuổi	14376
tích	14352
cảm	14347
tìm	14273
trận	14254
hoàn	14146
tiếng	14078
đổi	14026
đánh	13910
hà	13774
lập	13681
chuyện	13653
bởi	13647
thanh	13517
đều	13511
quy	13466
thêm	13435
sĩ	13399
đơn	13222
đưa	13181
ứng	13179
sáng	13170
đất	13168
cổ	13157
trưởng	13032
vừa	12994
diện	12977
nghệ	12919
nhau	12898
từng	12889
bố	12856
vực	12732
chọn	12496
bài	12469
phố	12447
mua	12442
cuối	12431
kiến	12424
trẻ	12388
nữ	12377
đoàn	12352
thay	12297
đình	12289
sách	12277
đạo	12269
dẫn	12248
mang	12197
cậu	12160
mức	12095
đạt	12055
xây	12032
cảnh	12019
trí	12007
lịch	12004
minh	11980
tay	11921
mọi	11849
chơi	11776
dựng	11754
khiến	11752
khai	11752
vật	11745
đông	11741
lúc	11643
chế	11613
bóng	11561
bàn	11560
giáo	11507
mẹ	11471
khoa	11424
quyền	11385
tiến	11371
phim	11366
vấn	11325
khó	11306
trợ	11305
giữa	11278
thích	11244
phục	11222
biến	11189
hướng	11175
chi	11161
chương	11136
liệu	11106
so	11088
nguyên	11084
xem	11077
thân	11067
truyền	11063
du	11044
ngay	10994
mỗi	10975
gặp	10962
thái	10945
tuy	10866
nơi	10799
nhập	10752
sức	10699
bay	10668
ba	10664
gọi	10663
hết	10661
cứu	10640
chuyên	10596
nữa	10567
thuộc	10507
dù	10481
chí	10464
phân	10460
mở	10454
tất	10449
ai	10415
chứng	10378
đặt	10377
danh	10303
tương	10296
mục	10289
phụ	10286
chiếc	10241
cá	10224
hoa	10217
nhiệm	10076
chia	10026
lợi	10016
câu	9963
chung	9844
sát	9818
dài	9814
bỏ	9780
tượng	9776
gây	9736
vệ	9720
lời	9708
luôn	9670
cung	9651
thắng	9619
gồm	9571
nhỏ	9567
kể	9543
ca	9533
vô	9467
quản	9450
phía	9441
tử	9413
đẹp	9413
thuật	9403
nguyễn	9335
kiểm	9333
thật	9311
cáo	9298
kiện	9285
nghĩ	9201
hạn	9177
cạnh	9177
mô	9174
dưới	9154
giữ	9143
viện	9141
nghị	9129
nhật	9116
đáng	9098
tra	9091
sân	9056
phí	9053
tranh	9004
ký	8964
khả	8926
màu	8872
mùa	8869
hồ	8831
mất	8821
nhanh	8781
hoạch	8768
xác	8730
nổi	8683
phong	8657
ghi	8634
mạng	8623
tả	8615
tiết	8580
mắt	8564
nhóm	8560
nhìn	8553
hải	8524
nghiệm	8516
nguồn	8510
biểu	8491
tuyển	8418
đúng	8414
đủ	8398
hòa	8361
đá	8348
đoạn	8314
đăng	8281
vùng	8279
cụ	8279
tối	8274
trực	8262
luật	8256
chuẩn	8220
phạm	8210
vốn	8204
nga	8199
đâu	8198
cửa	8158
cộng	8155
hữu	8148
đức	8119
chị	8116
đồ	8116
hoàng	8064
vòng	8046
ngành	8030
loài	8013
khí	8009
hộ	7953
lan	7938
sang	7873
đời	7868
nghĩa	7775
yếu	7771
biển	7749
lưu	7743
tuần	7739
hưởng	7692
chú	7686
bắc	7677
nhạc	7676
tây	7665
cứ	7656
hỗ	7655
giả	7642
ngân	7632
phủ	7604
vận	7599
quý	7599
lấy	7597
cố	7597
gái	7589
sắc	7563
trả	7546
ít	7508
trò	7499
đóng	7443
hậu	7443
xin	7420
áp	7409
hãy	7400
hồi	7389
riêng	7368
hỏi	7278
y	7234
tinh	7231
vàng	7223
thư	7222
cây	7215
vi	7214
rộng	7177
dễ	7163
giám	7159
thần	7132
duy	7116
khẩu	7095
tấn	7049
nghe	7043
quảng	7035
cực	7007
chân	6992
dung	6973
xuống	6933
hiểu	6869
rõ	6796
chống	6783
càng	6779
huyện	6766
khỏi	6719
tàu	6684
chết	6679
tịch	6678
di	6655
sẻ	6643
đô	6642
viết	6640
đảm	6610
trái	6609
bước	6603
kỹ	6588
đa	6566
nghiên	6545
xử	6545
nằm	6543
thôi	6525
ngoại	6520
hôm	6479
giống	6478
tuyến	6396
phép	6388
lệ	6383
covid	6372
vũ	6361
phiên	6355
cup	6329
chắc	6300
dành	6299
vai	6297
đôi	6251
căn	6248
tưởng	6226
vọng	6219
khá	6218
lãnh	6152
chiều	6138
bé	6117
thuốc	6104
âm	6097
tỷ	6088
ấn	6088
độc	6087
suất	6077
bảng	6075
toán	6062
dương	6056
đào	6033
khoản	6009
vui	6007
đầy	5941
áo	5927
lễ	5922
lòng	5901
lâu	5872
dầu	5857
bác	5840
vài	5823
trai	5809
góp	5797
hạ	5757
mẫu	5732
phiếu	5712
đứng	5707
đảo	5703
nền	5694
vợ	5663
chạy	5657
lớp	5655
kỷ	5644
thuận	5644
khăn	5625
chồng	5609
phá	5593
phản	5587
buổi	5569
thiếu	5541
hát	5539
gửi	5537
châu	5521
mặc	5519
kiếm	5514
hạng	5476
ngôi	5475
dục	5468
da	5468
đấy	5444
dòng	5442
ukraine	5440
lao	5437
xét	5434
luận	5411
xảy	5401
môn	5384
chịu	5377
đàn	5374
trạng	5360
chứ	5356
huy	5355
thúc	5346
cập	5324
tố	5309
kim	5292
game	5290
thoại	5261
môi	5212
đảng	5195
sơn	5175
u	5155
nông	5152
phút	5137
nâng	5125
thiện	5123
quay	5106
đốc	5102
xa	5079
màn	5075
giai	5062
linh	5039
thiên	5020
vượt	5012
phó	4997
đêm	4978
cử	4976
nhằm	4939
tướng	4932
sư	4930
dạng	4922
cư	4906
hắn	4906
tốc	4893
sơ	4874
lựa	4869
tải	4848
thấp	4834
phù	4820
giành	4814
khởi	4812
nhớ	4808
chẳng	4792
lộ	4787
cha	4770
xanh	4746
chấp	4746
thưởng	4726
song	4725
tín	4710
quang	4698
thất	4697
hút	4687
xếp	4674
bổ	4661
lo	4654
lạc	4646
trải	4636
đẩy	4625
lĩnh	4618
đà	4611
thử	4596
kích	4593
hàn	4583
phối	4561
trần	4560
mã	4527
biên	4515
miêu	4510
mật	4503
trách	4502
world	4493
long	4491
nghỉ	4487
trao	4484
thảo	4455
mại	4451
ninh	4451
kéo	4408
nguy	4391
ưu	4390
nhờ	4388
mắc	4384
dấu	4383
tiện	4370
xuyên	4366
khỏe	4357
nhiệt	4349
uống	4348
trời	4341
cải	4340
tiểu	4337
sớm	4334
tức	4331
nối	4320
đừng	4265
món	4262
chiếm	4249
ủy	4227
trì	4213
soát	4190
chỗ	4184
vẻ	4173
hồng	4164
nặng	4159
chỉnh	4157
hãng	4154
hiểm	4125
nhu	4118
tuyên	4100
sông	4096
tầng	4095
cục	4085
miền	4083
bí	4075
phú	4060
lỗi	4044
mong	4039
lai	4037
phi	4029
thủy	4023
web	4013
ngờ	4012
cường	3991
lượt	3987
cháu	3977
lê	3968
chuyến	3963
i	3960
hiệp	3937
tuyệt	3930
mấy	3919
quận	3910
dưỡng	3880
siêu	3874
thuế	3873
nha	3871
sâu	3869
ổn	3850
bức	3839
ngủ	3831
nuôi	3830
địch	3827
quanh	3820
hôn	3803
giấy	3802
đáp	3795
niên	3793
đỏ	3790
lương	3787
lẽ	3784
tớ	3772
xúc	3770
bầu	3767
sẵn	3715
tân	3709
vé	3707
giết	3700
coi	3688
chăm	3675
hại	3668
ước	3652
luyện	3650
cánh	3645
trắng	3643
bại	3641
kiểu	3639
binh	3638
la	3618
mối	3612
cân	3604
ngọc	3602
khóa	3594
mai	3589
đài	3578
hương	3578
sắp	3572
nạn	3567
phúc	3560
tầm	3550
kẻ	3549
thầy	3549
à	3539
máu	3537
cũ	3525
xuân	3518
phổ	3517
đau	3514
tránh	3508
chứa	3496
đón	3495
triệu	3493
dữ	3490
vương	3483
mưa	3475
nghề	3474
suốt	3470
yên	3469
may	3460
buộc	3460
thú	3460
suy	3460
quen	3452
khắc	3437
ô	3430
sai	3427
a	3424
loạt	3423
ích	3416
mày	3412
park	3401
lãi	3401
quần	3400
tội	3395
thậm	3394
chờ	3373
đọc	3362
cận	3359
khán	3338
tái	3334
ngắn	3333
lửa	3333
hấp	3332
sửa	3332
khối	3330
tom	3326
tòa	3323
hầu	3318
đen	3310
lâm	3304
làng	3300
nghi	3293
phê	3285
núi	3285
dần	3276
dạy	3270
quán	3255
giác	3254
mộ	3246
sung	3243
lược	3237
nóng	3229
chào	3226
giản	3220
bánh	3220
phóng	3203
chóng	3199
ngữ	3198
thăm	3190
họp	3188
nhiễm	3182
cán	3179
lắm	3172
chắn	3162
đột	3161
nhé	3161
băng	3154
bây	3153
thuê	3152
thiệu	3145
cấu	3143
thừa	3140
mềm	3127
ánh	3124
chữ	3112
lá	3095
chút	3094
bật	3087
tặng	3074
khẳng	3073
sóng	3065
khám	3056
ngồi	3043
tai	3031
ơn	3014
nhẹ	3007
á	3006
bang	3001
thí	2996
thẳng	2991
nghiêm	2982
thuyết	2971
giang	2963
thơ	2962
cam	2956
thao	2954
bọn	2953
sợ	2942
tóc	2937
rời	2935
tận	2928
hơi	2924
xung	2912
album	2910
dựa	2898
nẵng	2895
tộc	2891
hạt	2880
cắt	2862
bày	2858
dàng	2842
miễn	2839
lệnh	2838
tạm	2826
hy	2826
trụ	2823
lục	2819
gốc	2815
trương	2811
gắn	2803
sóc	2796
sàng	2795
de	2794
truy	2793
khảo	2791
phạt	2786
thác	2785
hùng	2785
đoán	2776
tồn	2771
đương	2758
chữa	2755
nhấn	2755
rút	2749
dừng	2743
kia	2735
cà	2734
league	2729
vua	2729
c	2727
kính	2726
thịt	2720
đứa	2720
mái	2719
tỉ	2714
tim	2708
thẩm	2701
tạp	2698
niệm	2695
khuyến	2694
hạnh	2687
khúc	2683
tiêm	2674
vững	2673
thua	2660
cuốn	2653
đổ	2651
bắn	2647
cầm	2647
khánh	2641
tao	2640
ma	2639
mừng	2623
đích	2622
ngăn	2622
tỏ	2618
lạnh	2616
xong	2616
nhắc	2615
tôn	2609
nợ	2608
dây	2581
đem	2580
xăng	2578
trúc	2577
phận	2574
new	2561
gắng	2555
đám	2554
mời	2553
vay	2550
thượng	2550
ngược	2542
vinh	2537
quỹ	2533
mạch	2530
internet	2529
thổ	2510
ly	2508
tết	2504
chiếu	2502
khủng	2501
cựu	2493
tờ	2491
website	2486
trồng	2476
b	2476
xu	2464
chụp	2463
họa	2458
đợt	2456
thụ	2436
thẻ	2434
cặp	2430
hài	2427
trấn	2416
video	2410
ví	2410
tệ	2408
sạch	2408
tô	2408
lái	2403
rừng	2394
nửa	2391
phường	2386
đợi	2386
hang	2369
nỗ	2362
giàu	2359
hè	2357
sàn	2355
bạc	2352
rơi	2352
thoát	2352
lạ	2346
cưới	2345
kịch	2339
dõi	2334
nhuận	2331
mẽ	2330
gió	2293
tấm	2290
gói	2276
x	2275
niềm	2271
tắc	2269
chúa	2254
ngại	2252
kém	2250
singapore	2247
dịp	2245
duyệt	2244
city	2239
nắm	2235
biện	2235
thằng	2233
indonesia	2229
ràng	2229
nàng	2229
thôn	2225
chàng	2225
kê	2217
trừ	2216
nổ	2216
chậm	2211
ngôn	2208
cảng	2203
xấu	2193
đỉnh	2187
bốn	2182
thỏa	2181
ương	2181
mũi	2180
đua	2177
điển	2177
quê	2174
đèn	2173
súng	2169
trưng	2161
quà	2157
pha	2152
thập	2150
rẻ	2149
bữa	2145
ngũ	2140
trăm	2135
trông	2129
giảng	2117
đỡ	2116
hẹn	2114
lối	2109
lưới	2094
cười	2094
ủng	2094
huyết	2091
man	2085
dụ	2084
chợ	2075
liệt	2071
bối	2070
huấn	2068
kịp	2059
kênh	2056
apple	2052
google	2045
quên	2033
triều	2032
lẫn	2031
mơ	2030
hoá	2028
gấp	2025
tảng	2011
góc	2010
khắp	2008
kèm	2007
sạn	2007
rượu	1998
mãi	1994
chó	1991
chặt	1989
liền	1987
lắng	1986
bào	1977
ngon	1969
xứ	1961
cháy	1941
d	1941
mê	1938
tùy	1937
hủy	1930
ha	1928
nghèo	1927
g	1922
võ	1921
ngài	1918
dũng	1918
vườn	1915
top	1907
malaysia	1899
bão	1895
bờ	1894
kiệm	1893
bền	1891
dáng	1891
thách	1887
s	1882
tuấn	1877
đuổi	1867
sa	1866
thải	1863
bậc	1861
chuỗi	1858
thuyền	1858
nét	1857
hào	1856
vong	1855
cơn	1851
v	1849
gương	1849
dư	1849
tươi	1846
khoán	1842
tĩnh	1840
vân	1839
bè	1839
kháng	1838
đế	1833
trú	1830
chúc	1820
phán	1815
thai	1815
ngừng	1810
sữa	1809
đĩa	1807
can	1802
thiệt	1801
e	1800
online	1795
cấm	1794
fan	1790
tường	1788
hâm	1787
đàm	1785
nhiêu	1784
pháo	1781
trữ	1781
thận	1780
ẩn	1776
seo	1776
giỏi	1773
rối	1770
clip	1770
nguyện	1765
chấn	1762
trại	1761
chạm	1755
bãi	1750
tù	1747
tiềm	1744
sứ	1742
vời	1740
ngang	1735
gà	1730
làn	1728
già	1724
khung	1723
hứng	1718
lỗ	1717
facebook	1712
buồn	1711
hưng	1707
đẳng	1701
hề	1700
đáo	1699
kho	1695
ghế	1694
thù	1694
trùng	1685
tung	1683
iphone	1681
đòi	1681
rau	1679
loạn	1677
khổ	1677
non	1674
thăng	1669
chấm	1665
ấm	1658
cú	1658
sốt	1648
lẻ	1647
t	1646
chặn	1645
hẳn	1641
túi	1639
dậy	1634
chu	1626
nộp	1624
phức	1623
trà	1622
nắng	1621
bạch	1620
vĩnh	1616
uy	1615
giáp	1609
bò	1605
thờ	1603
ung	1600
kì	1599
mạc	1597
tắt	1589
lạm	1586
xương	1586
khiển	1577
đỗ	1561
kêu	1556
hàm	1555
cứng	1555
argentina	1554
xinh	1553
khô	1553
hứa	1551
sắt	1550
đậu	1547
nêu	1544
mắn	1541
chảy	1539
chủng	1539
căng	1538
hiến	1534
kiên	1533
dày	1531
huyền	1531
nhảy	1530
email	1530
thầu	1527
hộp	1527
ngươi	1520
cờ	1511
tông	1508
ống	1506
trích	1505
sài	1502
cát	1501
mệnh	1500
bá	1493
khen	1491
dứt	1490
lành	1489
gỡ	1486
ngọt	1485
giây	1476
khấu	1472
tán	1470
nỗi	1468
gỗ	1467
thước	1465
diệt	1464
phan	1462
đãi	1461
dược	1458
khuôn	1457
hiếm	1456
hằng	1456
bến	1454
săn	1452
dinh	1447
tổn	1443
điệu	1442
trúng	1442
đạn	1440
ngàn	1437
cổng	1435
vietnam	1433
sổ	1429
tri	1426
vết	1424
mát	1423
thiểu	1422
nhi	1420
nhượng	1419
giọng	1419
gòn	1415
dị	1414
games	1413
f	1408
cột	1406
hả	1399
khích	1398
trào	1397
buôn	1395
vỡ	1395
chối	1390
lính	1389
lông	1387
hiển	1379
thưa	1377
trứng	1376
mùi	1376
ẩm	1375
chục	1370
lee	1365
truyện	1364
trốn	1364
ngô	1364
tàng	1361
lộc	1360
hảo	1360
cài	1360
miệng	1356
thép	1355
thánh	1355
ép	1355
john	1353
nhắn	1353
canada	1352
bếp	1351
tỏa	1351
đồn	1350
lắp	1340
tan	1339
xưa	1338
đo	1338
m	1335
thoải	1333
dàn	1332
sea	1330
viêm	1324
nấu	1321
răng	1321
bồi	1321
ạ	1320
sắm	1319
philippines	1317
trạm	1316
ga	1315
sáu	1312
tụ	1311
san	1305
đền	1303
não	1299
đốt	1298
huống	1296
australia	1294
cơm	1293
bụng	1293
huế	1291
lọc	1289
tháp	1289
thọ	1289
brazil	1286
york	1285
tour	1283
chốt	1281
rác	1279
chim	1279
lầm	1278
lưng	1273
huynh	1272
dao	1272
tam	1272
loan	1268
vẽ	1268
thảm	1263
thở	1258
mực	1255
tiếc	1250
paris	1250
thang	1247
tháo	1243
bom	1241
phấn	1241
vỏ	1240
tá	1239
group	1238
bề	1237
ngựa	1236
bồ	1236
rửa	1229
ronaldo	1228
vĩ	1228
chelsea	1227
hoang	1225
cương	1224
cản	1222
béo	1220
chở	1220
tu	1219
xô	1218
index	1215
đai	1212
phỏng	1211
lũ	1208
sỹ	1207
tốn	1207
phái	1206
ngưỡng	1206
mốc	1205
pin	1201
bột	1201
cai	1200
nút	1200
liều	1198
mary	1194
lào	1193
bùng	1188
hot	1186
tròn	1185
viễn	1181
chuột	1180
gợi	1178
tắm	1176
tiệc	1175
xâm	1175
váy	1174
arsenal	1174
khuyên	1172
duyên	1170
trống	1167
nhỉ	1166
kín	1165
dám	1165
mưu	1163
giấc	1163
sút	1161
xứng	1161
úc	1160
k	1157
lão	1157
thả	1152
rủi	1151
tách	1151
mảnh	1148
lừa	1145
co	1144
h	1142
lô	1141
túc	1140
ro	1139
liverpool	1138
hồn	1137
fed	1132
giày	1130
gạo	1129
gọn	1129
tùng	1127
windows	1122
ngập	1121
cãi	1119
hỏa	1119
đậm	1117
điệp	1117
lãng	1116
đập	1112
nhãn	1111
khóc	1108
che	1104
thùng	1104
ảo	1103
messi	1099
dọa	1099
tứ	1098
al	1094
trầm	1094
hoảng	1093
dọc	1093
android	1092
đắt	1090
trục	1083
bó	1080
đoạt	1077
nhánh	1076
chín	1075
canh	1073
sôi	1070
trưa	1069
mỏ	1069
sót	1068
ngoái	1067
cốt	1067
nhịp	1065
mười	1065
chiêu	1064
khuẩn	1064
dường	1063
bảy	1062
khổng	1062
chừng	1061
khẩn	1061
ngầm	1060
ngã	1060
than	1057
quái	1055
táo	1053
cụm	1049
thụy	1047
cướp	1046
cỏ	1044
chùa	1042
bạo	1038
đe	1038
mệt	1036
dâu	1036
file	1033
xóa	1031
chip	1029
thuần	1027
camera	1025
gã	1021
chăn	1020
chinh	1020
vaccine	1020
hỏng	1018
cỡ	1017
thự	1017
mãn	1017
lang	1016
hoà	1012
treo	1011
leo	1009
hầm	1009
airlines	1008
dính	1007
virus	1006
ruột	1005
tú	1003
bùi	1002
bia	1002
dắt	999
mét	996
hư	994
tràn	994
sánh	993
lãm	993
xoay	991
vitamin	990
lồ	988
nhĩ	987
tàn	985
vắc	984
thơm	982
trọn	982
united	981
real	979
iran	979
phẫu	977
cẩn	973
ác	971
tựa	967
dạ	965
thói	964
điên	964
thịnh	963
hiếu	962
bông	962
đinh	961
phước	959
show	958
bi	958
ngừa	956
giận	955
ơi	954
samsung	954
bổng	953
miếng	952
đam	950
tuân	949
bơi	947
khoác	944
củ	944
thạch	943
trộm	943
gan	942
asean	941
lặng	941
rào	940
mi	940
điền	938
vạn	938
london	936
mạo	935
air	935
hiền	934
vây	933
mèo	928
tủ	926
nhựa	925
hổ	922
trăng	921
kem	913
biden	911
hoài	911
bù	910
lúa	910
lọt	909
ghép	906
túy	905
rãi	904
khoảnh	904
trump	903
vướng	903
ám	899
ten	899
nhan	899
madrid	898
ngạc	896
cúp	893
ngọn	892
hi	890
nhàng	890
muối	889
nghìn	888
đeo	886
mỡ	885
galaxy	885
campuchia	881
đan	879
ôm	877
vải	877
cất	876
quỷ	876
quỳnh	874
mây	874
chua	872
tôm	871
khớp	869
marketing	868
miss	866
đặng	866
hô	866
ái	865
khôi	864
vang	863
lò	863
ven	861
bớt	860
euro	860
giật	858
huỳnh	856
pro	855
bận	854
tuyết	854
chẽ	853
giam	852
mỏi	852
chuyền	850
giấu	849
khoáng	849
mỏng	848
tần	848
chả	847
mảng	846
qatar	846
ưa	846
khoe	845
nhẫn	845
muộn	844
bát	842
trinh	841
giường	837
ức	835
say	834
giãn	833
tật	832
fifa	829
ốc	828
tước	828
vắng	826
mau	825
khứ	825
va	824
lít	821
bank	821
kiều	820
viettel	820
van	819
david	819
l	818
lệch	817
vươn	817
hòn	815
lũy	815
axit	813
khát	813
cống	813
bốc	812
hoan	811
smartphone	807
thô	807
soạn	806
dĩ	805
ghét	804
lam	804
đuôi	804
lí	801
chán	800
hag	800
syria	798
israel	796
sợi	795
hỗn	795
trộn	795
champions	795
vẹn	794
oh	793
hò	793
xạ	791
ổ	790
sưu	788
lây	787
grand	786
cám	786
bám	786
gián	786
đựng	785
rắn	784
bê	783
mexico	782
dọn	779
rồng	776
đạp	776
barcelona	773
hối	773
ngắm	771
su	770
mì	770
hose	767
phật	767
mobile	766
đẻ	764
móng	763
honda	762
đằng	762
tuệ	761
lăng	761
xóm	761
nồng	760
lợn	757
james	755
trội	755
play	753
washington	753
niêm	751
vịnh	751
tang	750
thoái	750
tám	749
thợ	748
son	747
hẹp	747
rà	745
nướng	744
bách	744
ném	741
nở	741
tha	741
mượn	740
phượng	740
dối	737
ho	736
sốc	735
cua	733
nạp	733
ngực	730
vũng	730
laptop	730
mộc	729
ngợi	728
mạn	727
nai	727
premier	727
pau	725
đói	723
nhầm	721
n	721
nhạy	720
quyến	718
thiệp	718
phím	717
viet	716
chặng	715
one	714
mông	714
quét	712
voi	712
my	711
bỉ	711
kiệt	710
trừng	710
bút	710
ngộ	709
tọa	709
mù	709
ranh	706
chìm	704
đồi	704
đầm	704
lân	700
luân	700
na	699
cắm	698
bụi	695
khái	695
cốc	694
tráng	694
jack	692
nấm	692
móc	691
dã	690
màng	689
thắt	689
mầm	688
lỏng	687
chai	684
uỷ	684
chánh	683
ngự	679
nhắm	678
hung	677
ngư	676
california	675
nề	675
rũ	674
phu	674
lôi	672
mộng	670
trôi	670
đùa	667
củng	667
đới	666
ngơi	665
đáy	664
im	664
khuyết	663
mến	663
ki	663
mọc	663
dãy	662
quyển	661
lỡ	659
tống	659
ong	658
thuẫn	657
nhì	656
sen	656
đắc	656
dạo	655
giáng	653
lứa	653
rỡ	650
vả	650
trịnh	650
lạp	649
kĩ	646
rập	645
gen	644
rắc	644
đệ	644
xế	642
hưu	642
dán	642
trượt	642
dốc	641
nâu	640
men	639
thâm	638
cẩm	637
cắp	635
cước	635
link	634
tụi	633
bọc	632
lõi	631
giặt	630
inch	630
rực	629
ex	628
khâu	627
hye	627
gánh	627
chép	627
r	626
microsoft	626
yết	626
barca	625
ngạch	624
út	623
phiền	623
hong	623
lui	623
hán	622
ròng	621
ả	620
cáp	619
lùi	618
trật	617
moscow	617
dong	617
click	615
sếp	614
hụt	613
nhạt	613
yến	613
xưởng	613
harry	613
phe	612
khép	612
nato	611
tiễn	609
michael	607
no	606
triệt	603
trân	602
kiev	602
lồng	600
paul	600
black	600
xơ	598
bội	598
thoáng	598
mờ	595
vở	595
bón	594
cậy	594
tẩy	594
ân	592
frank	592
ngãi	592
khéo	592
côn	591
thám	591
putin	589
young	588
sạc	588
george	588
cong	588
dặm	585
đống	585
vội	583
gối	582
oxy	579
mũ	579
lạt	579
ross	579
zealand	575
kong	574
mụn	574
ngón	573
khỉ	572
vất	572
okay	572
dệt	571
ngoan	571
cự	570
logistics	570
ghé	569
kiêm	569
ổng	567
nhung	566
yeah	566
khiếu	565
protein	564
khang	564
heo	564
mail	564
vâng	563
dò	563
đắp	563
cholesterol	562
đâm	561
bấm	561
olympic	560
xả	560
lặp	560
jong	559
thùy	559
khoan	558
khốn	558
sáp	556
xách	556
dải	555
tóm	554
khoai	554
tokyo	554
thuỷ	553
xi	553
dồn	553
phổi	552
tràng	552
lấp	551
khói	551
ngu	551
manchester	551
khe	550
land	550
khơi	548
đòn	547
tím	547
vin	546
chênh	545
diệu	545
twitter	544
super	543
rèn	543
măng	542
chanh	542
phun	540
quãng	540
li	540
gạch	539
mẻ	537
dịu	536
tồi	533
ngào	533
bể	533
download	533
hoãn	532
chẩn	531
robert	530
intel	529
triết	529
bỏng	529
thổi	528
maria	528
café	527
sụt	527
rạp	527
series	526
rạng	526
suối	525
o	525
khoá	525
am	523
rachel	523
dâng	523
ios	522
bill	522
joe	520
chìa	520
kyo	519
vành	519
mâu	519
tiệm	517
đắk	517
lộn	517
j	517
bế	516
vuông	516
thắc	515
nát	514
múa	514
đứt	514
trễ	513
bẩn	513
z	512
tia	511
vợt	511
đính	510
myanmar	510
mồ	510
william	509
hái	509
nụ	508
logo	505
le	504
úy	504
hạm	504
ngụ	503
kỉ	502
resort	501
hôi	501
hãi	501
ruộng	500
max	499
tạ	498
alex	498
ồn	498
cưng	496
golf	496
gõ	495
ham	494
shin	494
loa	494
lưỡng	493
mồi	493
mò	493
cúng	492
bưu	492
cay	492
bắp	491
iraq	491
lường	491
tre	490
dội	489
lấn	489
kon	489
đúc	487
toyota	487
dở	487
xá	486
big	486
kìa	485
nho	485
hoành	485
thạc	483
chuộng	483
bayern	482
hước	482
jones	481
lát	481
rộn	480
cạn	480
âu	480
xích	480
milan	479
khoẻ	478
nhóc	478
plus	478
trọ	478
ồ	477
gãy	477
nồi	476
ford	475
dâm	475
sương	475
international	474
bàng	473
xám	472
kí	471
tí	471
joey	471
đôn	469
kỵ	469
lữ	468
mươi	468
khôn	467
huệ	467
nghiện	466
net	466
nhũng	466
test	466
thoảng	464
post	464
mịn	463
đụng	462
los	462
thạnh	461
dông	459
vượng	459
nảy	459
charles	459
nô	458
anime	458
thấu	457
chôn	457
mặn	457
app	457
hit	456
dẹp	455
lũng	455
bỗng	454
chê	454
vinhomes	454
luồng	454
vóc	453
ôn	453
zing	452
dừa	452
pop	452
nhơn	452
châm	450
nén	448
quế	448
nhã	447
team	447
lăn	447
thấm	447
oanh	447
peter	446
lật	446
buýt	446
jin	445
hoại	444
old	444
mac	443
mini	443
news	443
ấp	442
code	440
tựu	440
cửu	440
soi	439
ngõ	439
khoang	439
gũi	438
mổ	438
bin	438
cởi	438
bangkok	438
cafe	438
xỉ	436
ngưng	435
quyên	435
gác	434
thỉnh	434
eo	434
cuồng	433
min	433
dập	433
java	432
st	431
saigon	431
sun	430
trùm	430
rung	430
lùng	429
capital	429
đếm	428
check	428
chuối	428
ngốc	427
dỡ	426
thúy	426
hey	425
thung	425
set	424
bơm	422
ôi	421
toà	421
cưỡng	421
ipad	421
thầm	421
flash	420
server	419
gai	418
vạch	417
đệm	417
mòn	417
gìn	415
kẹt	415
richard	414
nới	414
tum	413
ôtô	412
gắt	411
bấy	411
chiết	411
đớn	411
vy	410
thomas	410
visa	410
bì	410
trâu	409
west	409
lướt	408
tae	408
ốm	407
ớt	407
sâm	407
gay	406
đán	406
vịt	405
xưng	405
dời	404
w	404
sét	403
fast	403
nguyệt	402
mark	402
bẫy	402
ừ	402
dẫu	402
khiêm	401
croatia	401
kông	401
ngâm	401
má	400
louis	400
seoul	399
rẽ	399
lau	399
manh	399
xê	398
khan	396
berlin	395
len	394
anna	394
trán	394
chiêm	394
henry	392
rải	392
phẳng	391
đạm	391
nếp	391
lót	390
sam	389
chăng	389
xà	389
wales	389
lưỡi	389
bích	388
hận	388
dai	388
nhiếp	388
ngẫu	388
bar	388
saudi	387
sụp	387
đực	386
robot	385
view	385
cóc	385
cúm	385
nại	385
rể	384
monica	384
ao	383
hân	382
giọt	382
kép	381
von	380
italy	380
dồi	380
dưa	380
collagen	379
lậu	379
ào	378
ti	378
ben	377
cọc	376
gom	376
xôi	376
lầu	375
kiếp	375
rôn	374
ngột	373
quạt	373
lở	373
xen	372
ngục	372
nè	371
nghiêng	371
trafford	371
khía	370
đắn	370
nghịch	370
hoi	370
bộc	369
container	369
rét	369
vặt	368
ư	368
taxi	368
rổ	368
ván	368
chè	367
afghanistan	367
nhường	366
khiêu	366
lắk	365
ê	365
chat	364
dang	364
léo	364
bob	363
thủng	363
đoan	362
kẹo	362
gấu	362
cuộn	361
chandler	361
chiên	361
ji	360
vú	360
hyun	360
bái	359
model	359
solo	359
martin	359
alexander	359
amazon	359
hao	359
óc	359
cắn	358
acid	358
shop	358
sướng	357
lạng	356
blue	356
won	355
tò	355
lisa	355
girl	354
tik	354
phơi	352
boston	352
hungary	352
erik	352
ướt	351
nạ	351
thèm	350
nương	350
star	350
phế	350
xông	350
thề	350
house	349
mercedes	349
costa	349
nhở	349
km	348
gò	348
rụng	348
chuông	348
tản	347
angeles	347
lội	347
kệ	346
kiềm	346
đun	346
quát	346
nang	346
smart	345
cừu	345
xướng	345
nhị	345
bo	345
spa	344
xao	344
victoria	344
kề	344
nhâm	342
ireland	342
thím	342
phì	342
munich	341
kíp	341
nick	340
khao	339
nôn	339
vọt	339
el	339
nốt	339
bồn	338
mắm	338
chật	338
open	338
đành	337
texas	337
green	336
hố	336
home	335
gong	335
gục	335
adam	334
dì	334
rao	334
tỏi	334
đắng	333
khử	333
live	333
khải	333
taylor	332
cồn	332
tê	332
sườn	332
huân	332
buồng	331
nắp	331
serbia	331
lắc	331
tơ	330
asia	329
dại	329
ocean	329
tạng	328
room	328
nhí	328
hollywood	328
lề	327
haaland	327
rịa	326
họng	326
yong	326
elizabeth	325
diễm	324
antony	324
center	324
saint	323
đuối	323
joong	323
sành	323
cỗ	323
ngụy	323
cristiano	322
bơ	322
khuất	321
start	321
go	321
music	321
rock	320
ajax	320
re	320
sony	319
ounce	319
danny	319
hở	318
súc	318
sapa	318
ghen	317
láng	317
media	317
card	317
mbappe	316
nhọn	316
power	316
pakistan	315
rệt	315
smith	315
bìa	315
đắm	314
times	314
chửi	314
lặn	314
lung	313
awards	313
decal	313
trắc	313
mít	312
tị	312
hé	312
khống	312
uyên	311
khê	311
phanh	311
bong	311
well	309
arabia	309
trạch	309
rốt	309
đèo	309
blog	308
vu	308
nhặt	308
gam	307
khiếp	306
chay	306
carl	306
thiêng	306
daniel	306
bệ	305
râu	305
liêm	305
liêu	305
xài	305
steve	304
thục	304
nứt	304
vách	304
nhược	304
jim	303
rỉ	303
king	303
club	303
menu	302
chém	302
thớt	302
cấy	302
đọng	302
ngỡ	302
bóc	301
neo	301
thềm	301
túng	301
đạc	300
dào	300
điêu	300
sim	300
iso	299
nghiệt	299
teen	298
lụt	298
trơn	298
inter	298
jackson	298
mập	296
vấp	296
metro	296
lột	296
mài	295
rộ	295
xí	294
bóp	294
thắn	294
dặn	293
cau	293
mr	293
hiếp	293
buông	292
bôi	292
ấu	292
chọc	292
tụng	291
ráp	291
site	291
cành	291
villa	291
đặn	290
chén	290
uruguay	290
gặt	290
băn	289
nuối	288
colombia	288
tà	288
full	287
lionel	287
lánh	287
jean	287
phùng	287
quầy	287
xoắn	286
day	286
chì	286
khoăn	286
viền	286
pokémon	285
tào	285
mike	285
free	285
báu	284
ngần	284
yahoo	284
run	284
script	284
pep	284
nigeria	284
neymar	283
chen	283
suýt	283
me	283
mượt	282
giếng	282
đè	282
chéo	282
lanh	281
tưới	281
pre	281
tottenham	281
chậu	280
scotland	280
xoa	279
chà	279
sừng	278
gậy	278
bùn	278
êm	278
mix	277
instagram	277
bưởi	277
han	276
white	276
lơ	276
dragon	276
quách	275
fi	275
book	275
chris	274
utd	274
xôn	274
thỏ	274
rapper	274
oscar	274
jung	274
ligue	274
khoái	273
red	273
thoả	273
nhộn	273
phụng	273
ghana	273
woo	273
đê	273
master	273
showbiz	273
global	273
kèo	272
bứt	272
sập	272
xì	271
dẻo	271
luộc	271
fanpage	271
camp	271
digital	270
vina	270
rã	270
tr	269
đấm	269
sạt	269
chải	269
johnson	269
thính	268
omicron	268
ngoạn	268
cò	268
nàn	268
francisco	268
nhấp	267
edward	267
asian	266
vladimir	266
lọ	266
qui	265
christian	265
tui	265
rễ	265
dortmund	265
combo	265
se	264
canxi	264
kherson	264
charlie	264
hitler	263
lận	263
bọ	263
liễu	263
johnny	263
note	263
hormone	263
dép	262
swift	262
xấp	262
nón	262
ri	262
page	262
phone	262
chèo	262
zelensky	262
chui	262
bún	261
ecuador	261
diệp	261
phiêu	261
klopp	261
entertainment	260
đ	260
billboard	260
alice	260
shark	260
gốm	260
xào	260
rảnh	259
ray	259
rose	259
ve	259
chan	259
bèn	259
ùn	259
hệt	258
vứt	258
ngặt	258
choáng	258
rạch	257
chile	257
chicago	257
khinh	257
keo	257
kiêng	256
holdings	256
hee	256
vỉa	256
hét	256
data	256
thoa	255
rớt	255
chuồng	255
cúc	255
ưng	254
khốc	254
word	254
vòm	254
airways	254
concert	254
hack	254
arthur	254
quỵ	254
kiêu	253
mẫn	253
đàng	253
giòn	253
tấu	252
gừng	252
florida	252
life	252
luis	252
phô	252
hãm	251
phiến	251
đục	251
thiền	251
mẹo	251
diego	250
ráo	250
jordan	250
bạ	250
cọ	250
baby	250
nhuộm	250
radio	250
boeing	249
hacker	249
gạt	249
mâm	249
royal	249
tok	249
ngoặt	248
jeans	248
xắn	248
mạ	248
vietjet	247
ủ	247
uốn	247
uav	247
office	247
oan	247
mãnh	246
ghê	246
rủ	246
karaoke	246
lụa	246
nhôm	246
bruno	246
beta	246
rap	246
manga	245
scott	245
mường	245
hạch	244
lốp	244
nhục	244
tem	244
đốm	244
core	244
bit	243
nọ	243
tụt	243
cày	243
morgan	243
xăm	242
xay	242
chốn	242
nan	242
sói	242
chrome	242
dỗ	241
mùng	241
phoebe	241
tuỳ	240
angela	240
điềm	240
sky	240
gieo	240
hoạ	240
kevin	240
chùm	239
kyun	239
cược	239
pacific	239
del	239
tony	239
reuters	239
nasa	239
xuôi	239
thiêu	238
sưởi	238
hít	238
nản	238
cuba	238
đùi	237
nhiễu	237
sport	237
tiệt	237
venezuela	237
block	236
nhậu	236
rưỡi	236
vờ	236
martinez	235
joseph	235
miện	235
giỏ	235
nhức	234
dê	234
lượn	234
nòng	234
andy	234
antonio	234
studio	234
rang	233
olympia	233
tivi	233
rùa	233
hill	233
central	232
carbon	232
sầm	232
kit	232
xót	232
boss	232
sydney	232
guardiola	232
nhàn	231
dạn	231
bén	231
côi	231
né	231
gộp	231
golden	231
cu	230
gởi	230
gân	230
khiết	229
nhịn	229
siết	229
kẹp	229
bực	229
gold	228
nuốt	228
sri	228
nhát	228
ke	228
hoạn	228
xoài	228
sọc	228
sỏi	228
muôn	227
best	227
style	227
asus	227
ngất	226
bã	226
italia	226
vắt	226
idol	225
đái	225
thìa	225
walter	225
tịnh	225
sấy	225
zero	224
lẫy	224
emily	224
thắp	224
lầy	224
ah	224
obama	224
vest	224
andrew	223
trăn	223
abe	223
liga	223
jane	222
victor	222
piano	222
lốc	222
store	222
mác	222
hẻm	222
kẽ	221
xổ	221
ủi	221
santa	221
huỷ	220
khuya	220
billy	220
bồng	220
kang	219
đũa	219
nấy	219
brown	219
nể	219
bẻ	219
kremlin	219
lén	219
nobel	218
albert	218
bọt	218
sầu	218
cambridge	218
austin	218
disney	218
táng	217
rước	217
meta	217
xoáy	217
potter	217
loãng	217
laser	217
anthony	216
donald	216
thon	216
juventus	216
box	216
chảo	216
rò	216
diên	216
cưỡi	216
vác	215
cháo	215
miếu	215
thun	215
ion	215
moskva	215
nà	214
giềng	214
nghênh	214
bầy	214
đúp	214
xé	214
vòi	214
bú	214
viếng	213
nghẽn	213
bạt	212
lộng	212
musk	212
rong	212
harvard	212
thạo	212
hổng	212
doãn	212
alpha	212
scandal	212
ngắt	211
gas	211
mekong	211
nguội	211
ng	210
brunei	210
pizza	210
berry	210
futsal	210
mắng	209
còi	209
ngây	209
hóc	209
quấy	209
plaza	209
bẩm	209
tab	209
giàn	209
chớp	208
quỳ	208
tower	208
mốt	208
rách	207
giã	207
tăm	207
senegal	207
si	207
thiếp	207
phở	207
phàn	207
gầy	207
mồm	207
thuột	207
ướp	207
ni	206
chót	206
sưng	206
giặc	206
auto	206
nhốt	205
nhồi	205
sấu	205
dave	205
crimea	205
wang	204
bkav	204
khương	204
opec	204
bus	204
vegas	204
startup	204
dubai	204
gập	204
mép	203
nhai	203
ok	203
guitar	203
phác	203
radar	203
xảo	203
atletico	202
chang	202
lười	202
th	202
thửa	201
williams	201
xiaomi	201
cớ	201
miller	201
nova	201
sảnh	201
jesus	200
gym	200
gel	200
banking	200
bond	200
pa	200
hyundai	200
cẩu	200
búp	200
peru	199
náo	199
chớ	199
tát	199
tro	199
wall	199
sẹo	199
eva	199
testosterone	199
rẫy	198
tesla	198
hybrid	198
banner	198
vã	198
cối	198
kali	198
benzema	197
xát	197
gầm	197
cạo	197
credit	197
body	196
vôi	196
khanh	196
kè	196
nhăn	196
ngỏ	196
kate	195
đố	195
ultra	195
mourinho	195
timor	195
phông	195
bridge	195
asiad	195
halloween	195
chuyen	194
claire	194
yoon	194
copy	193
sarah	193
mĩ	193
gội	193
vuốt	193
wi	193
leicester	193
ngậm	193
nuke	193
trêu	192
mía	192
matt	192
đao	192
justin	191
santiago	191
quật	191
chèn	191
roger	191
cù	191
item	191
offline	190
pho	190
chư	190
street	190
nã	190
south	190
cụt	190
vớt	189
simon	189
khiếm	189
town	189
nokia	189
thà	189
uh	189
gót	189
aids	188
bulgaria	188
express	188
type	188
festival	188
noel	188
gu	187
american	187
eddie	187
đu	187
nou	187
sọ	187
font	186
eric	186
rica	186
nghiền	186
business	186
ralph	186
ngàng	186
excel	186
las	186
cameroon	185
xịt	185
love	185
hotline	185
nhờn	185
hanoi	185
hosting	185
soo	185
watch	185
rán	185
calo	185
tablet	185
lách	185
jake	184
diesel	184
tề	184
kane	184
nguoi	184
khuê	184
nhọc	184
nộ	184
enzyme	184
queen	184
jetstar	184
thối	184
palace	183
sexy	183
gene	183
hông	183
cov	183
bamboo	182
anne	182
miệt	182
daily	182
đéo	182
lều	182
mậu	182
sofa	182
giò	182
avatar	181
eun	181
violet	181
vietcombank	181
cloud	181
rỗng	181
ngòi	181
nung	181
nguyền	181
lờ	180
garden	180
silva	180
vỗ	180
uganda	179
tý	179
sùng	179
hero	179
nepal	179
cào	179
gps	179
coca	179
rạn	179
jae	179
dat	179
rome	178
búa	178
don	178
mí	178
mìn	178
muỗi	177
chạp	177
hăng	177
quất	177
gabriel	177
yamaha	177
háo	177
xẻ	177
valentine	177
drama	177
vặn	177
serie	176
nóc	176
carlos	175
xoá	175
ttg	175
fone	175
dè	175
juan	175
blackpink	175
xít	175
ngai	175
cuống	175
lừng	175
dấy	175
form	175
newcastle	174
chợt	174
dan	174
netizen	174
toan	174
brian	174
cúi	174
agribank	173
dean	173
china	173
nến	173
ae	173
jimmy	173
spam	173
chocolate	173
tag	173
mão	173
jason	173
point	172
cõi	172
petrolimex	172
lựu	172
alan	172
brent	172
sara	172
bikini	171
rỗi	171
bừng	171
armenia	171
uae	171
donetsk	171
nancy	171
xáo	170
lanka	170
marie	170
séc	170
update	170
bitcoin	170
tặc	170
thâu	169
dream	169
mỳ	169
travel	169
kha	169
eco	169
gàng	169
lửng	169
school	169
liu	169
massage	168
tạt	168
duệ	168
nành	168
rốc	168
palestine	168
djokovic	168
jose	168
joon	168
poster	167
college	167
hắc	166
mỉ	166
chuộc	166
search	166
ren	166
belarus	166
stress	166
luke	166
rồ	166
khỏa	165
nhậm	165
chích	165
khắt	165
blockchain	165
feet	165
youtube	165
mobi	165
hiên	165
boy	165
cola	165
lẩu	165
yoga	165
japan	164
uất	164
vàn	164
micro	164
europa	164
phẫn	164
kenya	164
moi	164
hức	164
telecom	164
tuchel	164
livestream	163
ngứa	163
dr	163
chững	163
lon	163
găng	163
ngả	162
mỉm	162
lizzie	162
vá	162
ram	162
rót	162
fox	162
silicon	162
hawaii	162
xíu	162
tuyền	161
choi	161
pierre	161
rio	161
thê	161
line	161
phil	161
jet	161
tảo	160
gi	160
giơ	160
cưa	160
single	160
quấn	160
đẫm	160
paulo	160
quí	160
win	159
trù	159
kìm	159
osaka	159
walker	159
đốn	159
ếch	159
thuở	159
sacombank	159
phả	158
canon	158
tầu	158
comment	158
fiancé	158
trệ	158
opera	158
dau	158
allen	158
vinamilk	158
dưng	158
vietin	158
miên	158
kwh	157
trailer	157
valencia	157
gaal	157
rô	157
ye	157
ch	157
vớ	157
ngọ	157
aaron	157
aston	157
suk	156
nức	156
sòng	156
mụ	156
xịn	156
sảng	156
crystal	156
gates	156
des	156
moon	156
hanh	155
nsưt	155
ngửa	155
trói	155
sê	155
barry	155
sir	155
cấn	155
vo	155
nhện	154
lay	154
diamond	154
vụn	154
thêu	154
tỵ	154
steven	154
space	154
wifi	154
chảnh	154
explorer	154
miami	154
đậy	153
francis	153
benz	153
upcom	153
hat	153
stream	153
vpbank	153
mazda	153
giục	153
tạc	153
concept	152
hoán	152
tunisia	152
nhủ	152
toa	152
phôi	152
thản	152
abu	152
lư	152
art	152
dell	152
key	152
friedrich	152
pang	151
bướm	151
giấm	151
khuấy	151
gươm	151
karl	151
hop	151
lewandowski	151
ruồi	151
eximbank	151
harris	151
bobby	151
trèo	150
gary	150
chước	150
sào	150
khong	150
nhúng	150
kẽm	150
ngán	150
hèn	150
noi	150
gật	149
nếm	149
review	149
universe	149
điếm	149
yoo	149
national	148
toả	148
diễu	148
pu	148
university	148
motor	148
chòm	148
marcus	148
súp	148
chướng	148
hydro	148
amsterdam	148
josé	148
chiểu	148
vingroup	148
xốp	147
lùn	147
lẩn	147
méo	147
brasil	147
island	147
hủ	147
sảo	146
herbert	146
bruce	146
nunez	146
éo	146
soái	146
cac	146
quặng	145
buồm	145
care	145
gram	145
zalo	145
phao	145
tấp	145
lạch	145
france	145
grab	144
roma	144
corporation	144
suôn	144
omega	144
beach	144
class	144
tưng	144
beyoncé	144
shophouse	144
port	144
bai	144
nhét	143
cia	143
championship	143
ơ	143
glucose	143
ukraina	143
tụy	143
beckham	143
level	142
mega	142
happy	142
bùa	142
ngó	142
bả	142
virginia	142
leste	142
toát	142
carter	142
sean	142
khuynh	142
blade	142
nhuyễn	142
mart	142
lún	142
vãi	141
nhàm	141
lumia	141
hãn	141
nãy	141
matthew	141
hoc	141
santos	141
choàng	141
liêng	141
phà	141
bangladesh	141
thốt	141
salad	141
ốp	141
sờ	140
host	140
muỗng	140
carolina	140
hùm	140
farm	140
ali	140
nm	140
logic	139
barbara	139
alaska	139
vỏn	139
tệp	139
latinh	139
ập	139
showroom	138
brad	138
america	138
sterling	138
tỉa	138
research	138
thốn	138
north	138
dứa	138
georgia	138
ana	138
trâm	137
thắm	137
levi	137
bass	137
learning	137
vãn	137
ship	137
aeon	137
zuckerberg	137
tech	137
estrogen	137
vùi	137
baker	136
quai	136
emirates	136
tua	136
rìa	136
arnold	136
fashion	136
que	136
ạt	136
ngạo	136
ngẩn	135
đọ	135
benjamin	135
audio	135
dance	135
phai	135
căm	135
nail	135
xua	135
rơm	135
grammy	135
đả	135
trá	135
brighton	135
trút	134
đãng	134
fernandes	134
xui	134
wilson	134
hun	134
anderson	134
điếu	134
stamford	134
suzuki	134
thy	134
cạp	134
giêng	134
khâm	133
airbus	133
anti	133
nêm	133
uyển	133
god	133
rầm	133
ryan	133
nghẹt	133
trặc	133
balo	133
photo	133
tẩu	133
manila	133
insulin	133
araneus	133
jessica	133
nhẹn	133
social	133
oliver	132
amy	132
rashford	132
hãnh	132
bịt	132
netflix	132
ngà	132
thuyên	132
văng	132
lincoln	132
columbia	132
betty	132
davis	132
lewis	132
tank	132
catwalk	132
rậm	132
chói	132
audi	131
lane	131
kình	131
martial	131
jr	131
ann	131
visual	131
chọi	131
loét	130
roi	130
domain	130
ph	130
sedan	130
derby	130
chằng	130
records	130
fred	130
hills	130
batman	130
blazer	130
gán	130
maguire	130
bung	130
mice	130
gáy	130
trau	130
event	129
vựng	129
casemiro	129
lạy	129
jazz	129
acnes	129
hoằng	129
division	129
ngói	129
xoăn	129
tiger	129
thìn	129
et	129
yang	129
nạt	128
ươm	128
delhi	128
két	128
arizona	128
xy	128
bênh	128
pogba	128
rating	128
thiêm	128
chưng	128
huawei	128
river	127
madam	127
touch	127
hunter	127
jobs	127
sô	127
sắn	127
enterprise	127
bell	127
uefa	127
tyler	127
vmas	127
càn	127
xước	127
pele	127
algeria	127
libya	127
forum	127
little	127
salah	126
tốp	126
mario	126
rãnh	126
stalin	126
độn	126
oman	126
hốt	126
sáo	126
vincom	126
build	126
thong	126
mod	126
ngửi	126
amin	126
trồ	125
natri	125
khoát	125
voucher	125
chổi	125
fire	125
giằng	125
mẩu	125
gardaí	125
ảm	125
nháy	125
bẩy	125
grande	125
der	125
cross	125
chày	125
mall	124
bói	124
cooper	124
tommy	124
powell	124
sandwich	124
linux	124
nike	124
trick	124
marvel	124
gang	124
lim	124
chao	124
bới	124
pixel	124
khay	124
cằm	124
át	123
jacob	123
roy	123
leon	123
vần	123
thiều	123
marathon	123
mao	123
ầm	123
minzy	123
lich	123
marc	123
hon	123
boris	123
trỏ	123
duoc	123
trướng	123
hotel	123
eriksen	122
vạt	122
premium	122
ngủi	122
pleiku	122
venice	122
phiệt	122
sụn	122
rick	122
banh	122
té	122
food	122
vung	122
tít	122
slam	121
momo	121
chốc	121
murray	121
zoom	121
tể	121
control	121
tẩm	121
câm	121
sò	121
cover	121
edition	121
bừa	121
doc	121
ft	121
thanks	120
jakarta	120
rằm	120
houston	120
demo	120
diều	120
linda	120
oxford	120
design	120
võng	120
tràm	120
pete	120
miến	120
mitsubishi	119
hoả	119
kèn	119
diva	119
nhổ	119
vẩn	119
evans	119
tholot	119
quăng	119
sports	119
carol	119
nathan	119
les	119
kelly	118
messenger	118
sex	118
nadal	118
lì	118
jang	118
madonna	118
kitô	118
nhũ	118
module	118
adobe	118
alibaba	118
einstein	118
lợp	118
ludwig	118
cameron	118
mớ	118
nhưỡng	118
gaming	117
vẹt	117
tennis	117
sẫm	117
maya	117
norman	117
truong	117
são	117
quýt	117
bella	117
arena	117
polking	117
chun	117
tủy	116
đẽ	116
lúng	116
lady	116
jamie	116
dơi	116
leeds	116
un	116
lụy	116
dạt	116
nhá	116
julia	116
stephen	116
federer	116
sale	116
bành	116
general	116
christopher	116
yểm	116
angel	116
toi	115
sỉ	115
everton	115
chần	115
final	115
secret	114
băm	114
nhả	114
text	114
graham	114
cape	114
ngớ	114
tẻ	114
cáu	114
film	114
ngơ	114
network	114
toronto	114
rát	114
cặn	114
lu	114
ngạn	114
đôla	114
sục	114
edge	114
úng	114
cừ	113
latin	113
cang	113
riverside	113
um	113
nano	113
diêm	113
case	113
felix	113
đày	113
cội	113
holmes	113
junior	113
nexus	113
enzym	113
platinum	113
phen	113
kennedy	112
kazakhstan	112
mấu	112
kị	112
ngạt	112
tuý	112
delta	112
robin	112
station	111
pennsylvania	111
bon	111
nem	111
lawrence	111
fax	111
cút	111
nham	111
azerbaijan	111
esports	111
miura	111
mig	111
hall	111
sanh	111
studios	111
morocco	111
jay	111
royce	111
nguyen	110
raymond	110
thừng	110
ankara	110
phồng	110
add	110
napoli	110
snapdragon	110
nhang	110
kén	110
forbes	110
mải	110
lyly	110
tiệp	110
cairo	110
jennie	110
ỏi	110
vảy	110
desktop	110
ancelotti	110
southampton	109
uzbekistan	109
khẽ	109
gout	109
ế	109
enrique	109
thòi	109
xỉn	109
lỵ	109
abraham	109
javascript	109
jennifer	109
thẳm	109
buffet	109
phốt	109
lã	109
pelosi	109
security	109
techcombank	109
puerto	109
tỳ	109
lóc	108
lăm	108
khuếch	108
standard	108
kid	108
ron	108
úp	108
didier	108
mẩn	108
alfred	108
hốc	108
xavi	108
lily	108
luyến	107
reo	107
caffeine	107
pink	107
lien	107
toker	107
te	107
com	107
bundesliga	107
ted	107
shipper	107
carbohydrate	107
buzz	107
sửu	107
firefox	107
content	107
khùng	107
giỡn	107
apec	107
nissan	107
nần	107
nations	107
bim	107
jeff	107
nhằn	106
ngấm	106
bae	106
gara	106
press	106
andrea	106
lucas	106
ipo	106
xiếc	106
carlo	106
pan	106
sushi	106
soda	106
quây	106
rolls	106
hươu	106
erling	106
ứ	106
titan	106
mat	106
nintendo	106
melbourne	105
cookie	105
dí	105
nám	105
kyiv	105
tpbank	105
ocop	105
hợi	105
dow	105
còng	105
player	105
nhái	105
clark	105
donbass	105
thoi	105
bale	105
múi	105
vét	105
moore	105
elon	105
brooklyn	105
nhấc	105
muội	104
marshall	104
shaw	104
army	104
hới	104
brand	104
chỉn	104
bluetooth	104
tray	104
arteta	104
ờ	104
đấng	104
trọt	104
pug	104
strand	104
status	104
admin	104
iceland	104
bernard	104
gordon	104
khét	104
short	104
rico	104
vẫy	103
ngao	103
ngưu	103
mane	103
darwin	103
volodymyr	103
night	103
maría	103
xộn	103
penalty	103
ivan	103
hari	103
kuala	103
ngẫm	103
howard	103
lithium	103
truss	103
dầm	103
phết	103
dawson	103
wan	103
nhảm	103
quẩn	103
avengers	103
chanathip	103
road	103
grant	103
philip	103
engine	103
chưởng	103
nong	102
fuji	102
ninja	102
ale	102
chàm	102
pad	102
archer	102
giùm	102
western	102
ball	102
stanley	102
adams	102
lotte	102
seung	102
sancho	101
yếm	101
níu	101
mama	101
frenkie	101
chắp	101
doạ	101
hen	101
trend	101
joan	101
tởm	101
lõm	101
giun	101
bloomberg	101
evil	101
trệt	101
uric	101
tho	101
stone	101
đần	101
tơi	101
cuốc	101
khoắn	101
thới	101
luỹ	100
oai	100
cole	100
stark	100
cap	100
massachusetts	100
hip	100
main	100
cook	100
electric	100
catherine	100
ferrari	100
gala	100
zen	100
nơ	100
jersey	100
name	100
bô	100
tắn	100
ngừ	100
nhào	100
arab	99
trổ	99
ohio	99
manager	99
yokohama	99
clinton	99
wayne	99
spider	99
vincent	99
chẻ	99
wow	99
system	99
masan	99
tambon	99
ranger	99
captain	99
upload	99
en	99
susan	99
lake	99
wimbledon	99
hobbit	99
khăng	99
miles	98
bean	98
gea	98
tuýp	98
kạn	98
hyo	98
kyoto	98
wade	98
oán	98
patrick	98
mo	98
kyung	98
channel	98
răn	98
fiancée	98
mận	98
bèo	98
size	97
bầm	97
chồn	97
gào	97
vienna	97
sủa	97
thỏi	97
michelle	97
party	97
chập	97
lùm	97
áng	97
nỉ	97
lươn	97
warsaw	97
tone	97
ngợp	97
chằm	97
tuất	97
composite	97
dậu	97
trãi	97
jamaica	97
pcworld	97
jo	97
nạo	97
nôi	97
mủ	96
joshua	96
english	96
nao	96
quyện	96
neville	96
hòng	96
pedro	96
xperia	96
lenovo	96
brussels	96
award	96
siemens	96
cool	96
nhoáng	95
bilbo	95
face	95
tru	95
jonathan	95
bổn	95
gomez	95
lumpur	95
ngầu	95
koi	95
lyon	95
củi	95
gọt	95
bính	95
mứt	95
suarez	95
samurai	95
phoenix	94
kylian	94
sỡ	94
ottoman	94
đít	94
kuwait	94
dĩnh	94
bỉm	94
booking	94
vằn	94
liveshow	94
ải	94
phất	94
nách	94
cộ	94
call	94
mattana	94
sum	94
macron	94
leipzig	94
embrik	94
amanda	94
topic	94
caesar	94
quậy	93
layer	93
ballad	93
cằn	93
sergio	93
roberto	93
sound	93
chevrolet	93
mode	93
joo	93
khmer	93
lồi	93
váng	93
trỗi	93
vision	93
apache	93
valley	93
hổi	93
novaland	93
rốn	93
ngóng	93
hòm	93
safari	93
jerry	92
phách	92
larry	92
roman	92
light	92
nhỉnh	92
lexus	92
summer	92
rangnick	92
magic	92
tòng	92
thuỳ	92
rèm	92
salon	92
teo	92
xỉu	92
vệt	92
voz	92
fort	92
thệ	92
vầy	91
www	91
apollo	91
lukaku	91
đò	91
cồng	91
trọc	91
british	91
etihad	91
phớt	91
football	91
led	91
sả	91
boot	91
hans	91
band	91
copa	91
panama	91
bot	91
tễ	91
firmino	91
ken	91
books	91
driver	91
anfield	91
shopee	91
deep	91
marco	91
nicholas	90
sặc	90
sergei	90
dot	90
thorn	90
frankfurt	90
giầy	90
jerome	90
tien	90
dẻ	90
cargo	90
drive	90
colorado	90
bruyne	90
limited	90
warren	90
sudan	90
thán	90
management	90
vò	90
outfit	90
kop	90
chíp	90
congo	90
woody	90
aqua	90
maradona	89
head	89
nhích	89
skill	89
lloyd	89
selena	89
laura	89
earth	89
xòe	89
gil	89
wenger	89
mầu	89
gắm	89
hũ	89
acer	89
vữa	89
kpop	89
dế	89
seattle	89
cocktail	89
knock	89
chát	89
fernando	89
khiên	89
dùm	89
cọp	89
vozer	89
pasteur	89
everest	89
jurgen	89
icon	89
ward	88
russell	88
trầy	88
troy	88
samuel	88
đăk	88
aubameyang	88
xù	88
ekip	88
roberts	88
vinpearl	88
uông	88
baht	88
nghẹn	88
ufo	88
gàu	88
ea	88
ice	88
marina	88
qualcomm	88
tehran	88
lamborghini	88
charlotte	88
điểu	88
usa	88
ách	87
chắt	87
gượng	87
volkswagen	87
biếu	87
rượt	87
mot	87
maps	87
nhô	87
ronald	87
chanel	87
nạc	87
emma	87
julian	87
deschamps	87
stifler	87
sộ	87
gray	87
sanchez	87
angelina	87
project	86
lauren	86
bieber	86
niệu	86
toạ	86
philadelphia	86
sevilla	86
gate	86
retail	86
tourism	86
ka	86
czech	86
fantasy	86
todd	86
finch	86
chông	86
xo	86
bẹp	86
bục	86
service	86
bự	86
tiếu	86
bolivia	86
hello	86
baking	86
hugo	86
nord	86
bayer	85
complex	85
giông	85
đẫy	85
cotton	85
hoay	85
story	85
lẫm	85
chài	85
ru	85
macedonia	85
scan	85
wave	85
koch	85
hạc	85
user	85
vừng	85
derek	85
jisoo	85
xuồng	85
force	85
monaco	85
ráng	85
brentford	85
mè	85
bailey	85
nập	85
emdep	85
michigan	85
everyday	85
sởi	84
yemen	84
surface	84
mương	84
gareth	84
password	84
xiêm	84
chừ	84
denim	84
meghan	84
rafael	84
manhattan	84
guinea	84
phồn	84
tì	84
biếng	84
mào	84
liz	84
vụng	84
bịch	84
gôn	84
cớm	84
ashley	84
doi	84
trũng	83
đổng	83
yes	83
geneva	83
phunutoday	83
giỗ	83
toản	83
east	83
ó	83
cún	83
khoanh	83
fe	83
lópez	83
kurd	83
xói	83
gớm	83
gmail	83
trầu	83
ổi	83
bali	82
gao	82
garcia	82
banks	82
chệch	82
ngoãn	82
tã	82
kansas	82
kai	82
mênh	82
vơ	82
fu	82
loay	82
casa	82
mướt	82
slogan	82
conte	82
casting	82
annie	82
ahn	82
ruby	82
phàm	82
prime	82
maggie	82
lucy	82
finals	82
blogger	82
village	82
huyệt	82
adenovirus	82
krông	82
romania	82
hdbank	82
dẫm	82
megapixel	82
sấm	81
chòi	81
ethiopia	81
tày	81
dơ	81
rice	81
square	81
amber	81
mị	81
nấp	81
streamer	81
huh	81
mia	81
ừm	81
lem	81
mu	81
slide	81
tong	81
doctor	81
porsche	81
taliban	81
mọng	81
turbo	81
angola	81
oz	81
vinaphone	81
mỉa	81
nude	81
bad	81
nôm	80
nelson	80
roe	80
maroc	80
vơi	80
lester	80
property	80
artemis	80
sik	80
baltic	80
lotus	80
athens	80
chóc	80
stanford	80
ferguson	80
greg	80
reed	80
ramos	80
rần	80
talk	80
bảnh	80
luxury	80
búi	80
break	80
zaporizhzhia	80
energy	80
líu	80
estonia	80
gài	80
marseille	80
ẩu	80
hinh	80
cruz	80
mariupol	80
luna	80
bing	80
giẫm	80
nicolas	80
kiatisak	80
turner	79
emoura	79
photocopy	79
oil	79
harvey	79
steel	79
jon	79
thompson	79
building	79
xùm	79
ky	79
lank	79
yeon	79
thóc	79
gideon	79
bellingham	79
octavius	79
advanced	79
double	79
map	79
crown	79
truất	79
vlog	79
manuel	79
den	79
nắn	79
alzheimer	79
gb	79
andreas	79
giễu	78
haku	78
yen	78
phantom	78
savills	78
mui	78
isaac	78
met	78
istanbul	78
low	78
hillary	78
indiana	78
murphy	78
ghe	78
zombie	78
porto	78
jerusalem	78
ngời	78
client	78
action	78
guatemala	78
rùng	78
bird	78
modric	78
hóng	78
southern	78
beauty	78
trẻo	78
jolie	78
mịch	78
hằn	78
watson	78
nhat	78
hường	78
vít	78
schmidt	78
suông	78
sales	78
louise	78
dỏm	78
nhuệ	77
garage	77
tía	77
axít	77
rơ	77
otto	77
active	77
lap	77
tool	77
vnexpress	77
rider	77
prix	77
phiện	77
julie	77
franklin	77
vạ	77
hỷ	77
ngách	77
gặm	77
denis	77
babylon	77
lùa	77
rủa	77
nấc	77
thét	77
software	77
dark	76
sebastian	76
chóp	76
mon	76
sải	76
báng	76
ngùi	76
water	76
nậm	76
bentley	76
mút	76
remix	76
dennis	76
grace	76
bần	76
típ	76
pfizer	76
journal	76
mõm	76
terry	76
viral	76
vế	76
gỉ	76
kyle	76
vun	76
oregon	76
hook	76
hazard	75
lavrov	75
civic	75
christine	75
chiêng	75
hae	75
missouri	75
chamberlin	75
rooney	75
rình	75
ed	75
cacbon	75
haiti	75
quáng	75
ongame	75
kangaroo	75
vía	75
tòi	75
phích	75
kẻo	75
coffee	75
invest	75
