syllable	freq	tone	ours	theirs	arrow_ok	theirs_oov178	ours_ok
và	226855	TONE_HUYEN	vaː↘	vˌaː↘	1	0	1
của	216268	TONE_HOI	kuə↓	kˌuə↓	1	0	1
có	198110	TONE_SAC	kɔ↗	kˈɔ↗	1	0	1
là	189718	TONE_HUYEN	laː↘	lˌaː↘	1	0	1
được	154020	TONE_NANG	dɨəʔ↓k	dˌyəʔ↓c	1	0	1
các	151542	TONE_SAC	kaː↗k	kˌaː↗c	1	0	1
một	130939	TONE_NANG	moʔ↓t	mˈoʔ↓t	1	0	1
với	126784	TONE_SAC	vəː↗j	vˌəː↗j	1	0	1
đã	116354	TONE_NGA	daːʔ↗	dˌaːʔ↗	1	0	1
người	104252	TONE_HUYEN	ŋɨə↘j	ŋˈyə↘j	1	0	1
những	82583	TONE_NGA	ɲɨʔ↗ŋ	ɲˌyʔ↗ŋ	1	0	1
này	81196	TONE_HUYEN	na↘j	nˈa↘j	1	0	1
để	78069	TONE_HOI	de↓	dˌe↓	1	0	1
ở	76444	TONE_HOI	əː↓	ˈəː↓	1	0	1
thể	72978	TONE_HOI	θe↓	θˈe↓	1	0	1
đó	69958	TONE_SAC	dɔ↗	dˈɔ↗	1	0	1
đến	69067	TONE_SAC	de↗n	dˌe↗n	1	0	1
vào	66391	TONE_HUYEN	vaː↘w	vˈaː↘w	1	0	1
từ	66007	TONE_HUYEN	tɨ↘	tˌy↘	1	0	1
sẽ	65084	TONE_NGA	ʂɛʔ↗	ʂˌɛʔ↗	1	0	1
đầu	64257	TONE_HUYEN	də↘w	dˈə↘w	1	0	1
tại	62557	TONE_NANG	taːʔ↓j	tˈaːʔ↓j	1	0	1
về	60531	TONE_HUYEN	ve↘	vˈe↘	1	0	1
cũng	58685	TONE_NGA	kuʔ↗ŋ	kˈuʔ↗ŋ	1	0	1
thành	57630	TONE_HUYEN	θaː↘ɲ	θˈæ↘ɲ	1	0	1
làm	55892	TONE_HUYEN	laː↘m	lˈaː↘m	1	0	1
nhiều	52450	TONE_HUYEN	ɲiə↘w	ɲˈiɛ↘w	1	0	1
ngày	50191	TONE_HUYEN	ŋa↘j	ŋˈa↘j	1	0	1
lại	49498	TONE_NANG	laːʔ↓j	lˈaːʔ↓j	1	0	1
sự	49464	TONE_NANG	ʂɨʔ↓	ʂˈyʔ↓	1	0	1
nhà	48920	TONE_HUYEN	ɲaː↘	ɲˈaː↘	1	0	1
số	48823	TONE_SAC	ʂo↗	ʂˈo↗	1	0	1
việc	47733	TONE_NANG	viəʔ↓k	vˈiɛʔ↓c	1	0	1
phải	47103	TONE_HOI	faː↓j	fˌaː↓j	1	0	1
học	46859	TONE_NANG	hɔʔ↓k	hˈɔʔ↓k	1	0	1
hiện	46752	TONE_NANG	hiəʔ↓n	hˈiɛʔ↓n	1	0	1
bị	45813	TONE_NANG	biʔ↓	bˌiʔ↓	1	0	1
đồng	45162	TONE_HUYEN	do↘ŋ	dˈo↘ŋ	1	0	1
chỉ	44807	TONE_HOI	ci↓	ʧˈi↓	1	0	1
động	44081	TONE_NANG	doʔ↓ŋ	dˈoʔ↓ŋ	1	0	1
chính	42993	TONE_SAC	ci↗ɲ	ʧˈi↗ɲ	1	0	1
bạn	41494	TONE_NANG	baːʔ↓n	bˈaːʔ↓n	1	0	1
nhất	40963	TONE_SAC	ɲə↗t	ɲˈə↗t	1	0	1
hàng	40447	TONE_HUYEN	haː↘ŋ	hˈaː↘ŋ	1	0	1
bộ	38647	TONE_NANG	boʔ↓	bˈoʔ↓	1	0	1
còn	38028	TONE_HUYEN	kɔ↘n	kˌɔ↘n	1	0	1
thời	37252	TONE_HUYEN	θəː↘j	θˈəː↘j	1	0	1
định	37154	TONE_NANG	diʔ↓ɲ	dˈiʔ↓ɲ	1	0	1
điều	36894	TONE_HUYEN	diə↘w	dˈiɛ↘w	1	0	1
thế	36888	TONE_SAC	θe↗	θˈe↗	1	0	1
trường	36541	TONE_HUYEN	ʈʂɨə↘ŋ	ʈʂˈyə↘ŋ	1	0	1
quốc	35436	TONE_SAC	kwo↗k	kˈuə↗c	1	0	1
chúng	35279	TONE_SAC	cu↗ŋ	ʧˈu↗ŋ	1	0	1
việt	34183	TONE_NANG	viəʔ↓t	vˈiɛʔ↓t	1	0	1
nước	34173	TONE_SAC	nɨə↗k	nˈyə↗c	1	0	1
phát	33509	TONE_SAC	faː↗t	fˈaː↗t	1	0	1
giá	33232	TONE_SAC	ʝaː↗	ʝˈaː↗	1	0	1
biết	33105	TONE_SAC	biə↗t	bˈiɛ↗t	1	0	1
cùng	33072	TONE_HUYEN	ku↘ŋ	kˈu↘ŋ	1	0	1
mà	32885	TONE_HUYEN	maː↘	mˌaː↘	1	0	1
trước	32118	TONE_SAC	ʈʂɨə↗k	ʈʂˈyə↗c	1	0	1
dụng	31721	TONE_NANG	zuʔ↓ŋ	zˈuʔ↓ŋ	1	0	1
mới	31670	TONE_SAC	məː↗j	mˈəː↗j	1	0	1
tháng	31411	TONE_SAC	θaː↗ŋ	θˈaː↗ŋ	1	0	1
nhận	31157	TONE_NANG	ɲəʔ↓n	ɲˈəʔ↓n	1	0	1
hội	31129	TONE_NANG	hoʔ↓j	hˈoʔ↓j	1	0	1
cả	30630	TONE_HOI	kaː↓	kˈaː↓	1	0	1
thì	30608	TONE_HUYEN	θi↘	θˌi↘	1	0	1
hợp	30561	TONE_NANG	həːʔ↓p	hˈəːʔ↓p	1	0	1
mình	30230	TONE_HUYEN	mi↘ɲ	mˈi↘ɲ	1	0	1
thực	30117	TONE_NANG	θɨʔ↓k	θˈyʔ↓c	1	0	1
hành	29050	TONE_HUYEN	haː↘ɲ	hˈæ↘ɲ	1	0	1
hình	28971	TONE_HUYEN	hi↘ɲ	hˈi↘ɲ	1	0	1
rất	28598	TONE_SAC	ʒə↗t	ɹˈə↗t	1	0	1
nói	28492	TONE_SAC	nɔ↗j	nˈɔ↗j	1	0	1
sản	28243	TONE_HOI	ʂaː↓n	ʂˈaː↓n	1	0	1
đại	28017	TONE_NANG	daːʔ↓j	dˈaːʔ↓j	1	0	1
cách	27740	TONE_SAC	ka↗k	kˈæ↗c	1	0	1
vì	27549	TONE_HUYEN	vi↘	vˌi↘	1	0	1
kết	27545	TONE_SAC	ke↗t	kˈe↗t	1	0	1
dự	27430	TONE_NANG	zɨʔ↓	zˈyʔ↓	1	0	1
bản	27267	TONE_HOI	baː↓n	bˈaː↓n	1	0	1
trình	27246	TONE_HUYEN	ʈʂi↘ɲ	ʈʂˈi↘ɲ	1	0	1
xuất	26979	TONE_SAC	swə↗t	swˈə↗t	1	0	1
điểm	26868	TONE_HOI	diə↓m	dˈiɛ↓m	1	0	1
tiếp	26604	TONE_SAC	tiə↗p	tˈiɛ↗p	1	0	1
chủ	25624	TONE_HOI	cu↓	ʧˈu↓	1	0	1
lý	25497	TONE_SAC	li↗	lˈi↗	1	0	1
khác	25473	TONE_SAC	xaː↗k	xˈaː↗c	1	0	1
giải	25319	TONE_HOI	ʝaː↓j	ʝˈaː↓j	1	0	1
đối	25283	TONE_SAC	do↗j	dˈo↗j	1	0	1
vụ	25076	TONE_NANG	vuʔ↓	vˈuʔ↓	1	0	1
cầu	24008	TONE_HUYEN	kə↘w	kˈə↘w	1	0	1
họ	23989	TONE_NANG	hɔʔ↓	hˈɔʔ↓	1	0	1
tới	23914	TONE_SAC	təː↗j	tˌəː↗j	1	0	1
nghiệp	23855	TONE_NANG	ŋiəʔ↓p	ŋˈiɛʔ↓p	1	0	1
tế	23738	TONE_SAC	te↗	tˈe↗	1	0	1
lượng	23525	TONE_NANG	lɨəʔ↓ŋ	lˈyəʔ↓ŋ	1	0	1
nó	22891	TONE_SAC	nɔ↗	nˈɔ↗	1	0	1
thị	22859	TONE_NANG	θiʔ↓	θˈiʔ↓	1	0	1
cần	22762	TONE_HUYEN	kə↘n	kˈə↘n	1	0	1
thấy	22744	TONE_SAC	θə↗j	θˈəɪ↗	1	0	1
thủ	22547	TONE_HOI	θu↓	θˈu↓	1	0	1
độ	22373	TONE_NANG	doʔ↓	dˈoʔ↓	1	0	1
gì	22261	TONE_HUYEN	ɣi↘	ʝˈi↘	1	0	1
cuộc	22250	TONE_NANG	kuəʔ↓k	kˈuəʔ↓c	1	0	1
sử	22095	TONE_HOI	ʂɨ↓	ʂˈy↓	1	0	1
nào	21978	TONE_HUYEN	naː↘w	nˈaː↘w	1	0	1
phần	21920	TONE_HUYEN	fə↘n	fˈə↘n	1	0	1
lớn	21515	TONE_SAC	ləː↗n	lˈəː↗n	1	0	1
cấp	21471	TONE_SAC	kə↗p	kˈə↗p	1	0	1
toàn	21438	TONE_HUYEN	twaː↘n	twˈaː↘n	1	0	1
chức	21423	TONE_SAC	cɨ↗k	ʧˈy↗c	1	0	1
thứ	21384	TONE_SAC	θɨ↗	θˈy↗	1	0	1
bằng	21288	TONE_HUYEN	ba↘ŋ	bˈa↘ŋ	1	0	1
đường	21268	TONE_HUYEN	dɨə↘ŋ	dˈyə↘ŋ	1	0	1
vẫn	20946	TONE_NGA	vəʔ↗n	vˌəʔ↗n	1	0	1
tác	20827	TONE_SAC	taː↗k	tˈaː↗c	1	0	1
bảo	20797	TONE_HOI	baː↓w	bˈaː↓w	1	0	1
đội	20788	TONE_NANG	doʔ↓j	dˈoʔ↓j	1	0	1
tạo	20783	TONE_NANG	taːʔ↓w	tˈaːʔ↓w	1	0	1
giới	20516	TONE_SAC	ʝəː↗j	ʝˈəː↗j	1	0	1
trở	20332	TONE_HOI	ʈʂəː↓	ʈʂˈəː↓	1	0	1
dịch	20150	TONE_NANG	ziʔ↓k	zˈiʔ↓c	1	0	1
triển	20049	TONE_HOI	ʈʂiə↓n	ʈʂˈiɛ↓n	1	0	1
tự	19946	TONE_NANG	tɨʔ↓	tˈyʔ↓	1	0	1
tính	19839	TONE_SAC	ti↗ɲ	tˈi↗ɲ	1	0	1
khách	19821	TONE_SAC	xa↗k	xˈæ↗c	1	0	1
lần	19805	TONE_HUYEN	lə↘n	lˈə↘n	1	0	1
tập	19602	TONE_NANG	təʔ↓p	tˈəʔ↓p	1	0	1
vị	19496	TONE_NANG	viʔ↓	vˈiʔ↓	1	0	1
ảnh	19482	TONE_HOI	aː↓ɲ	ˈæ↓ɲ	1	0	1
tiền	19360	TONE_HUYEN	tiə↘n	tˈiɛ↘n	1	0	1
báo	19340	TONE_SAC	baː↗w	bˈaː↗w	1	0	1
rằng	19323	TONE_HUYEN	ʒa↘ŋ	ɹˈa↘ŋ	1	0	1
mặt	19269	TONE_NANG	maʔ↓t	mˈaʔ↓t	1	0	1
thường	19220	TONE_HUYEN	θɨə↘ŋ	θˈyə↘ŋ	1	0	1
nếu	19070	TONE_SAC	ne↗w	nˌe↗w	1	0	1
phòng	18901	TONE_HUYEN	fɔ↘ŋ	fˈɔ↘ŋ	1	0	1
đề	18747	TONE_HUYEN	de↘	dˈe↘	1	0	1
ý	18681	TONE_SAC	i↗	ˈi↗	1	0	1
tài	18627	TONE_HUYEN	taː↘j	tˈaː↘j	1	0	1
vậy	18626	TONE_NANG	vəʔ↓j	vˈəɪʔ↓	1	0	1
chiến	18491	TONE_SAC	ciə↗n	ʧˈiɛ↗n	1	0	1
tình	18429	TONE_HUYEN	ti↘ɲ	tˈi↘ɲ	1	0	1
máy	18407	TONE_SAC	ma↗j	mˈa↗j	1	0	1
diễn	18341	TONE_NGA	ziəʔ↗n	zˈiɛʔ↗n	1	0	1
bình	18278	TONE_HUYEN	bi↘ɲ	bˈi↘ɲ	1	0	1
kỳ	18278	TONE_HUYEN	ki↘	kˈi↘	1	0	1
rồi	18126	TONE_HUYEN	ʒo↘j	ɹˈo↘j	1	0	1
muốn	18111	TONE_SAC	muə↗n	mˈuə↗n	1	0	1
án	17948	TONE_SAC	aː↗n	ˈaː↗n	1	0	1
nội	17946	TONE_NANG	noʔ↓j	nˈoʔ↓j	1	0	1
lực	17938	TONE_NANG	lɨʔ↓k	lˈyʔ↓c	1	0	1
hệ	17850	TONE_NANG	heʔ↓	hˈeʔ↓	1	0	1
bà	17778	TONE_HUYEN	baː↘	bˈaː↘	1	0	1
giờ	17718	TONE_HUYEN	ʝəː↘	ʝˈəː↘	1	0	1
pháp	17514	TONE_SAC	faː↗p	fˈaː↗p	1	0	1
thống	17455	TONE_SAC	θo↗ŋ	θˈo↗ŋ	1	0	1
hiệu	17295	TONE_NANG	hiəʔ↓w	hˈiɛʔ↓w	1	0	1
cái	17063	TONE_SAC	kaː↗j	kˌaː↗j	1	0	1
ngoài	16742	TONE_HUYEN	ŋwaː↘j	ŋwˈaː↘j	1	0	1
đấu	16657	TONE_SAC	də↗w	dˈə↗w	1	0	1
tổng	16403	TONE_HOI	to↓ŋ	tˈo↓ŋ	1	0	1
giúp	16321	TONE_SAC	ʝu↗p	ʝˈu↗p	1	0	1
thức	16310	TONE_SAC	θɨ↗k	θˈy↗c	1	0	1
quả	16292	TONE_HOI	kwaː↓	kwˈaː↓	1	0	1
tốt	16284	TONE_SAC	to↗t	tˈo↗t	1	0	1
tổ	16277	TONE_HOI	to↓	tˈo↓	1	0	1
phẩm	16221	TONE_HOI	fə↓m	fˈə↓m	1	0	1
ấy	16198	TONE_SAC	ə↗j	ˈəɪ↗	1	0	1
trọng	16163	TONE_NANG	ʈʂɔʔ↓ŋ	ʈʂˈɔʔ↓ŋ	1	0	1
điện	16146	TONE_NANG	diəʔ↓n	dˈiɛʔ↓n	1	0	1
quá	16118	TONE_SAC	kwaː↗	kwˈaː↗	1	0	1
sống	16104	TONE_SAC	ʂo↗ŋ	ʂˈo↗ŋ	1	0	1
địa	16081	TONE_NANG	diəʔ↓	dˈiəʔ↓	1	0	1
chất	16052	TONE_SAC	cə↗t	ʧˈə↗t	1	0	1
thiết	15784	TONE_SAC	θiə↗t	θˈiɛ↗t	1	0	1
sở	15686	TONE_HOI	ʂəː↓	ʂˈəː↓	1	0	1
hoặc	15543	TONE_NANG	hwaʔ↓k	hwˌaʔ↓c	1	0	1
hoạt	15538	TONE_NANG	hwaːʔ↓t	hwˈaːʔ↓t	1	0	1
bệnh	15502	TONE_NANG	beʔ↓ɲ	bˈeʔ↓ɲ	1	0	1
trị	15484	TONE_NANG	ʈʂiʔ↓	ʈʂˈiʔ↓	1	0	1
biệt	15453	TONE_NANG	biəʔ↓t	bˈiɛʔ↓t	1	0	1
loại	15431	TONE_NANG	lwaːʔ↓j	lwˈaːʔ↓j	1	0	1
bắt	15363	TONE_SAC	ba↗t	bˈa↗t	1	0	1
tỉnh	15275	TONE_HOI	ti↓ɲ	tˈi↓ɲ	1	0	1
bán	15143	TONE_SAC	baː↗n	bˈaː↗n	1	0	1
giảm	15135	TONE_HOI	ʝaː↓m	ʝˈaː↓m	1	0	1
quyết	14956	TONE_SAC	kwiə↗t	kwˈiɛ↗t	1	0	1
mỹ	14936	TONE_NGA	miʔ↗	mˈiʔ↗	1	0	1
đặc	14892	TONE_NANG	daʔ↓k	dˈaʔ↓c	1	0	1
bất	14777	TONE_SAC	bə↗t	bˈə↗t	1	0	1
kế	14775	TONE_SAC	ke↗	kˈe↗	1	0	1
mạnh	14698	TONE_NANG	maːʔ↓ɲ	mˈæʔ↓ɲ	1	0	1
tục	14655	TONE_NANG	tuʔ↓k	tˈuʔ↓c	1	0	1
chuyển	14623	TONE_HOI	ciə↓n	ʧwˈiɛ↓n	1	0	1
gần	14614	TONE_HUYEN	ɣə↘n	ɣˈə↘n	1	0	1
khoảng	14613	TONE_HOI	xwaː↓ŋ	xwˌaː↓ŋ	1	0	1
dùng	14592	TONE_HUYEN	zu↘ŋ	zˈu↘ŋ	1	0	1
hóa	14571	TONE_SAC	hwaː↗	hwˈaː↗	1	0	1
xã	14478	TONE_NGA	saːʔ↗	sˈaːʔ↗	1	0	1
tuổi	14376	TONE_HOI	tuə↓j	tˈuə↓j	1	0	1
tích	14352	TONE_SAC	ti↗k	tˈi↗c	1	0	1
cảm	14347	TONE_HOI	kaː↓m	kˈaː↓m	1	0	1
tìm	14273	TONE_HUYEN	ti↘m	tˈi↘m	1	0	1
trận	14254	TONE_NANG	ʈʂəʔ↓n	ʈʂˈəʔ↓n	1	0	1
hoàn	14146	TONE_HUYEN	hwaː↘n	hwˈaː↘n	1	0	1
tiếng	14078	TONE_SAC	tiə↗ŋ	tˈiɛ↗ŋ	1	0	1
đổi	14026	TONE_HOI	do↓j	dˈo↓j	1	0	1
đánh	13910	TONE_SAC	daː↗ɲ	dˈæ↗ɲ	1	0	1
hà	13774	TONE_HUYEN	haː↘	hˈaː↘	1	0	1
lập	13681	TONE_NANG	ləʔ↓p	lˈəʔ↓p	1	0	1
chuyện	13653	TONE_NANG	ciəʔ↓n	ʧwˈiɛʔ↓n	1	0	1
bởi	13647	TONE_HOI	bəː↓j	bˌəː↓j	1	0	1
đều	13511	TONE_HUYEN	de↘w	dˈe↘w	1	0	1
sĩ	13399	TONE_NGA	ʂiʔ↗	ʂˈiʔ↗	1	0	1
ứng	13179	TONE_SAC	ɨ↗ŋ	ˈy↗ŋ	1	0	1
sáng	13170	TONE_SAC	ʂaː↗ŋ	ʂˈaː↗ŋ	1	0	1
đất	13168	TONE_SAC	də↗t	dˈə↗t	1	0	1
cổ	13157	TONE_HOI	ko↓	kˈo↓	1	0	1
trưởng	13032	TONE_HOI	ʈʂɨə↓ŋ	ʈʂˈyə↓ŋ	1	0	1
vừa	12994	TONE_HUYEN	vɨə↘	vˈyə↘	1	0	1
diện	12977	TONE_NANG	ziəʔ↓n	zˈiɛʔ↓n	1	0	1
nghệ	12919	TONE_NANG	ŋeʔ↓	ŋˈeʔ↓	1	0	1
từng	12889	TONE_HUYEN	tɨ↘ŋ	tˈy↘ŋ	1	0	1
bố	12856	TONE_SAC	bo↗	bˈo↗	1	0	1
vực	12732	TONE_NANG	vɨʔ↓k	vˈyʔ↓c	1	0	1
chọn	12496	TONE_NANG	cɔʔ↓n	ʧˈɔʔ↓n	1	0	1
bài	12469	TONE_HUYEN	baː↘j	bˈaː↘j	1	0	1
phố	12447	TONE_SAC	fo↗	fˈo↗	1	0	1
cuối	12431	TONE_SAC	kuə↗j	kˈuə↗j	1	0	1
kiến	12424	TONE_SAC	kiə↗n	kˈiɛ↗n	1	0	1
trẻ	12388	TONE_HOI	ʈʂɛ↓	ʈʂˈɛ↓	1	0	1
nữ	12377	TONE_NGA	nɨʔ↗	nˈyʔ↗	1	0	1
đoàn	12352	TONE_HUYEN	dwaː↘n	dwˈaː↘n	1	0	1
đình	12289	TONE_HUYEN	di↘ɲ	dˈi↘ɲ	1	0	1
sách	12277	TONE_SAC	ʂa↗k	ʂˈæ↗c	1	0	1
đạo	12269	TONE_NANG	daːʔ↓w	dˈaːʔ↓w	1	0	1
dẫn	12248	TONE_NGA	zəʔ↗n	zˈəʔ↗n	1	0	1
cậu	12160	TONE_NANG	kəʔ↓w	kˈəʔ↓w	1	0	1
mức	12095	TONE_SAC	mɨ↗k	mˈy↗c	1	0	1
đạt	12055	TONE_NANG	daːʔ↓t	dˈaːʔ↓t	1	0	1
cảnh	12019	TONE_HOI	kaː↓ɲ	kˈæ↓ɲ	1	0	1
trí	12007	TONE_SAC	ʈʂi↗	ʈʂˈi↗	1	0	1
lịch	12004	TONE_NANG	liʔ↓k	lˈiʔ↓c	1	0	1
mọi	11849	TONE_NANG	mɔʔ↓j	mˌɔʔ↓j	1	0	1
dựng	11754	TONE_NANG	zɨʔ↓ŋ	zˈyʔ↓ŋ	1	0	1
khiến	11752	TONE_SAC	xiə↗n	xˈiɛ↗n	1	0	1
vật	11745	TONE_NANG	vəʔ↓t	vˈəʔ↓t	1	0	1
lúc	11643	TONE_SAC	lu↗k	lˌu↗c	1	0	1
chế	11613	TONE_SAC	ce↗	ʧˈe↗	1	0	1
bóng	11561	TONE_SAC	bɔ↗ŋ	bˈɔ↗ŋ	1	0	1
bàn	11560	TONE_HUYEN	baː↘n	bˈaː↘n	1	0	1
giáo	11507	TONE_SAC	ʝaː↗w	ʝˈaː↗w	1	0	1
mẹ	11471	TONE_NANG	mɛʔ↓	mˈɛʔ↓	1	0	1
quyền	11385	TONE_HUYEN	kwiə↘n	kwˈiɛ↘n	1	0	1
tiến	11371	TONE_SAC	tiə↗n	tˈiɛ↗n	1	0	1
vấn	11325	TONE_SAC	və↗n	vˈə↗n	1	0	1
khó	11306	TONE_SAC	xɔ↗	xˈɔ↗	1	0	1
trợ	11305	TONE_NANG	ʈʂəːʔ↓	ʈʂˈəːʔ↓	1	0	1
giữa	11278	TONE_NGA	ʝɨəʔ↗	ʝˈyəʔ↗	1	0	1
thích	11244	TONE_SAC	θi↗k	θˈi↗c	1	0	1
phục	11222	TONE_NANG	fuʔ↓k	fˈuʔ↓c	1	0	1
biến	11189	TONE_SAC	biə↗n	bˈiɛ↗n	1	0	1
hướng	11175	TONE_SAC	hɨə↗ŋ	hˈyə↗ŋ	1	0	1
liệu	11106	TONE_NANG	liəʔ↓w	lˈiɛʔ↓w	1	0	1
truyền	11063	TONE_HUYEN	ʈʂiə↘n	ʈʂwˈiɛ↘n	1	0	1
mỗi	10975	TONE_NGA	moʔ↗j	mˌoʔ↗j	1	0	1
gặp	10962	TONE_NANG	ɣaʔ↓p	ɣˈaʔ↓p	1	0	1
thái	10945	TONE_SAC	θaː↗j	θˈaː↗j	1	0	1
nhập	10752	TONE_NANG	ɲəʔ↓p	ɲˈəʔ↓p	1	0	1
sức	10699	TONE_SAC	ʂɨ↗k	ʂˈy↗c	1	0	1
gọi	10663	TONE_NANG	ɣɔʔ↓j	ɣˈɔʔ↓j	1	0	1
hết	10661	TONE_SAC	he↗t	hˈe↗t	1	0	1
cứu	10640	TONE_SAC	kɨ↗w	kˈi↗w	1	0	1
nữa	10567	TONE_NGA	nɨəʔ↗	nˈyəʔ↗	1	0	1
thuộc	10507	TONE_NANG	θuəʔ↓k	θˈuəʔ↓c	1	0	1
dù	10481	TONE_HUYEN	zu↘	zˌu↘	1	0	1
chí	10464	TONE_SAC	ci↗	ʧˈi↗	1	0	1
mở	10454	TONE_HOI	məː↓	mˈəː↓	1	0	1
tất	10449	TONE_SAC	tə↗t	tˈə↗t	1	0	1
chứng	10378	TONE_SAC	cɨ↗ŋ	ʧˈy↗ŋ	1	0	1
đặt	10377	TONE_NANG	daʔ↓t	dˈaʔ↓t	1	0	1
mục	10289	TONE_NANG	muʔ↓k	mˈuʔ↓c	1	0	1
phụ	10286	TONE_NANG	fuʔ↓	fˈuʔ↓	1	0	1
chiếc	10241	TONE_SAC	ciə↗k	ʧˈiɛ↗c	1	0	1
cá	10224	TONE_SAC	kaː↗	kˈaː↗	1	0	1
nhiệm	10076	TONE_NANG	ɲiəʔ↓m	ɲˈiɛʔ↓m	1	0	1
lợi	10016	TONE_NANG	ləːʔ↓j	lˈəːʔ↓j	1	0	1
sát	9818	TONE_SAC	ʂaː↗t	ʂˈaː↗t	1	0	1
dài	9814	TONE_HUYEN	zaː↘j	zˈaː↘j	1	0	1
bỏ	9780	TONE_HOI	bɔ↓	bˈɔ↓	1	0	1
tượng	9776	TONE_NANG	tɨəʔ↓ŋ	tˈyəʔ↓ŋ	1	0	1
vệ	9720	TONE_NANG	veʔ↓	vˈeʔ↓	1	0	1
lời	9708	TONE_HUYEN	ləː↘j	lˈəː↘j	1	0	1
thắng	9619	TONE_SAC	θa↗ŋ	θˈa↗ŋ	1	0	1
gồm	9571	TONE_HUYEN	ɣo↘m	ɣˈo↘m	1	0	1
nhỏ	9567	TONE_HOI	ɲɔ↓	ɲˈɔ↓	1	0	1
kể	9543	TONE_HOI	ke↓	kˈe↓	1	0	1
quản	9450	TONE_HOI	kwaː↓n	kwˈaː↓n	1	0	1
phía	9441	TONE_SAC	fiə↗	fˈiə↗	1	0	1
tử	9413	TONE_HOI	tɨ↓	tˈy↓	1	0	1
đẹp	9413	TONE_NANG	dɛʔ↓p	dˈɛʔ↓p	1	0	1
thuật	9403	TONE_NANG	θwəʔ↓t	θwˈəʔ↓t	1	0	1
nguyễn	9335	TONE_NGA	ŋiəʔ↗n	ŋwˈiɛʔ↗n	1	0	1
kiểm	9333	TONE_HOI	kiə↓m	kˈiɛ↓m	1	0	1
thật	9311	TONE_NANG	θəʔ↓t	θˈəʔ↓t	1	0	1
cáo	9298	TONE_SAC	kaː↗w	kˈaː↗w	1	0	1
kiện	9285	TONE_NANG	kiəʔ↓n	kˈiɛʔ↓n	1	0	1
nghĩ	9201	TONE_NGA	ŋiʔ↗	ŋˈiʔ↗	1	0	1
hạn	9177	TONE_NANG	haːʔ↓n	hˈaːʔ↓n	1	0	1
cạnh	9177	TONE_NANG	kaːʔ↓ɲ	kˈæʔ↓ɲ	1	0	1
dưới	9154	TONE_SAC	zɨə↗j	zˈyə↗j	1	0	1
giữ	9143	TONE_NGA	ʝɨʔ↗	ʝˈyʔ↗	1	0	1
viện	9141	TONE_NANG	viəʔ↓n	vˈiɛʔ↓n	1	0	1
nghị	9129	TONE_NANG	ŋiʔ↓	ŋˈiʔ↓	1	0	1
nhật	9116	TONE_NANG	ɲəʔ↓t	ɲˈəʔ↓t	1	0	1
đáng	9098	TONE_SAC	daː↗ŋ	dˈaː↗ŋ	1	0	1
phí	9053	TONE_SAC	fi↗	fˈi↗	1	0	1
ký	8964	TONE_SAC	ki↗	kˈi↗	1	0	1
khả	8926	TONE_HOI	xaː↓	xˈaː↓	1	0	1
màu	8872	TONE_HUYEN	ma↘w	mˈa↘w	1	0	1
mùa	8869	TONE_HUYEN	muə↘	mˈuə↘	1	0	1
hồ	8831	TONE_HUYEN	ho↘	hˈo↘	1	0	1
mất	8821	TONE_SAC	mə↗t	mˈə↗t	1	0	1
hoạch	8768	TONE_NANG	hwaʔ↓k	hwˈæʔ↓c	1	0	1
xác	8730	TONE_SAC	saː↗k	sˈaː↗c	1	0	1
nổi	8683	TONE_HOI	no↓j	nˈo↓j	1	0	1
mạng	8623	TONE_NANG	maːʔ↓ŋ	mˈaːʔ↓ŋ	1	0	1
tả	8615	TONE_HOI	taː↓	tˈaː↓	1	0	1
tiết	8580	TONE_SAC	tiə↗t	tˈiɛ↗t	1	0	1
mắt	8564	TONE_SAC	ma↗t	mˈa↗t	1	0	1
nhóm	8560	TONE_SAC	ɲɔ↗m	ɲˈɔ↗m	1	0	1
nhìn	8553	TONE_HUYEN	ɲi↘n	ɲˈi↘n	1	0	1
hải	8524	TONE_HOI	haː↓j	hˈaː↓j	1	0	1
nghiệm	8516	TONE_NANG	ŋiəʔ↓m	ŋˈiɛʔ↓m	1	0	1
nguồn	8510	TONE_HUYEN	ŋuə↘n	ŋˈuə↘n	1	0	1
biểu	8491	TONE_HOI	biə↓w	bˈiɛ↓w	1	0	1
tuyển	8418	TONE_HOI	tiə↓n	twˈiɛ↓n	1	0	1
đúng	8414	TONE_SAC	du↗ŋ	dˈu↗ŋ	1	0	1
đủ	8398	TONE_HOI	du↓	dˈu↓	1	0	1
hòa	8361	TONE_HUYEN	hwaː↘	hwˈaː↘	1	0	1
đá	8348	TONE_SAC	daː↗	dˈaː↗	1	0	1
đoạn	8314	TONE_NANG	dwaːʔ↓n	dwˈaːʔ↓n	1	0	1
vùng	8279	TONE_HUYEN	vu↘ŋ	vˈu↘ŋ	1	0	1
cụ	8279	TONE_NANG	kuʔ↓	kˈuʔ↓	1	0	1
tối	8274	TONE_SAC	to↗j	tˈo↗j	1	0	1
trực	8262	TONE_NANG	ʈʂɨʔ↓k	ʈʂˈyʔ↓c	1	0	1
luật	8256	TONE_NANG	lwəʔ↓t	lwˈəʔ↓t	1	0	1
chuẩn	8220	TONE_HOI	cwə↓n	ʧwˈə↓n	1	0	1
phạm	8210	TONE_NANG	faːʔ↓m	fˈaːʔ↓m	1	0	1
vốn	8204	TONE_SAC	vo↗n	vˈo↗n	1	0	1
cửa	8158	TONE_HOI	kɨə↓	kˈyə↓	1	0	1
cộng	8155	TONE_NANG	koʔ↓ŋ	kˈoʔ↓ŋ	1	0	1
hữu	8148	TONE_NGA	hɨʔ↗w	hˈiʔ↗w	1	0	1
đức	8119	TONE_SAC	dɨ↗k	dˈy↗c	1	0	1
chị	8116	TONE_NANG	ciʔ↓	ʧˈiʔ↓	1	0	1
đồ	8116	TONE_HUYEN	do↘	dˈo↘	1	0	1
hoàng	8064	TONE_HUYEN	hwaː↘ŋ	hwˈaː↘ŋ	1	0	1
vòng	8046	TONE_HUYEN	vɔ↘ŋ	vˈɔ↘ŋ	1	0	1
ngành	8030	TONE_HUYEN	ŋaː↘ɲ	ŋˈæ↘ɲ	1	0	1
loài	8013	TONE_HUYEN	lwaː↘j	lwˈaː↘j	1	0	1
khí	8009	TONE_SAC	xi↗	xˈi↗	1	0	1
hộ	7953	TONE_NANG	hoʔ↓	hˈoʔ↓	1	0	1
đời	7868	TONE_HUYEN	dəː↘j	dˈəː↘j	1	0	1
nghĩa	7775	TONE_NGA	ŋiəʔ↗	ŋˈiəʔ↗	1	0	1
yếu	7771	TONE_SAC	iə↗w	ˈiɛ↗w	1	0	1
biển	7749	TONE_HOI	biə↓n	bˈiɛ↓n	1	0	1
tuần	7739	TONE_HUYEN	twə↘n	twˈə↘n	1	0	1
hưởng	7692	TONE_HOI	hɨə↓ŋ	hˈyə↓ŋ	1	0	1
chú	7686	TONE_SAC	cu↗	ʧˈu↗	1	0	1
bắc	7677	TONE_SAC	ba↗k	bˈa↗c	1	0	1
nhạc	7676	TONE_NANG	ɲaːʔ↓k	ɲˈaːʔ↓c	1	0	1
cứ	7656	TONE_SAC	kɨ↗	kˈy↗	1	0	1
hỗ	7655	TONE_NGA	hoʔ↗	hˈoʔ↗	1	0	1
giả	7642	TONE_HOI	ʝaː↓	ʝˈaː↓	1	0	1
phủ	7604	TONE_HOI	fu↓	fˈu↓	1	0	1
vận	7599	TONE_NANG	vəʔ↓n	vˈəʔ↓n	1	0	1
quý	7599	TONE_SAC	kwi↗	kwˈi↗	1	0	1
lấy	7597	TONE_SAC	lə↗j	lˈəɪ↗	1	0	1
cố	7597	TONE_SAC	ko↗	kˈo↗	1	0	1
gái	7589	TONE_SAC	ɣaː↗j	ɣˈaː↗j	1	0	1
sắc	7563	TONE_SAC	ʂa↗k	ʂˈa↗c	1	0	1
trả	7546	TONE_HOI	ʈʂaː↓	ʈʂˈaː↓	1	0	1
ít	7508	TONE_SAC	i↗t	ˈi↗t	1	0	1
trò	7499	TONE_HUYEN	ʈʂɔ↘	ʈʂˈɔ↘	1	0	1
đóng	7443	TONE_SAC	dɔ↗ŋ	dˈɔ↗ŋ	1	0	1
hậu	7443	TONE_NANG	həʔ↓w	hˈəʔ↓w	1	0	1
áp	7409	TONE_SAC	aː↗p	ˈaː↗p	1	0	1
hãy	7400	TONE_NGA	haʔ↗j	hˈaʔ↗j	1	0	1
hồi	7389	TONE_HUYEN	ho↘j	hˈo↘j	1	0	1
hỏi	7278	TONE_HOI	hɔ↓j	hˈɔ↓j	1	0	1
vàng	7223	TONE_HUYEN	vaː↘ŋ	vˈaː↘ŋ	1	0	1
rộng	7177	TONE_NANG	ʒoʔ↓ŋ	ɹˈoʔ↓ŋ	1	0	1
dễ	7163	TONE_NGA	zeʔ↗	zˈeʔ↗	1	0	1
giám	7159	TONE_SAC	ʝaː↗m	ʝˈaː↗m	1	0	1
thần	7132	TONE_HUYEN	θə↘n	θˈə↘n	1	0	1
khẩu	7095	TONE_HOI	xə↓w	xˈə↓w	1	0	1
tấn	7049	TONE_SAC	tə↗n	tˈə↗n	1	0	1
quảng	7035	TONE_HOI	kwaː↓ŋ	kwˈaː↓ŋ	1	0	1
cực	7007	TONE_NANG	kɨʔ↓k	kˈyʔ↓c	1	0	1
xuống	6933	TONE_SAC	suə↗ŋ	sˈuə↗ŋ	1	0	1
hiểu	6869	TONE_HOI	hiə↓w	hˈiɛ↓w	1	0	1
rõ	6796	TONE_NGA	ʒɔʔ↗	ɹˈɔʔ↗	1	0	1
chống	6783	TONE_SAC	co↗ŋ	ʧˈo↗ŋ	1	0	1
càng	6779	TONE_HUYEN	kaː↘ŋ	kˈaː↘ŋ	1	0	1
huyện	6766	TONE_NANG	hiəʔ↓n	hwˈiɛʔ↓n	1	0	1
khỏi	6719	TONE_HOI	xɔ↓j	xˈɔ↓j	1	0	1
tàu	6684	TONE_HUYEN	ta↘w	tˈa↘w	1	0	1
chết	6679	TONE_SAC	ce↗t	ʧˈe↗t	1	0	1
tịch	6678	TONE_NANG	tiʔ↓k	tˈiʔ↓c	1	0	1
sẻ	6643	TONE_HOI	ʂɛ↓	ʂˈɛ↓	1	0	1
viết	6640	TONE_SAC	viə↗t	vˈiɛ↗t	1	0	1
đảm	6610	TONE_HOI	daː↓m	dˈaː↓m	1	0	1
trái	6609	TONE_SAC	ʈʂaː↗j	ʈʂˈaː↗j	1	0	1
bước	6603	TONE_SAC	bɨə↗k	bˈyə↗c	1	0	1
kỹ	6588	TONE_NGA	kiʔ↗	kˈiʔ↗	1	0	1
xử	6545	TONE_HOI	sɨ↓	sˈy↓	1	0	1
nằm	6543	TONE_HUYEN	na↘m	nˈa↘m	1	0	1
ngoại	6520	TONE_NANG	ŋwaːʔ↓j	ŋwˈaːʔ↓j	1	0	1
giống	6478	TONE_SAC	ʝo↗ŋ	ʝˈo↗ŋ	1	0	1
tuyến	6396	TONE_SAC	tiə↗n	twˈiɛ↗n	1	0	1
phép	6388	TONE_SAC	fɛ↗p	fˈɛ↗p	1	0	1
lệ	6383	TONE_NANG	leʔ↓	lˈeʔ↓	1	0	1
vũ	6361	TONE_NGA	vuʔ↗	vˈuʔ↗	1	0	1
chắc	6300	TONE_SAC	ca↗k	ʧˈa↗c	1	0	1
dành	6299	TONE_HUYEN	zaː↘ɲ	zˈæ↘ɲ	1	0	1
tưởng	6226	TONE_HOI	tɨə↓ŋ	tˈyə↓ŋ	1	0	1
vọng	6219	TONE_NANG	vɔʔ↓ŋ	vˈɔʔ↓ŋ	1	0	1
khá	6218	TONE_SAC	xaː↗	xˈaː↗	1	0	1
lãnh	6152	TONE_NGA	laːʔ↗ɲ	lˈæʔ↗ɲ	1	0	1
chiều	6138	TONE_HUYEN	ciə↘w	ʧˈiɛ↘w	1	0	1
bé	6117	TONE_SAC	bɛ↗	bˈɛ↗	1	0	1
thuốc	6104	TONE_SAC	θuə↗k	θˈuə↗c	1	0	1
tỷ	6088	TONE_HOI	ti↓	tˈi↓	1	0	1
ấn	6088	TONE_SAC	ə↗n	ˈə↗n	1	0	1
độc	6087	TONE_NANG	doʔ↓k	dˈoʔ↓k	1	0	1
suất	6077	TONE_SAC	ʂwə↗t	ʂwˈə↗t	1	0	1
bảng	6075	TONE_HOI	baː↓ŋ	bˈaː↓ŋ	1	0	1
toán	6062	TONE_SAC	twaː↗n	twˈaː↗n	1	0	1
đào	6033	TONE_HUYEN	daː↘w	dˈaː↘w	1	0	1
khoản	6009	TONE_HOI	xwaː↓n	xwˈaː↓n	1	0	1
đầy	5941	TONE_HUYEN	də↘j	dˈəɪ↘	1	0	1
áo	5927	TONE_SAC	aː↗w	ˈaː↗w	1	0	1
lễ	5922	TONE_NGA	leʔ↗	lˈeʔ↗	1	0	1
lòng	5901	TONE_HUYEN	lɔ↘ŋ	lˈɔ↘ŋ	1	0	1
dầu	5857	TONE_HUYEN	zə↘w	zˈə↘w	1	0	1
bác	5840	TONE_SAC	baː↗k	bˈaː↗c	1	0	1
vài	5823	TONE_HUYEN	vaː↘j	vˈaː↘j	1	0	1
góp	5797	TONE_SAC	ɣɔ↗p	ɣˈɔ↗p	1	0	1
hạ	5757	TONE_NANG	haːʔ↓	hˈaːʔ↓	1	0	1
mẫu	5732	TONE_NGA	məʔ↗w	mˈəʔ↗w	1	0	1
phiếu	5712	TONE_SAC	fiə↗w	fˈiɛ↗w	1	0	1
đứng	5707	TONE_SAC	dɨ↗ŋ	dˈy↗ŋ	1	0	1
đảo	5703	TONE_HOI	daː↓w	dˈaː↓w	1	0	1
nền	5694	TONE_HUYEN	ne↘n	nˈe↘n	1	0	1
vợ	5663	TONE_NANG	vəːʔ↓	vˈəːʔ↓	1	0	1
chạy	5657	TONE_NANG	caʔ↓j	ʧˈaʔ↓j	1	0	1
lớp	5655	TONE_SAC	ləː↗p	lˈəː↗p	1	0	1
kỷ	5644	TONE_HOI	ki↓	kˈi↓	1	0	1
thuận	5644	TONE_NANG	θwəʔ↓n	θwˈəʔ↓n	1	0	1
chồng	5609	TONE_HUYEN	co↘ŋ	ʧˈo↘ŋ	1	0	1
phá	5593	TONE_SAC	faː↗	fˈaː↗	1	0	1
phản	5587	TONE_HOI	faː↓n	fˈaː↓n	1	0	1
buổi	5569	TONE_HOI	buə↓j	bˈuə↓j	1	0	1
thiếu	5541	TONE_SAC	θiə↗w	θˈiɛ↗w	1	0	1
hát	5539	TONE_SAC	haː↗t	hˈaː↗t	1	0	1
gửi	5537	TONE_HOI	ɣɨ↓j	ɣˈy↓j	1	0	1
mặc	5519	TONE_NANG	maʔ↓k	mˈaʔ↓c	1	0	1
kiếm	5514	TONE_SAC	kiə↗m	kˈiɛ↗m	1	0	1
hạng	5476	TONE_NANG	haːʔ↓ŋ	hˈaːʔ↓ŋ	1	0	1
dục	5468	TONE_NANG	zuʔ↓k	zˈuʔ↓c	1	0	1
đấy	5444	TONE_SAC	də↗j	dˈəɪ↗	1	0	1
dòng	5442	TONE_HUYEN	zɔ↘ŋ	zˈɔ↘ŋ	1	0	1
xét	5434	TONE_SAC	sɛ↗t	sˈɛ↗t	1	0	1
luận	5411	TONE_NANG	lwəʔ↓n	lwˈəʔ↓n	1	0	1
xảy	5401	TONE_HOI	sa↓j	sˈa↓j	1	0	1
chịu	5377	TONE_NANG	ciʔ↓w	ʧˈiʔ↓w	1	0	1
đàn	5374	TONE_HUYEN	daː↘n	dˈaː↘n	1	0	1
trạng	5360	TONE_NANG	ʈʂaːʔ↓ŋ	ʈʂˈaːʔ↓ŋ	1	0	1
chứ	5356	TONE_SAC	cɨ↗	ʧˈy↗	1	0	1
thúc	5346	TONE_SAC	θu↗k	θˈu↗c	1	0	1
cập	5324	TONE_NANG	kəʔ↓p	kˈəʔ↓p	1	0	1
tố	5309	TONE_SAC	to↗	tˈo↗	1	0	1
thoại	5261	TONE_NANG	θwaːʔ↓j	θwˈaːʔ↓j	1	0	1
đảng	5195	TONE_HOI	daː↓ŋ	dˈaː↓ŋ	1	0	1
phút	5137	TONE_SAC	fu↗t	fˈu↗t	1	0	1
thiện	5123	TONE_NANG	θiəʔ↓n	θˈiɛʔ↓n	1	0	1
đốc	5102	TONE_SAC	do↗k	dˈo↗k	1	0	1
màn	5075	TONE_HUYEN	maː↘n	mˈaː↘n	1	0	1
vượt	5012	TONE_NANG	vɨəʔ↓t	vˈyəʔ↓t	1	0	1
phó	4997	TONE_SAC	fɔ↗	fˈɔ↗	1	0	1
cử	4976	TONE_HOI	kɨ↓	kˈy↓	1	0	1
nhằm	4939	TONE_HUYEN	ɲa↘m	ɲˈa↘m	1	0	1
tướng	4932	TONE_SAC	tɨə↗ŋ	tˈyə↗ŋ	1	0	1
dạng	4922	TONE_NANG	zaːʔ↓ŋ	zˈaːʔ↓ŋ	1	0	1
hắn	4906	TONE_SAC	ha↗n	hˈa↗n	1	0	1
tốc	4893	TONE_SAC	to↗k	tˈo↗k	1	0	1
lựa	4869	TONE_NANG	lɨəʔ↓	lˈyəʔ↓	1	0	1
tải	4848	TONE_HOI	taː↓j	tˈaː↓j	1	0	1
thấp	4834	TONE_SAC	θə↗p	θˈə↗p	1	0	1
phù	4820	TONE_HUYEN	fu↘	fˈu↘	1	0	1
giành	4814	TONE_HUYEN	ʝaː↘ɲ	ʝˈæ↘ɲ	1	0	1
khởi	4812	TONE_HOI	xəː↓j	xˈəː↓j	1	0	1
nhớ	4808	TONE_SAC	ɲəː↗	ɲˈəː↗	1	0	1
chẳng	4792	TONE_HOI	ca↓ŋ	ʧˌa↓ŋ	1	0	1
lộ	4787	TONE_NANG	loʔ↓	lˈoʔ↓	1	0	1
chấp	4746	TONE_SAC	cə↗p	ʧˈə↗p	1	0	1
thưởng	4726	TONE_HOI	θɨə↓ŋ	θˈyə↓ŋ	1	0	1
tín	4710	TONE_SAC	ti↗n	tˈi↗n	1	0	1
thất	4697	TONE_SAC	θə↗t	θˈə↗t	1	0	1
hút	4687	TONE_SAC	hu↗t	hˈu↗t	1	0	1
xếp	4674	TONE_SAC	se↗p	sˈe↗p	1	0	1
bổ	4661	TONE_HOI	bo↓	bˈo↓	1	0	1
lạc	4646	TONE_NANG	laːʔ↓k	lˈaːʔ↓c	1	0	1
trải	4636	TONE_HOI	ʈʂaː↓j	ʈʂˈaː↓j	1	0	1
đẩy	4625	TONE_HOI	də↓j	dˈəɪ↓	1	0	1
lĩnh	4618	TONE_NGA	liʔ↗ɲ	lˈiʔ↗ɲ	1	0	1
đà	4611	TONE_HUYEN	daː↘	dˈaː↘	1	0	1
thử	4596	TONE_HOI	θɨ↓	θˈy↓	1	0	1
kích	4593	TONE_SAC	ki↗k	kˈi↗c	1	0	1
hàn	4583	TONE_HUYEN	haː↘n	hˈaː↘n	1	0	1
phối	4561	TONE_SAC	fo↗j	fˈo↗j	1	0	1
trần	4560	TONE_HUYEN	ʈʂə↘n	ʈʂˈə↘n	1	0	1
mã	4527	TONE_NGA	maːʔ↗	mˈaːʔ↗	1	0	1
mật	4503	TONE_NANG	məʔ↓t	mˈəʔ↓t	1	0	1
trách	4502	TONE_SAC	ʈʂa↗k	ʈʂˈæ↗c	1	0	1
nghỉ	4487	TONE_HOI	ŋi↓	ŋˈi↓	1	0	1
thảo	4455	TONE_HOI	θaː↓w	θˈaː↓w	1	0	1
mại	4451	TONE_NANG	maːʔ↓j	mˈaːʔ↓j	1	0	1
kéo	4408	TONE_SAC	kɛ↗w	kˈɛ↗w	1	0	1
nhờ	4388	TONE_HUYEN	ɲəː↘	ɲˈəː↘	1	0	1
mắc	4384	TONE_SAC	ma↗k	mˈa↗c	1	0	1
dấu	4383	TONE_SAC	zə↗w	zˈə↗w	1	0	1
tiện	4370	TONE_NANG	tiəʔ↓n	tˈiɛʔ↓n	1	0	1
khỏe	4357	TONE_HOI	xwɛ↓	xwˈɛ↓	1	0	1
nhiệt	4349	TONE_NANG	ɲiəʔ↓t	ɲˈiɛʔ↓t	1	0	1
uống	4348	TONE_SAC	uə↗ŋ	ˈuə↗ŋ	1	0	1
trời	4341	TONE_HUYEN	ʈʂəː↘j	ʈʂˈəː↘j	1	0	1
cải	4340	TONE_HOI	kaː↓j	kˈaː↓j	1	0	1
tiểu	4337	TONE_HOI	tiə↓w	tˈiɛ↓w	1	0	1
sớm	4334	TONE_SAC	ʂəː↗m	ʂˈəː↗m	1	0	1
tức	4331	TONE_SAC	tɨ↗k	tˈy↗c	1	0	1
nối	4320	TONE_SAC	no↗j	nˈo↗j	1	0	1
đừng	4265	TONE_HUYEN	dɨ↘ŋ	dˈy↘ŋ	1	0	1
món	4262	TONE_SAC	mɔ↗n	mˈɔ↗n	1	0	1
chiếm	4249	TONE_SAC	ciə↗m	ʧˈiɛ↗m	1	0	1
ủy	4227	TONE_HOI	u↓j	wˈi↓	1	0	1
trì	4213	TONE_HUYEN	ʈʂi↘	ʈʂˈi↘	1	0	1
soát	4190	TONE_SAC	ʂwaː↗t	ʂwˈaː↗t	1	0	1
chỗ	4184	TONE_NGA	coʔ↗	ʧˈoʔ↗	1	0	1
vẻ	4173	TONE_HOI	vɛ↓	vˈɛ↓	1	0	1
hồng	4164	TONE_HUYEN	ho↘ŋ	hˈo↘ŋ	1	0	1
nặng	4159	TONE_NANG	naʔ↓ŋ	nˈaʔ↓ŋ	1	0	1
chỉnh	4157	TONE_HOI	ci↓ɲ	ʧˈi↓ɲ	1	0	1
hãng	4154	TONE_NGA	haːʔ↗ŋ	hˈaːʔ↗ŋ	1	0	1
hiểm	4125	TONE_HOI	hiə↓m	hˈiɛ↓m	1	0	1
tầng	4095	TONE_HUYEN	tə↘ŋ	tˈə↘ŋ	1	0	1
cục	4085	TONE_NANG	kuʔ↓k	kˈuʔ↓c	1	0	1
miền	4083	TONE_HUYEN	miə↘n	mˈiɛ↘n	1	0	1
bí	4075	TONE_SAC	bi↗	bˈi↗	1	0	1
phú	4060	TONE_SAC	fu↗	fˈu↗	1	0	1
lỗi	4044	TONE_NGA	loʔ↗j	lˈoʔ↗j	1	0	1
thủy	4023	TONE_HOI	θu↓j	θwˈi↓	1	0	1
ngờ	4012	TONE_HUYEN	ŋəː↘	ŋˈəː↘	1	0	1
cường	3991	TONE_HUYEN	kɨə↘ŋ	kˈyə↘ŋ	1	0	1
lượt	3987	TONE_NANG	lɨəʔ↓t	lˈyəʔ↓t	1	0	1
cháu	3977	TONE_SAC	ca↗w	ʧˈa↗w	1	0	1
chuyến	3963	TONE_SAC	ciə↗n	ʧwˈiɛ↗n	1	0	1
hiệp	3937	TONE_NANG	hiəʔ↓p	hˈiɛʔ↓p	1	0	1
tuyệt	3930	TONE_NANG	tiəʔ↓t	twˈiɛʔ↓t	1	0	1
mấy	3919	TONE_SAC	mə↗j	mˈəɪ↗	1	0	1
quận	3910	TONE_NANG	kwəʔ↓n	kwˈəʔ↓n	1	0	1
dưỡng	3880	TONE_NGA	zɨəʔ↗ŋ	zˈyəʔ↗ŋ	1	0	1
thuế	3873	TONE_SAC	θwe↗	θwˈe↗	1	0	1
ổn	3850	TONE_HOI	o↓n	ˈo↓n	1	0	1
bức	3839	TONE_SAC	bɨ↗k	bˈy↗c	1	0	1
ngủ	3831	TONE_HOI	ŋu↓	ŋˈu↓	1	0	1
địch	3827	TONE_NANG	diʔ↓k	dˈiʔ↓c	1	0	1
giấy	3802	TONE_SAC	ʝə↗j	ʝˈəɪ↗	1	0	1
đáp	3795	TONE_SAC	daː↗p	dˈaː↗p	1	0	1
đỏ	3790	TONE_HOI	dɔ↓	dˈɔ↓	1	0	1
lẽ	3784	TONE_NGA	lɛʔ↗	lˈɛʔ↗	1	0	1
tớ	3772	TONE_SAC	təː↗	tˈəː↗	1	0	1
xúc	3770	TONE_SAC	su↗k	sˈu↗c	1	0	1
bầu	3767	TONE_HUYEN	bə↘w	bˈə↘w	1	0	1
sẵn	3715	TONE_NGA	ʂaʔ↗n	ʂˈaʔ↗n	1	0	1
vé	3707	TONE_SAC	vɛ↗	vˈɛ↗	1	0	1
giết	3700	TONE_SAC	ʝe↗t	ʝˈiɛ↗t	1	0	1
hại	3668	TONE_NANG	haːʔ↓j	hˈaːʔ↓j	1	0	1
ước	3652	TONE_SAC	ɨə↗k	ˈyə↗c	1	0	1
luyện	3650	TONE_NANG	liəʔ↓n	lwˈiɛʔ↓n	1	0	1
cánh	3645	TONE_SAC	kaː↗ɲ	kˈæ↗ɲ	1	0	1
trắng	3643	TONE_SAC	ʈʂa↗ŋ	ʈʂˈa↗ŋ	1	0	1
bại	3641	TONE_NANG	baːʔ↓j	bˈaːʔ↓j	1	0	1
kiểu	3639	TONE_HOI	kiə↓w	kˈiɛ↓w	1	0	1
mối	3612	TONE_SAC	mo↗j	mˈo↗j	1	0	1
ngọc	3602	TONE_NANG	ŋɔʔ↓k	ŋˈɔʔ↓k	1	0	1
khóa	3594	TONE_SAC	xwaː↗	xwˈaː↗	1	0	1
đài	3578	TONE_HUYEN	daː↘j	dˈaː↘j	1	0	1
sắp	3572	TONE_SAC	ʂa↗p	ʂˈa↗p	1	0	1
nạn	3567	TONE_NANG	naːʔ↓n	nˈaːʔ↓n	1	0	1
phúc	3560	TONE_SAC	fu↗k	fˈu↗c	1	0	1
tầm	3550	TONE_HUYEN	tə↘m	tˈə↘m	1	0	1
kẻ	3549	TONE_HOI	kɛ↓	kˈɛ↓	1	0	1
thầy	3549	TONE_HUYEN	θə↘j	θˈəɪ↘	1	0	1
à	3539	TONE_HUYEN	aː↘	ˈaː↘	1	0	1
máu	3537	TONE_SAC	ma↗w	mˈa↗w	1	0	1
cũ	3525	TONE_NGA	kuʔ↗	kˈuʔ↗	1	0	1
phổ	3517	TONE_HOI	fo↓	fˈo↓	1	0	1
tránh	3508	TONE_SAC	ʈʂaː↗ɲ	ʈʂˈæ↗ɲ	1	0	1
chứa	3496	TONE_SAC	cɨə↗	ʧˈyə↗	1	0	1
đón	3495	TONE_SAC	dɔ↗n	dˈɔ↗n	1	0	1
triệu	3493	TONE_NANG	ʈʂiəʔ↓w	ʈʂˈiɛʔ↓w	1	0	1
dữ	3490	TONE_NGA	zɨʔ↗	zˈyʔ↗	1	0	1
nghề	3474	TONE_HUYEN	ŋe↘	ŋˈe↘	1	0	1
suốt	3470	TONE_SAC	ʂuə↗t	ʂˈuə↗t	1	0	1
buộc	3460	TONE_NANG	buəʔ↓k	bˈuəʔ↓c	1	0	1
thú	3460	TONE_SAC	θu↗	θˈu↗	1	0	1
khắc	3437	TONE_SAC	xa↗k	xˈa↗c	1	0	1
loạt	3423	TONE_NANG	lwaːʔ↓t	lwˈaːʔ↓t	1	0	1
ích	3416	TONE_SAC	i↗k	ˈi↗c	1	0	1
mày	3412	TONE_HUYEN	ma↘j	mˈa↘j	1	0	1
lãi	3401	TONE_NGA	laːʔ↗j	lˈaːʔ↗j	1	0	1
quần	3400	TONE_HUYEN	kwə↘n	kwˈə↘n	1	0	1
tội	3395	TONE_NANG	toʔ↓j	tˈoʔ↓j	1	0	1
thậm	3394	TONE_NANG	θəʔ↓m	θˈəʔ↓m	1	0	1
chờ	3373	TONE_HUYEN	cəː↘	ʧˈəː↘	1	0	1
đọc	3362	TONE_NANG	dɔʔ↓k	dˈɔʔ↓k	1	0	1
cận	3359	TONE_NANG	kəʔ↓n	kˈəʔ↓n	1	0	1
khán	3338	TONE_SAC	xaː↗n	xˈaː↗n	1	0	1
tái	3334	TONE_SAC	taː↗j	tˈaː↗j	1	0	1
ngắn	3333	TONE_SAC	ŋa↗n	ŋˈa↗n	1	0	1
lửa	3333	TONE_HOI	lɨə↓	lˈyə↓	1	0	1
hấp	3332	TONE_SAC	hə↗p	hˈə↗p	1	0	1
sửa	3332	TONE_HOI	ʂɨə↓	ʂˈyə↓	1	0	1
khối	3330	TONE_SAC	xo↗j	xˈo↗j	1	0	1
tòa	3323	TONE_HUYEN	twaː↘	twˈaː↘	1	0	1
hầu	3318	TONE_HUYEN	hə↘w	hˈə↘w	1	0	1
làng	3300	TONE_HUYEN	laː↘ŋ	lˈaː↘ŋ	1	0	1
núi	3285	TONE_SAC	nu↗j	nˈu↗j	1	0	1
dần	3276	TONE_HUYEN	zə↘n	zˈə↘n	1	0	1
dạy	3270	TONE_NANG	zaʔ↓j	zˈaʔ↓j	1	0	1
quán	3255	TONE_SAC	kwaː↗n	kwˈaː↗n	1	0	1
giác	3254	TONE_SAC	ʝaː↗k	ʝˈaː↗c	1	0	1
mộ	3246	TONE_NANG	moʔ↓	mˈoʔ↓	1	0	1
lược	3237	TONE_NANG	lɨəʔ↓k	lˈyəʔ↓c	1	0	1
nóng	3229	TONE_SAC	nɔ↗ŋ	nˈɔ↗ŋ	1	0	1
chào	3226	TONE_HUYEN	caː↘w	ʧˈaː↘w	1	0	1
giản	3220	TONE_HOI	ʝaː↓n	ʝˈaː↓n	1	0	1
bánh	3220	TONE_SAC	baː↗ɲ	bˈæ↗ɲ	1	0	1
phóng	3203	TONE_SAC	fɔ↗ŋ	fˈɔ↗ŋ	1	0	1
chóng	3199	TONE_SAC	cɔ↗ŋ	ʧˈɔ↗ŋ	1	0	1
ngữ	3198	TONE_NGA	ŋɨʔ↗	ŋˈyʔ↗	1	0	1
họp	3188	TONE_NANG	hɔʔ↓p	hˈɔʔ↓p	1	0	1
nhiễm	3182	TONE_NGA	ɲiəʔ↗m	ɲˈiɛʔ↗m	1	0	1
cán	3179	TONE_SAC	kaː↗n	kˈaː↗n	1	0	1
lắm	3172	TONE_SAC	la↗m	lˈa↗m	1	0	1
chắn	3162	TONE_SAC	ca↗n	ʧˈa↗n	1	0	1
đột	3161	TONE_NANG	doʔ↓t	dˈoʔ↓t	1	0	1
nhé	3161	TONE_SAC	ɲɛ↗	ɲˈɛ↗	1	0	1
thiệu	3145	TONE_NANG	θiəʔ↓w	θˈiɛʔ↓w	1	0	1
cấu	3143	TONE_SAC	kə↗w	kˈə↗w	1	0	1
thừa	3140	TONE_HUYEN	θɨə↘	θˈyə↘	1	0	1
mềm	3127	TONE_HUYEN	me↘m	mˈe↘m	1	0	1
ánh	3124	TONE_SAC	aː↗ɲ	ˈæ↗ɲ	1	0	1
chữ	3112	TONE_NGA	cɨʔ↗	ʧˈyʔ↗	1	0	1
lá	3095	TONE_SAC	laː↗	lˈaː↗	1	0	1
chút	3094	TONE_SAC	cu↗t	ʧˈu↗t	1	0	1
bật	3087	TONE_NANG	bəʔ↓t	bˈəʔ↓t	1	0	1
tặng	3074	TONE_NANG	taʔ↓ŋ	tˈaʔ↓ŋ	1	0	1
khẳng	3073	TONE_HOI	xa↓ŋ	xˈa↓ŋ	1	0	1
sóng	3065	TONE_SAC	ʂɔ↗ŋ	ʂˈɔ↗ŋ	1	0	1
khám	3056	TONE_SAC	xaː↗m	xˈaː↗m	1	0	1
ngồi	3043	TONE_HUYEN	ŋo↘j	ŋˈo↘j	1	0	1
nhẹ	3007	TONE_NANG	ɲɛʔ↓	ɲˈɛʔ↓	1	0	1
á	3006	TONE_SAC	aː↗	ˈaː↗	1	0	1
thí	2996	TONE_SAC	θi↗	θˈi↗	1	0	1
thẳng	2991	TONE_HOI	θa↓ŋ	θˈa↓ŋ	1	0	1
thuyết	2971	TONE_SAC	θiə↗t	θwˈiɛ↗t	1	0	1
bọn	2953	TONE_NANG	bɔʔ↓n	bˈɔʔ↓n	1	0	1
sợ	2942	TONE_NANG	ʂəːʔ↓	ʂˈəːʔ↓	1	0	1
tóc	2937	TONE_SAC	tɔ↗k	tˈɔ↗k	1	0	1
rời	2935	TONE_HUYEN	ʒəː↘j	ɹˈəː↘j	1	0	1
tận	2928	TONE_NANG	təʔ↓n	tˈəʔ↓n	1	0	1
dựa	2898	TONE_NANG	zɨəʔ↓	zˈyəʔ↓	1	0	1
nẵng	2895	TONE_NGA	naʔ↗ŋ	nˈaʔ↗ŋ	1	0	1
tộc	2891	TONE_NANG	toʔ↓k	tˈoʔ↓k	1	0	1
hạt	2880	TONE_NANG	haːʔ↓t	hˈaːʔ↓t	1	0	1
cắt	2862	TONE_SAC	ka↗t	kˈa↗t	1	0	1
bày	2858	TONE_HUYEN	ba↘j	bˈa↘j	1	0	1
dàng	2842	TONE_HUYEN	zaː↘ŋ	zˈaː↘ŋ	1	0	1
miễn	2839	TONE_NGA	miəʔ↗n	mˈiɛʔ↗n	1	0	1
lệnh	2838	TONE_NANG	leʔ↓ɲ	lˈeʔ↓ɲ	1	0	1
tạm	2826	TONE_NANG	taːʔ↓m	tˈaːʔ↓m	1	0	1
trụ	2823	TONE_NANG	ʈʂuʔ↓	ʈʂˈuʔ↓	1	0	1
lục	2819	TONE_NANG	luʔ↓k	lˈuʔ↓c	1	0	1
gốc	2815	TONE_SAC	ɣo↗k	ɣˈo↗k	1	0	1
gắn	2803	TONE_SAC	ɣa↗n	ɣˈa↗n	1	0	1
sóc	2796	TONE_SAC	ʂɔ↗k	ʂˈɔ↗k	1	0	1
sàng	2795	TONE_HUYEN	ʂaː↘ŋ	ʂˈaː↘ŋ	1	0	1
khảo	2791	TONE_HOI	xaː↓w	xˈaː↓w	1	0	1
phạt	2786	TONE_NANG	faːʔ↓t	fˈaːʔ↓t	1	0	1
thác	2785	TONE_SAC	θaː↗k	θˈaː↗c	1	0	1
hùng	2785	TONE_HUYEN	hu↘ŋ	hˈu↘ŋ	1	0	1
đoán	2776	TONE_SAC	dwaː↗n	dwˈaː↗n	1	0	1
tồn	2771	TONE_HUYEN	to↘n	tˈo↘n	1	0	1
chữa	2755	TONE_NGA	cɨəʔ↗	ʧˈyəʔ↗	1	0	1
nhấn	2755	TONE_SAC	ɲə↗n	ɲˈə↗n	1	0	1
rút	2749	TONE_SAC	ʒu↗t	ɹˈu↗t	1	0	1
dừng	2743	TONE_HUYEN	zɨ↘ŋ	zˈy↘ŋ	1	0	1
cà	2734	TONE_HUYEN	kaː↘	kˈaː↘	1	0	1
kính	2726	TONE_SAC	ki↗ɲ	kˈi↗ɲ	1	0	1
thịt	2720	TONE_NANG	θiʔ↓t	θˈiʔ↓t	1	0	1
đứa	2720	TONE_SAC	dɨə↗	dˈyə↗	1	0	1
mái	2719	TONE_SAC	maː↗j	mˈaː↗j	1	0	1
tỉ	2714	TONE_HOI	ti↓	tˈi↓	1	0	1
thẩm	2701	TONE_HOI	θə↓m	θˈə↓m	1	0	1
tạp	2698	TONE_NANG	taːʔ↓p	tˈaːʔ↓p	1	0	1
niệm	2695	TONE_NANG	niəʔ↓m	nˈiɛʔ↓m	1	0	1
khuyến	2694	TONE_SAC	xiə↗n	xwˈiɛ↗n	1	0	1
hạnh	2687	TONE_NANG	haːʔ↓ɲ	hˈæʔ↓ɲ	1	0	1
khúc	2683	TONE_SAC	xu↗k	xˈu↗c	1	0	1
vững	2673	TONE_NGA	vɨʔ↗ŋ	vˈyʔ↗ŋ	1	0	1
cuốn	2653	TONE_SAC	kuə↗n	kˈuə↗n	1	0	1
đổ	2651	TONE_HOI	do↓	dˈo↓	1	0	1
bắn	2647	TONE_SAC	ba↗n	bˈa↗n	1	0	1
cầm	2647	TONE_HUYEN	kə↘m	kˈə↘m	1	0	1
khánh	2641	TONE_SAC	xaː↗ɲ	xˈæ↗ɲ	1	0	1
mừng	2623	TONE_HUYEN	mɨ↘ŋ	mˈy↘ŋ	1	0	1
đích	2622	TONE_SAC	di↗k	dˈi↗c	1	0	1
tỏ	2618	TONE_HOI	tɔ↓	tˈɔ↓	1	0	1
lạnh	2616	TONE_NANG	laːʔ↓ɲ	lˈæʔ↓ɲ	1	0	1
nhắc	2615	TONE_SAC	ɲa↗k	ɲˈa↗c	1	0	1
nợ	2608	TONE_NANG	nəːʔ↓	nˈəːʔ↓	1	0	1
trúc	2577	TONE_SAC	ʈʂu↗k	ʈʂˈu↗c	1	0	1
phận	2574	TONE_NANG	fəʔ↓n	fˈəʔ↓n	1	0	1
gắng	2555	TONE_SAC	ɣa↗ŋ	ɣˈa↗ŋ	1	0	1
đám	2554	TONE_SAC	daː↗m	dˈaː↗m	1	0	1
mời	2553	TONE_HUYEN	məː↘j	mˈəː↘j	1	0	1
thượng	2550	TONE_NANG	θɨəʔ↓ŋ	θˈyəʔ↓ŋ	1	0	1
ngược	2542	TONE_NANG	ŋɨəʔ↓k	ŋˈyəʔ↓c	1	0	1
quỹ	2533	TONE_NGA	kwiʔ↗	kwˈiʔ↗	1	0	1
mạch	2530	TONE_NANG	maʔ↓k	mˈæʔ↓c	1	0	1
thổ	2510	TONE_HOI	θo↓	θˈo↓	1	0	1
tết	2504	TONE_SAC	te↗t	tˈe↗t	1	0	1
chiếu	2502	TONE_SAC	ciə↗w	ʧˈiɛ↗w	1	0	1
khủng	2501	TONE_HOI	xu↓ŋ	xˈu↓ŋ	1	0	1
cựu	2493	TONE_NANG	kɨʔ↓w	kˈiʔ↓w	1	0	1
tờ	2491	TONE_HUYEN	təː↘	tˈəː↘	1	0	1
trồng	2476	TONE_HUYEN	ʈʂo↘ŋ	ʈʂˈo↘ŋ	1	0	1
chụp	2463	TONE_NANG	cuʔ↓p	ʧˈuʔ↓p	1	0	1
họa	2458	TONE_NANG	hwaːʔ↓	hˈoaːʔ↓	1	0	1
đợt	2456	TONE_NANG	dəːʔ↓t	dˈəːʔ↓t	1	0	1
thụ	2436	TONE_NANG	θuʔ↓	θˈuʔ↓	1	0	1
thẻ	2434	TONE_HOI	θɛ↓	θˈɛ↓	1	0	1
cặp	2430	TONE_NANG	kaʔ↓p	kˈaʔ↓p	1	0	1
hài	2427	TONE_HUYEN	haː↘j	hˈaː↘j	1	0	1
trấn	2416	TONE_SAC	ʈʂə↗n	ʈʂˈə↗n	1	0	1
ví	2410	TONE_SAC	vi↗	vˈi↗	1	0	1
tệ	2408	TONE_NANG	teʔ↓	tˈeʔ↓	1	0	1
sạch	2408	TONE_NANG	ʂaʔ↓k	ʂˈæʔ↓c	1	0	1
lái	2403	TONE_SAC	laː↗j	lˈaː↗j	1	0	1
rừng	2394	TONE_HUYEN	ʒɨ↘ŋ	ɹˈy↘ŋ	1	0	1
nửa	2391	TONE_HOI	nɨə↓	nˈyə↓	1	0	1
phường	2386	TONE_HUYEN	fɨə↘ŋ	fˈyə↘ŋ	1	0	1
đợi	2386	TONE_NANG	dəːʔ↓j	dˈəːʔ↓j	1	0	1
nỗ	2362	TONE_NGA	noʔ↗	nˈoʔ↗	1	0	1
giàu	2359	TONE_HUYEN	ʝa↘w	ʝˈa↘w	1	0	1
hè	2357	TONE_HUYEN	hɛ↘	hˈɛ↘	1	0	1
sàn	2355	TONE_HUYEN	ʂaː↘n	ʂˈaː↘n	1	0	1
bạc	2352	TONE_NANG	baːʔ↓k	bˈaːʔ↓c	1	0	1
thoát	2352	TONE_SAC	θwaː↗t	θwˈaː↗t	1	0	1
lạ	2346	TONE_NANG	laːʔ↓	lˈaːʔ↓	1	0	1
cưới	2345	TONE_SAC	kɨə↗j	kˈyə↗j	1	0	1
kịch	2339	TONE_NANG	kiʔ↓k	kˈiʔ↓c	1	0	1
dõi	2334	TONE_NGA	zɔʔ↗j	zˈɔʔ↗j	1	0	1
nhuận	2331	TONE_NANG	ɲwəʔ↓n	ɲwˈəʔ↓n	1	0	1
mẽ	2330	TONE_NGA	mɛʔ↗	mˈɛʔ↗	1	0	1
gió	2293	TONE_SAC	ʝɔ↗	ʝˈɔ↗	1	0	1
tấm	2290	TONE_SAC	tə↗m	tˈə↗m	1	0	1
gói	2276	TONE_SAC	ɣɔ↗j	ɣˈɔ↗j	1	0	1
niềm	2271	TONE_HUYEN	niə↘m	nˈiɛ↘m	1	0	1
tắc	2269	TONE_SAC	ta↗k	tˈa↗c	1	0	1
chúa	2254	TONE_SAC	cuə↗	ʧˈuə↗	1	0	1
ngại	2252	TONE_NANG	ŋaːʔ↓j	ŋˈaːʔ↓j	1	0	1
kém	2250	TONE_SAC	kɛ↗m	kˈɛ↗m	1	0	1
dịp	2245	TONE_NANG	ziʔ↓p	zˈiʔ↓p	1	0	1
duyệt	2244	TONE_NANG	ziəʔ↓t	zwˈiɛʔ↓t	1	0	1
nắm	2235	TONE_SAC	na↗m	nˈa↗m	1	0	1
biện	2235	TONE_NANG	biəʔ↓n	bˈiɛʔ↓n	1	0	1
thằng	2233	TONE_HUYEN	θa↘ŋ	θˈa↘ŋ	1	0	1
ràng	2229	TONE_HUYEN	ʒaː↘ŋ	ɹˈaː↘ŋ	1	0	1
nàng	2229	TONE_HUYEN	naː↘ŋ	nˈaː↘ŋ	1	0	1
chàng	2225	TONE_HUYEN	caː↘ŋ	ʧˈaː↘ŋ	1	0	1
trừ	2216	TONE_HUYEN	ʈʂɨ↘	ʈʂˈy↘	1	0	1
nổ	2216	TONE_HOI	no↓	nˈo↓	1	0	1
chậm	2211	TONE_NANG	cəʔ↓m	ʧˈəʔ↓m	1	0	1
cảng	2203	TONE_HOI	kaː↓ŋ	kˈaː↓ŋ	1	0	1
xấu	2193	TONE_SAC	sə↗w	sˈə↗w	1	0	1
đỉnh	2187	TONE_HOI	di↓ɲ	dˈi↓ɲ	1	0	1
bốn	2182	TONE_SAC	bo↗n	bˈo↗n	1	0	1
thỏa	2181	TONE_HOI	θwaː↓	θwˈaː↓	1	0	1
mũi	2180	TONE_NGA	muʔ↗j	mˈuʔ↗j	1	0	1
điển	2177	TONE_HOI	diə↓n	dˈiɛ↓n	1	0	1
đèn	2173	TONE_HUYEN	dɛ↘n	dˈɛ↘n	1	0	1
súng	2169	TONE_SAC	ʂu↗ŋ	ʂˈu↗ŋ	1	0	1
quà	2157	TONE_HUYEN	kwaː↘	kwˈaː↘	1	0	1
thập	2150	TONE_NANG	θəʔ↓p	θˈəʔ↓p	1	0	1
rẻ	2149	TONE_HOI	ʒɛ↓	ɹˈɛ↓	1	0	1
bữa	2145	TONE_NGA	bɨəʔ↗	bˈyəʔ↗	1	0	1
ngũ	2140	TONE_NGA	ŋuʔ↗	ŋˈuʔ↗	1	0	1
giảng	2117	TONE_HOI	ʝaː↓ŋ	ʝˈaː↓ŋ	1	0	1
đỡ	2116	TONE_NGA	dəːʔ↗	dˈəːʔ↗	1	0	1
hẹn	2114	TONE_NANG	hɛʔ↓n	hˈɛʔ↓n	1	0	1
lối	2109	TONE_SAC	lo↗j	lˈo↗j	1	0	1
lưới	2094	TONE_SAC	lɨə↗j	lˈyə↗j	1	0	1
cười	2094	TONE_HUYEN	kɨə↘j	kˈyə↘j	1	0	1
ủng	2094	TONE_HOI	u↓ŋ	ˈu↓ŋ	1	0	1
huyết	2091	TONE_SAC	hiə↗t	hwˈiɛ↗t	1	0	1
dụ	2084	TONE_NANG	zuʔ↓	zˈuʔ↓	1	0	1
chợ	2075	TONE_NANG	cəːʔ↓	ʧˈəːʔ↓	1	0	1
liệt	2071	TONE_NANG	liəʔ↓t	lˈiɛʔ↓t	1	0	1
bối	2070	TONE_SAC	bo↗j	bˈo↗j	1	0	1
huấn	2068	TONE_SAC	hwə↗n	hwˈə↗n	1	0	1
kịp	2059	TONE_NANG	kiʔ↓p	kˈiʔ↓p	1	0	1
triều	2032	TONE_HUYEN	ʈʂiə↘w	ʈʂˈiɛ↘w	1	0	1
lẫn	2031	TONE_NGA	ləʔ↗n	lˈəʔ↗n	1	0	1
hoá	2028	TONE_SAC	hwaː↗	hwˈaː↗	1	0	1
gấp	2025	TONE_SAC	ɣə↗p	ɣˈə↗p	1	0	1
tảng	2011	TONE_HOI	taː↓ŋ	tˈaː↓ŋ	1	0	1
góc	2010	TONE_SAC	ɣɔ↗k	ɣˈɔ↗k	1	0	1
khắp	2008	TONE_SAC	xa↗p	xˈa↗p	1	0	1
kèm	2007	TONE_HUYEN	kɛ↘m	kˈɛ↘m	1	0	1
sạn	2007	TONE_NANG	ʂaːʔ↓n	ʂˈaːʔ↓n	1	0	1
rượu	1998	TONE_NANG	ʒɨəʔ↓w	ɹˈyəʔ↓w	1	0	1
mãi	1994	TONE_NGA	maːʔ↗j	mˈaːʔ↗j	1	0	1
chó	1991	TONE_SAC	cɔ↗	ʧˈɔ↗	1	0	1
chặt	1989	TONE_NANG	caʔ↓t	ʧˈaʔ↓t	1	0	1
liền	1987	TONE_HUYEN	liə↘n	lˈiɛ↘n	1	0	1
lắng	1986	TONE_SAC	la↗ŋ	lˈa↗ŋ	1	0	1
bào	1977	TONE_HUYEN	baː↘w	bˈaː↘w	1	0	1
xứ	1961	TONE_SAC	sɨ↗	sˈy↗	1	0	1
cháy	1941	TONE_SAC	ca↗j	ʧˈa↗j	1	0	1
tùy	1937	TONE_HUYEN	tu↘j	twˈi↘	1	0	1
hủy	1930	TONE_HOI	hu↓j	hwˈi↓	1	0	1
nghèo	1927	TONE_HUYEN	ŋɛ↘w	ŋˈɛ↘w	1	0	1
võ	1921	TONE_NGA	vɔʔ↗	vˈɔʔ↗	1	0	1
ngài	1918	TONE_HUYEN	ŋaː↘j	ŋˈaː↘j	1	0	1
dũng	1918	TONE_NGA	zuʔ↗ŋ	zˈuʔ↗ŋ	1	0	1
vườn	1915	TONE_HUYEN	vɨə↘n	vˈyə↘n	1	0	1
bão	1895	TONE_NGA	baːʔ↗w	bˈaːʔ↗w	1	0	1
bờ	1894	TONE_HUYEN	bəː↘	bˈəː↘	1	0	1
kiệm	1893	TONE_NANG	kiəʔ↓m	kˈiɛʔ↓m	1	0	1
bền	1891	TONE_HUYEN	be↘n	bˈe↘n	1	0	1
dáng	1891	TONE_SAC	zaː↗ŋ	zˈaː↗ŋ	1	0	1
thách	1887	TONE_SAC	θa↗k	θˈæ↗c	1	0	1
tuấn	1877	TONE_SAC	twə↗n	twˈə↗n	1	0	1
đuổi	1867	TONE_HOI	duə↓j	dˈuə↓j	1	0	1
thải	1863	TONE_HOI	θaː↓j	θˈaː↓j	1	0	1
bậc	1861	TONE_NANG	bəʔ↓k	bˈəʔ↓c	1	0	1
chuỗi	1858	TONE_NGA	cuəʔ↗j	ʧˈuəʔ↗j	1	0	1
thuyền	1858	TONE_HUYEN	θiə↘n	θwˈiɛ↘n	1	0	1
nét	1857	TONE_SAC	nɛ↗t	nˈɛ↗t	1	0	1
hào	1856	TONE_HUYEN	haː↘w	hˈaː↘w	1	0	1
khoán	1842	TONE_SAC	xwaː↗n	xwˈaː↗n	1	0	1
tĩnh	1840	TONE_NGA	tiʔ↗ɲ	tˈiʔ↗ɲ	1	0	1
bè	1839	TONE_HUYEN	bɛ↘	bˈɛ↘	1	0	1
kháng	1838	TONE_SAC	xaː↗ŋ	xˈaː↗ŋ	1	0	1
đế	1833	TONE_SAC	de↗	dˈe↗	1	0	1
trú	1830	TONE_SAC	ʈʂu↗	ʈʂˈu↗	1	0	1
chúc	1820	TONE_SAC	cu↗k	ʧˈu↗c	1	0	1
phán	1815	TONE_SAC	faː↗n	fˈaː↗n	1	0	1
ngừng	1810	TONE_HUYEN	ŋɨ↘ŋ	ŋˈy↘ŋ	1	0	1
sữa	1809	TONE_NGA	ʂɨəʔ↗	ʂˈyəʔ↗	1	0	1
đĩa	1807	TONE_NGA	diəʔ↗	dˈiəʔ↗	1	0	1
thiệt	1801	TONE_NANG	θiəʔ↓t	θˈiɛʔ↓t	1	0	1
cấm	1794	TONE_SAC	kə↗m	kˈə↗m	1	0	1
tường	1788	TONE_HUYEN	tɨə↘ŋ	tˈyə↘ŋ	1	0	1
đàm	1785	TONE_HUYEN	daː↘m	dˈaː↘m	1	0	1
pháo	1781	TONE_SAC	faː↗w	fˈaː↗w	1	0	1
trữ	1781	TONE_NGA	ʈʂɨʔ↗	ʈʂˈyʔ↗	1	0	1
thận	1780	TONE_NANG	θəʔ↓n	θˈəʔ↓n	1	0	1
ẩn	1776	TONE_HOI	ə↓n	ˈə↓n	1	0	1
giỏi	1773	TONE_HOI	ʝɔ↓j	ʝˈɔ↓j	1	0	1
rối	1770	TONE_SAC	ʒo↗j	ɹˈo↗j	1	0	1
nguyện	1765	TONE_NANG	ŋiəʔ↓n	ŋwˈiɛʔ↓n	1	0	1
chấn	1762	TONE_SAC	cə↗n	ʧˈə↗n	1	0	1
trại	1761	TONE_NANG	ʈʂaːʔ↓j	ʈʂˈaːʔ↓j	1	0	1
chạm	1755	TONE_NANG	caːʔ↓m	ʧˈaːʔ↓m	1	0	1
bãi	1750	TONE_NGA	baːʔ↗j	bˈaːʔ↗j	1	0	1
tù	1747	TONE_HUYEN	tu↘	tˈu↘	1	0	1
tiềm	1744	TONE_HUYEN	tiə↘m	tˈiɛ↘m	1	0	1
sứ	1742	TONE_SAC	ʂɨ↗	ʂˈy↗	1	0	1
vời	1740	TONE_HUYEN	vəː↘j	vˈəː↘j	1	0	1
gà	1730	TONE_HUYEN	ɣaː↘	ɣˈaː↘	1	0	1
làn	1728	TONE_HUYEN	laː↘n	lˈaː↘n	1	0	1
già	1724	TONE_HUYEN	ʝaː↘	ʝˈaː↘	1	0	1
hứng	1718	TONE_SAC	hɨ↗ŋ	hˈy↗ŋ	1	0	1
lỗ	1717	TONE_NGA	loʔ↗	lˈoʔ↗	1	0	1
buồn	1711	TONE_HUYEN	buə↘n	bˈuə↘n	1	0	1
đẳng	1701	TONE_HOI	da↓ŋ	dˈa↓ŋ	1	0	1
hề	1700	TONE_HUYEN	he↘	hˈe↘	1	0	1
đáo	1699	TONE_SAC	daː↗w	dˈaː↗w	1	0	1
ghế	1694	TONE_SAC	ɣe↗	ɣˈe↗	1	0	1
thù	1694	TONE_HUYEN	θu↘	θˈu↘	1	0	1
trùng	1685	TONE_HUYEN	ʈʂu↘ŋ	ʈʂˈu↘ŋ	1	0	1
đòi	1681	TONE_HUYEN	dɔ↘j	dˈɔ↘j	1	0	1
loạn	1677	TONE_NANG	lwaːʔ↓n	lwˈaːʔ↓n	1	0	1
khổ	1677	TONE_HOI	xo↓	xˈo↓	1	0	1
chấm	1665	TONE_SAC	cə↗m	ʧˈə↗m	1	0	1
ấm	1658	TONE_SAC	ə↗m	ˈə↗m	1	0	1
cú	1658	TONE_SAC	ku↗	kˈu↗	1	0	1
sốt	1648	TONE_SAC	ʂo↗t	ʂˈo↗t	1	0	1
lẻ	1647	TONE_HOI	lɛ↓	lˈɛ↓	1	0	1
chặn	1645	TONE_NANG	caʔ↓n	ʧˈaʔ↓n	1	0	1
hẳn	1641	TONE_HOI	ha↓n	hˈa↓n	1	0	1
túi	1639	TONE_SAC	tu↗j	tˈu↗j	1	0	1
dậy	1634	TONE_NANG	zəʔ↓j	zˈəɪʔ↓	1	0	1
nộp	1624	TONE_NANG	noʔ↓p	nˈoʔ↓p	1	0	1
phức	1623	TONE_SAC	fɨ↗k	fˈy↗c	1	0	1
trà	1622	TONE_HUYEN	ʈʂaː↘	ʈʂˈaː↘	1	0	1
nắng	1621	TONE_SAC	na↗ŋ	nˈa↗ŋ	1	0	1
bạch	1620	TONE_NANG	baʔ↓k	bˈæʔ↓c	1	0	1
vĩnh	1616	TONE_NGA	viʔ↗ɲ	vˈiʔ↗ɲ	1	0	1
giáp	1609	TONE_SAC	ʝaː↗p	ʝˈaː↗p	1	0	1
bò	1605	TONE_HUYEN	bɔ↘	bˈɔ↘	1	0	1
thờ	1603	TONE_HUYEN	θəː↘	θˈəː↘	1	0	1
kì	1599	TONE_HUYEN	ki↘	kˈi↘	1	0	1
mạc	1597	TONE_NANG	maːʔ↓k	mˈaːʔ↓c	1	0	1
tắt	1589	TONE_SAC	ta↗t	tˈa↗t	1	0	1
lạm	1586	TONE_NANG	laːʔ↓m	lˈaːʔ↓m	1	0	1
khiển	1577	TONE_HOI	xiə↓n	xˈiɛ↓n	1	0	1
đỗ	1561	TONE_NGA	doʔ↗	dˈoʔ↗	1	0	1
hàm	1555	TONE_HUYEN	haː↘m	hˈaː↘m	1	0	1
cứng	1555	TONE_SAC	kɨ↗ŋ	kˈy↗ŋ	1	0	1
hứa	1551	TONE_SAC	hɨə↗	hˈyə↗	1	0	1
sắt	1550	TONE_SAC	ʂa↗t	ʂˈa↗t	1	0	1
đậu	1547	TONE_NANG	dəʔ↓w	dˈəʔ↓w	1	0	1
mắn	1541	TONE_SAC	ma↗n	mˈa↗n	1	0	1
chảy	1539	TONE_HOI	ca↓j	ʧˈa↓j	1	0	1
chủng	1539	TONE_HOI	cu↓ŋ	ʧˈu↓ŋ	1	0	1
hiến	1534	TONE_SAC	hiə↗n	hˈiɛ↗n	1	0	1
dày	1531	TONE_HUYEN	za↘j	zˈa↘j	1	0	1
huyền	1531	TONE_HUYEN	hiə↘n	hwˈiɛ↘n	1	0	1
nhảy	1530	TONE_HOI	ɲa↓j	ɲˈa↓j	1	0	1
thầu	1527	TONE_HUYEN	θə↘w	θˈə↘w	1	0	1
hộp	1527	TONE_NANG	hoʔ↓p	hˈoʔ↓p	1	0	1
cờ	1511	TONE_HUYEN	kəː↘	kˈəː↘	1	0	1
ống	1506	TONE_SAC	o↗ŋ	ˈo↗ŋ	1	0	1
trích	1505	TONE_SAC	ʈʂi↗k	ʈʂˈi↗c	1	0	1
sài	1502	TONE_HUYEN	ʂaː↘j	ʂˈaː↘j	1	0	1
cát	1501	TONE_SAC	kaː↗t	kˈaː↗t	1	0	1
mệnh	1500	TONE_NANG	meʔ↓ɲ	mˈeʔ↓ɲ	1	0	1
bá	1493	TONE_SAC	baː↗	bˈaː↗	1	0	1
dứt	1490	TONE_SAC	zɨ↗t	zˈy↗t	1	0	1
lành	1489	TONE_HUYEN	laː↘ɲ	lˈæ↘ɲ	1	0	1
gỡ	1486	TONE_NGA	ɣəːʔ↗	ɣˈəːʔ↗	1	0	1
ngọt	1485	TONE_NANG	ŋɔʔ↓t	ŋˈɔʔ↓t	1	0	1
khấu	1472	TONE_SAC	xə↗w	xˈə↗w	1	0	1
tán	1470	TONE_SAC	taː↗n	tˈaː↗n	1	0	1
nỗi	1468	TONE_NGA	noʔ↗j	nˈoʔ↗j	1	0	1
gỗ	1467	TONE_NGA	ɣoʔ↗	ɣˈoʔ↗	1	0	1
thước	1465	TONE_SAC	θɨə↗k	θˈyə↗c	1	0	1
diệt	1464	TONE_NANG	ziəʔ↓t	zˈiɛʔ↓t	1	0	1
đãi	1461	TONE_NGA	daːʔ↗j	dˈaːʔ↗j	1	0	1
dược	1458	TONE_NANG	zɨəʔ↓k	zˈyəʔ↓c	1	0	1
hiếm	1456	TONE_SAC	hiə↗m	hˈiɛ↗m	1	0	1
hằng	1456	TONE_HUYEN	ha↘ŋ	hˈa↘ŋ	1	0	1
bến	1454	TONE_SAC	be↗n	bˈe↗n	1	0	1
tổn	1443	TONE_HOI	to↓n	tˈo↓n	1	0	1
điệu	1442	TONE_NANG	diəʔ↓w	dˈiɛʔ↓w	1	0	1
trúng	1442	TONE_SAC	ʈʂu↗ŋ	ʈʂˈu↗ŋ	1	0	1
đạn	1440	TONE_NANG	daːʔ↓n	dˈaːʔ↓n	1	0	1
ngàn	1437	TONE_HUYEN	ŋaː↘n	ŋˈaː↘n	1	0	1
cổng	1435	TONE_HOI	ko↓ŋ	kˈo↓ŋ	1	0	1
sổ	1429	TONE_HOI	ʂo↓	ʂˈo↓	1	0	1
vết	1424	TONE_SAC	ve↗t	vˈe↗t	1	0	1
mát	1423	TONE_SAC	maː↗t	mˈaː↗t	1	0	1
thiểu	1422	TONE_HOI	θiə↓w	θˈiɛ↓w	1	0	1
nhượng	1419	TONE_NANG	ɲɨəʔ↓ŋ	ɲˈyəʔ↓ŋ	1	0	1
giọng	1419	TONE_NANG	ʝɔʔ↓ŋ	ʝˈɔʔ↓ŋ	1	0	1
gòn	1415	TONE_HUYEN	ɣɔ↘n	ɣˈɔ↘n	1	0	1
dị	1414	TONE_NANG	ziʔ↓	zˈiʔ↓	1	0	1
cột	1406	TONE_NANG	koʔ↓t	kˈoʔ↓t	1	0	1
hả	1399	TONE_HOI	haː↓	hˈaː↓	1	0	1
khích	1398	TONE_SAC	xi↗k	xˈi↗c	1	0	1
trào	1397	TONE_HUYEN	ʈʂaː↘w	ʈʂˈaː↘w	1	0	1
vỡ	1395	TONE_NGA	vəːʔ↗	vˈəːʔ↗	1	0	1
chối	1390	TONE_SAC	co↗j	ʧˈo↗j	1	0	1
lính	1389	TONE_SAC	li↗ɲ	lˈi↗ɲ	1	0	1
hiển	1379	TONE_HOI	hiə↓n	hˈiɛ↓n	1	0	1
trứng	1376	TONE_SAC	ʈʂɨ↗ŋ	ʈʂˈy↗ŋ	1	0	1
mùi	1376	TONE_HUYEN	mu↘j	mˈu↘j	1	0	1
ẩm	1375	TONE_HOI	ə↓m	ˈə↓m	1	0	1
chục	1370	TONE_NANG	cuʔ↓k	ʧˈuʔ↓c	1	0	1
truyện	1364	TONE_NANG	ʈʂiəʔ↓n	ʈʂwˈiɛʔ↓n	1	0	1
trốn	1364	TONE_SAC	ʈʂo↗n	ʈʂˈo↗n	1	0	1
tàng	1361	TONE_HUYEN	taː↘ŋ	tˈaː↘ŋ	1	0	1
lộc	1360	TONE_NANG	loʔ↓k	lˈoʔ↓k	1	0	1
hảo	1360	TONE_HOI	haː↓w	hˈaː↓w	1	0	1
cài	1360	TONE_HUYEN	kaː↘j	kˈaː↘j	1	0	1
miệng	1356	TONE_NANG	miəʔ↓ŋ	mˈiɛʔ↓ŋ	1	0	1
thép	1355	TONE_SAC	θɛ↗p	θˈɛ↗p	1	0	1
thánh	1355	TONE_SAC	θaː↗ɲ	θˈæ↗ɲ	1	0	1
ép	1355	TONE_SAC	ɛ↗p	ˈɛ↗p	1	0	1
nhắn	1353	TONE_SAC	ɲa↗n	ɲˈa↗n	1	0	1
bếp	1351	TONE_SAC	be↗p	bˈe↗p	1	0	1
tỏa	1351	TONE_HOI	twaː↓	twˈaː↓	1	0	1
đồn	1350	TONE_HUYEN	do↘n	dˈo↘n	1	0	1
lắp	1340	TONE_SAC	la↗p	lˈa↗p	1	0	1
thoải	1333	TONE_HOI	θwaː↓j	θwˈaː↓j	1	0	1
dàn	1332	TONE_HUYEN	zaː↘n	zˈaː↘n	1	0	1
nấu	1321	TONE_SAC	nə↗w	nˈə↗w	1	0	1
bồi	1321	TONE_HUYEN	bo↘j	bˈo↘j	1	0	1
ạ	1320	TONE_NANG	aːʔ↓	ˈaːʔ↓	1	0	1
sắm	1319	TONE_SAC	ʂa↗m	ʂˈa↗m	1	0	1
trạm	1316	TONE_NANG	ʈʂaːʔ↓m	ʈʂˈaːʔ↓m	1	0	1
sáu	1312	TONE_SAC	ʂa↗w	ʂˈa↗w	1	0	1
tụ	1311	TONE_NANG	tuʔ↓	tˈuʔ↓	1	0	1
đền	1303	TONE_HUYEN	de↘n	dˈe↘n	1	0	1
não	1299	TONE_NGA	naːʔ↗w	nˈaːʔ↗w	1	0	1
đốt	1298	TONE_SAC	do↗t	dˈo↗t	1	0	1
huống	1296	TONE_SAC	huə↗ŋ	hˈuə↗ŋ	1	0	1
bụng	1293	TONE_NANG	buʔ↓ŋ	bˈuʔ↓ŋ	1	0	1
huế	1291	TONE_SAC	hwe↗	hwˈe↗	1	0	1
lọc	1289	TONE_NANG	lɔʔ↓k	lˈɔʔ↓k	1	0	1
tháp	1289	TONE_SAC	θaː↗p	θˈaː↗p	1	0	1
thọ	1289	TONE_NANG	θɔʔ↓	θˈɔʔ↓	1	0	1
chốt	1281	TONE_SAC	co↗t	ʧˈo↗t	1	0	1
rác	1279	TONE_SAC	ʒaː↗k	ɹˈaː↗c	1	0	1
lầm	1278	TONE_HUYEN	lə↘m	lˈə↘m	1	0	1
vẽ	1268	TONE_NGA	vɛʔ↗	vˈɛʔ↗	1	0	1
thảm	1263	TONE_HOI	θaː↓m	θˈaː↓m	1	0	1
thở	1258	TONE_HOI	θəː↓	θˈəː↓	1	0	1
mực	1255	TONE_NANG	mɨʔ↓k	mˈyʔ↓c	1	0	1
tiếc	1250	TONE_SAC	tiə↗k	tˈiɛ↗c	1	0	1
tháo	1243	TONE_SAC	θaː↗w	θˈaː↗w	1	0	1
phấn	1241	TONE_SAC	fə↗n	fˈə↗n	1	0	1
vỏ	1240	TONE_HOI	vɔ↓	vˈɔ↓	1	0	1
tá	1239	TONE_SAC	taː↗	tˈaː↗	1	0	1
bề	1237	TONE_HUYEN	be↘	bˈe↘	1	0	1
ngựa	1236	TONE_NANG	ŋɨəʔ↓	ŋˈyəʔ↓	1	0	1
bồ	1236	TONE_HUYEN	bo↘	bˈo↘	1	0	1
rửa	1229	TONE_HOI	ʒɨə↓	ɹˈyə↓	1	0	1
vĩ	1228	TONE_NGA	viʔ↗	vˈiʔ↗	1	0	1
cản	1222	TONE_HOI	kaː↓n	kˈaː↓n	1	0	1
béo	1220	TONE_SAC	bɛ↗w	bˈɛ↗w	1	0	1
chở	1220	TONE_HOI	cəː↓	ʧˈəː↓	1	0	1
phỏng	1211	TONE_HOI	fɔ↓ŋ	fˈɔ↓ŋ	1	0	1
lũ	1208	TONE_NGA	luʔ↗	lˈuʔ↗	1	0	1
sỹ	1207	TONE_NGA	ʂiʔ↗	ʂˈiʔ↗	1	0	1
tốn	1207	TONE_SAC	to↗n	tˈo↗n	1	0	1
phái	1206	TONE_SAC	faː↗j	fˈaː↗j	1	0	1
ngưỡng	1206	TONE_NGA	ŋɨəʔ↗ŋ	ŋˈyəʔ↗ŋ	1	0	1
mốc	1205	TONE_SAC	mo↗k	mˈo↗k	1	0	1
bột	1201	TONE_NANG	boʔ↓t	bˈoʔ↓t	1	0	1
nút	1200	TONE_SAC	nu↗t	nˈu↗t	1	0	1
liều	1198	TONE_HUYEN	liə↘w	lˈiɛ↘w	1	0	1
lào	1193	TONE_HUYEN	laː↘w	lˈaː↘w	1	0	1
bùng	1188	TONE_HUYEN	bu↘ŋ	bˈu↘ŋ	1	0	1
tròn	1185	TONE_HUYEN	ʈʂɔ↘n	ʈʂˈɔ↘n	1	0	1
viễn	1181	TONE_NGA	viəʔ↗n	vˈiɛʔ↗n	1	0	1
chuột	1180	TONE_NANG	cuəʔ↓t	ʧˈuəʔ↓t	1	0	1
gợi	1178	TONE_NANG	ɣəːʔ↓j	ɣˈəːʔ↓j	1	0	1
tắm	1176	TONE_SAC	ta↗m	tˈa↗m	1	0	1
tiệc	1175	TONE_NANG	tiəʔ↓k	tˈiɛʔ↓c	1	0	1
váy	1174	TONE_SAC	va↗j	vˈa↗j	1	0	1
trống	1167	TONE_SAC	ʈʂo↗ŋ	ʈʂˈo↗ŋ	1	0	1
nhỉ	1166	TONE_HOI	ɲi↓	ɲˈi↓	1	0	1
kín	1165	TONE_SAC	ki↗n	kˈi↗n	1	0	1
dám	1165	TONE_SAC	zaː↗m	zˈaː↗m	1	0	1
giấc	1163	TONE_SAC	ʝə↗k	ʝˈə↗c	1	0	1
sút	1161	TONE_SAC	ʂu↗t	ʂˈu↗t	1	0	1
xứng	1161	TONE_SAC	sɨ↗ŋ	sˈy↗ŋ	1	0	1
úc	1160	TONE_SAC	u↗k	ˈu↗c	1	0	1
lão	1157	TONE_NGA	laːʔ↗w	lˈaːʔ↗w	1	0	1
thả	1152	TONE_HOI	θaː↓	θˈaː↓	1	0	1
rủi	1151	TONE_HOI	ʒu↓j	ɹˈu↓j	1	0	1
tách	1151	TONE_SAC	ta↗k	tˈæ↗c	1	0	1
mảnh	1148	TONE_HOI	maː↓ɲ	mˈæ↓ɲ	1	0	1
lừa	1145	TONE_HUYEN	lɨə↘	lˈyə↘	1	0	1
túc	1140	TONE_SAC	tu↗k	tˈu↗c	1	0	1
hồn	1137	TONE_HUYEN	ho↘n	hˈo↘n	1	0	1
giày	1130	TONE_HUYEN	ʝa↘j	ʝˈa↘j	1	0	1
gạo	1129	TONE_NANG	ɣaːʔ↓w	ɣˈaːʔ↓w	1	0	1
gọn	1129	TONE_NANG	ɣɔʔ↓n	ɣˈɔʔ↓n	1	0	1
tùng	1127	TONE_HUYEN	tu↘ŋ	tˈu↘ŋ	1	0	1
ngập	1121	TONE_NANG	ŋəʔ↓p	ŋˈəʔ↓p	1	0	1
cãi	1119	TONE_NGA	kaːʔ↗j	kˈaːʔ↗j	1	0	1
hỏa	1119	TONE_HOI	hwaː↓	hwˈaː↓	1	0	1
đậm	1117	TONE_NANG	dəʔ↓m	dˈəʔ↓m	1	0	1
điệp	1117	TONE_NANG	diəʔ↓p	dˈiɛʔ↓p	1	0	1
lãng	1116	TONE_NGA	laːʔ↗ŋ	lˈaːʔ↗ŋ	1	0	1
đập	1112	TONE_NANG	dəʔ↓p	dˈəʔ↓p	1	0	1
nhãn	1111	TONE_NGA	ɲaːʔ↗n	ɲˈaːʔ↗n	1	0	1
khóc	1108	TONE_SAC	xɔ↗k	xˈɔ↗k	1	0	1
thùng	1104	TONE_HUYEN	θu↘ŋ	θˈu↘ŋ	1	0	1
ảo	1103	TONE_HOI	aː↓w	ˈaː↓w	1	0	1
dọa	1099	TONE_NANG	zwaːʔ↓	zˈoaːʔ↓	1	0	1
tứ	1098	TONE_SAC	tɨ↗	tˈy↗	1	0	1
trầm	1094	TONE_HUYEN	ʈʂə↘m	ʈʂˈə↘m	1	0	1
hoảng	1093	TONE_HOI	hwaː↓ŋ	hwˈaː↓ŋ	1	0	1
dọc	1093	TONE_NANG	zɔʔ↓k	zˈɔʔ↓k	1	0	1
đắt	1090	TONE_SAC	da↗t	dˈa↗t	1	0	1
trục	1083	TONE_NANG	ʈʂuʔ↓k	ʈʂˈuʔ↓c	1	0	1
bó	1080	TONE_SAC	bɔ↗	bˈɔ↗	1	0	1
đoạt	1077	TONE_NANG	dwaːʔ↓t	dwˈaːʔ↓t	1	0	1
nhánh	1076	TONE_SAC	ɲaː↗ɲ	ɲˈæ↗ɲ	1	0	1
chín	1075	TONE_SAC	ci↗n	ʧˈi↗n	1	0	1
mỏ	1069	TONE_HOI	mɔ↓	mˈɔ↓	1	0	1
sót	1068	TONE_SAC	ʂɔ↗t	ʂˈɔ↗t	1	0	1
ngoái	1067	TONE_SAC	ŋwaː↗j	ŋwˈaː↗j	1	0	1
cốt	1067	TONE_SAC	ko↗t	kˈo↗t	1	0	1
nhịp	1065	TONE_NANG	ɲiʔ↓p	ɲˈiʔ↓p	1	0	1
mười	1065	TONE_HUYEN	mɨə↘j	mˈyə↘j	1	0	1
khuẩn	1064	TONE_HOI	xwə↓n	xwˈə↓n	1	0	1
dường	1063	TONE_HUYEN	zɨə↘ŋ	zˈyə↘ŋ	1	0	1
bảy	1062	TONE_HOI	ba↓j	bˈa↓j	1	0	1
khổng	1062	TONE_HOI	xo↓ŋ	xˈo↓ŋ	1	0	1
chừng	1061	TONE_HUYEN	cɨ↘ŋ	ʧˈy↘ŋ	1	0	1
khẩn	1061	TONE_HOI	xə↓n	xˈə↓n	1	0	1
ngầm	1060	TONE_HUYEN	ŋə↘m	ŋˈə↘m	1	0	1
ngã	1060	TONE_NGA	ŋaːʔ↗	ŋˈaːʔ↗	1	0	1
quái	1055	TONE_SAC	kwaː↗j	kwˈaː↗j	1	0	1
táo	1053	TONE_SAC	taː↗w	tˈaː↗w	1	0	1
cụm	1049	TONE_NANG	kuʔ↓m	kˈuʔ↓m	1	0	1
thụy	1047	TONE_NANG	θuʔ↓j	θwˈiʔ↓	1	0	1
cướp	1046	TONE_SAC	kɨə↗p	kˈyə↗p	1	0	1
cỏ	1044	TONE_HOI	kɔ↓	kˈɔ↓	1	0	1
chùa	1042	TONE_HUYEN	cuə↘	ʧˈuə↘	1	0	1
bạo	1038	TONE_NANG	baːʔ↓w	bˈaːʔ↓w	1	0	1
mệt	1036	TONE_NANG	meʔ↓t	mˈeʔ↓t	1	0	1
xóa	1031	TONE_SAC	swaː↗	swˈaː↗	1	0	1
thuần	1027	TONE_HUYEN	θwə↘n	θwˈə↘n	1	0	1
gã	1021	TONE_NGA	ɣaːʔ↗	ɣˈaːʔ↗	1	0	1
hỏng	1018	TONE_HOI	hɔ↓ŋ	hˈɔ↓ŋ	1	0	1
cỡ	1017	TONE_NGA	kəːʔ↗	kˈəːʔ↗	1	0	1
thự	1017	TONE_NANG	θɨʔ↓	θˈyʔ↓	1	0	1
mãn	1017	TONE_NGA	maːʔ↗n	mˈaːʔ↗n	1	0	1
hoà	1012	TONE_HUYEN	hwaː↘	hwˈaː↘	1	0	1
hầm	1009	TONE_HUYEN	hə↘m	hˈə↘m	1	0	1
dính	1007	TONE_SAC	zi↗ɲ	zˈi↗ɲ	1	0	1
ruột	1005	TONE_NANG	ʒuəʔ↓t	ɹˈuəʔ↓t	1	0	1
tú	1003	TONE_SAC	tu↗	tˈu↗	1	0	1
bùi	1002	TONE_HUYEN	bu↘j	bˈu↘j	1	0	1
dắt	999	TONE_SAC	za↗t	zˈa↗t	1	0	1
mét	996	TONE_SAC	mɛ↗t	mˈɛ↗t	1	0	1
tràn	994	TONE_HUYEN	ʈʂaː↘n	ʈʂˈaː↘n	1	0	1
sánh	993	TONE_SAC	ʂaː↗ɲ	ʂˈæ↗ɲ	1	0	1
lãm	993	TONE_NGA	laːʔ↗m	lˈaːʔ↗m	1	0	1
lồ	988	TONE_HUYEN	lo↘	lˈo↘	1	0	1
nhĩ	987	TONE_NGA	ɲiʔ↗	ɲˈiʔ↗	1	0	1
tàn	985	TONE_HUYEN	taː↘n	tˈaː↘n	1	0	1
vắc	984	TONE_SAC	va↗k	vˈa↗c	1	0	1
trọn	982	TONE_NANG	ʈʂɔʔ↓n	ʈʂˈɔʔ↓n	1	0	1
phẫu	977	TONE_NGA	fəʔ↗w	fˈəʔ↗w	1	0	1
cẩn	973	TONE_HOI	kə↓n	kˈə↓n	1	0	1
ác	971	TONE_SAC	aː↗k	ˈaː↗c	1	0	1
tựa	967	TONE_NANG	tɨəʔ↓	tˈyəʔ↓	1	0	1
dạ	965	TONE_NANG	zaːʔ↓	zˈaːʔ↓	1	0	1
thói	964	TONE_SAC	θɔ↗j	θˈɔ↗j	1	0	1
thịnh	963	TONE_NANG	θiʔ↓ɲ	θˈiʔ↓ɲ	1	0	1
hiếu	962	TONE_SAC	hiə↗w	hˈiɛ↗w	1	0	1
phước	959	TONE_SAC	fɨə↗k	fˈyə↗c	1	0	1
ngừa	956	TONE_HUYEN	ŋɨə↘	ŋˈyə↘	1	0	1
giận	955	TONE_NANG	ʝəʔ↓n	ʝˈəʔ↓n	1	0	1
bổng	953	TONE_HOI	bo↓ŋ	bˈo↓ŋ	1	0	1
miếng	952	TONE_SAC	miə↗ŋ	mˈiɛ↗ŋ	1	0	1
khoác	944	TONE_SAC	xwaː↗k	xwˈaː↗c	1	0	1
củ	944	TONE_HOI	ku↓	kˈu↓	1	0	1
thạch	943	TONE_NANG	θaʔ↓k	θˈæʔ↓c	1	0	1
trộm	943	TONE_NANG	ʈʂoʔ↓m	ʈʂˈoʔ↓m	1	0	1
lặng	941	TONE_NANG	laʔ↓ŋ	lˈaʔ↓ŋ	1	0	1
rào	940	TONE_HUYEN	ʒaː↘w	ɹˈaː↘w	1	0	1
điền	938	TONE_HUYEN	diə↘n	dˈiɛ↘n	1	0	1
vạn	938	TONE_NANG	vaːʔ↓n	vˈaːʔ↓n	1	0	1
mạo	935	TONE_NANG	maːʔ↓w	mˈaːʔ↓w	1	0	1
hiền	934	TONE_HUYEN	hiə↘n	hˈiɛ↘n	1	0	1
mèo	928	TONE_HUYEN	mɛ↘w	mˈɛ↘w	1	0	1
tủ	926	TONE_HOI	tu↓	tˈu↓	1	0	1
nhựa	925	TONE_NANG	ɲɨəʔ↓	ɲˈyəʔ↓	1	0	1
hổ	922	TONE_HOI	ho↓	hˈo↓	1	0	1
hoài	911	TONE_HUYEN	hwaː↘j	hwˈaː↘j	1	0	1
bù	910	TONE_HUYEN	bu↘	bˈu↘	1	0	1
lúa	910	TONE_SAC	luə↗	lˈuə↗	1	0	1
lọt	909	TONE_NANG	lɔʔ↓t	lˈɔʔ↓t	1	0	1
ghép	906	TONE_SAC	ɣɛ↗p	ɣˈɛ↗p	1	0	1
túy	905	TONE_SAC	tu↗j	twˈi↗	1	0	1
rãi	904	TONE_NGA	ʒaːʔ↗j	ɹˈaːʔ↗j	1	0	1
khoảnh	904	TONE_HOI	xwaː↓ɲ	xwˈæ↓ɲ	1	0	1
vướng	903	TONE_SAC	vɨə↗ŋ	vˈyə↗ŋ	1	0	1
ám	899	TONE_SAC	aː↗m	ˈaː↗m	1	0	1
ngạc	896	TONE_NANG	ŋaːʔ↓k	ŋˈaːʔ↓c	1	0	1
cúp	893	TONE_SAC	ku↗p	kˈu↗p	1	0	1
ngọn	892	TONE_NANG	ŋɔʔ↓n	ŋˈɔʔ↓n	1	0	1
nhàng	890	TONE_HUYEN	ɲaː↘ŋ	ɲˈaː↘ŋ	1	0	1
muối	889	TONE_SAC	muə↗j	mˈuə↗j	1	0	1
nghìn	888	TONE_HUYEN	ŋi↘n	ŋˈi↘n	1	0	1
mỡ	885	TONE_NGA	məːʔ↗	mˈəːʔ↗	1	0	1
vải	877	TONE_HOI	vaː↓j	vˈaː↓j	1	0	1
cất	876	TONE_SAC	kə↗t	kˈə↗t	1	0	1
quỷ	876	TONE_HOI	kwi↓	kwˈi↓	1	0	1
quỳnh	874	TONE_HUYEN	kwi↘ɲ	kwˈi↘ɲ	1	0	1
khớp	869	TONE_SAC	xəː↗p	xˈəː↗p	1	0	1
đặng	866	TONE_NANG	daʔ↓ŋ	dˈaʔ↓ŋ	1	0	1
ái	865	TONE_SAC	aː↗j	ˈaː↗j	1	0	1
lò	863	TONE_HUYEN	lɔ↘	lˈɔ↘	1	0	1
bớt	860	TONE_SAC	bəː↗t	bˈəː↗t	1	0	1
giật	858	TONE_NANG	ʝəʔ↓t	ʝˈəʔ↓t	1	0	1
huỳnh	856	TONE_HUYEN	hwi↘ɲ	hwˈi↘ɲ	1	0	1
bận	854	TONE_NANG	bəʔ↓n	bˈəʔ↓n	1	0	1
tuyết	854	TONE_SAC	tiə↗t	twˈiɛ↗t	1	0	1
chẽ	853	TONE_NGA	cɛʔ↗	ʧˈɛʔ↗	1	0	1
mỏi	852	TONE_HOI	mɔ↓j	mˈɔ↓j	1	0	1
chuyền	850	TONE_HUYEN	ciə↘n	ʧwˈiɛ↘n	1	0	1
giấu	849	TONE_SAC	ʝə↗w	ʝˈə↗w	1	0	1
khoáng	849	TONE_SAC	xwaː↗ŋ	xwˈaː↗ŋ	1	0	1
mỏng	848	TONE_HOI	mɔ↓ŋ	mˈɔ↓ŋ	1	0	1
tần	848	TONE_HUYEN	tə↘n	tˈə↘n	1	0	1
chả	847	TONE_HOI	caː↓	ʧˈaː↓	1	0	1
mảng	846	TONE_HOI	maː↓ŋ	mˈaː↓ŋ	1	0	1
nhẫn	845	TONE_NGA	ɲəʔ↗n	ɲˈəʔ↗n	1	0	1
muộn	844	TONE_NANG	muəʔ↓n	mˈuəʔ↓n	1	0	1
bát	842	TONE_SAC	baː↗t	bˈaː↗t	1	0	1
giường	837	TONE_HUYEN	ʝɨə↘ŋ	ʝˈyə↘ŋ	1	0	1
ức	835	TONE_SAC	ɨ↗k	ˈy↗c	1	0	1
giãn	833	TONE_NGA	ʝaːʔ↗n	ʝˈaːʔ↗n	1	0	1
tật	832	TONE_NANG	təʔ↓t	tˈəʔ↓t	1	0	1
ốc	828	TONE_SAC	o↗k	ˈo↗k	1	0	1
tước	828	TONE_SAC	tɨə↗k	tˈyə↗c	1	0	1
vắng	826	TONE_SAC	va↗ŋ	vˈa↗ŋ	1	0	1
khứ	825	TONE_SAC	xɨ↗	xˈy↗	1	0	1
lít	821	TONE_SAC	li↗t	lˈi↗t	1	0	1
kiều	820	TONE_HUYEN	kiə↘w	kˈiɛ↘w	1	0	1
lệch	817	TONE_NANG	leʔ↓k	lˈeʔ↓c	1	0	1
hòn	815	TONE_HUYEN	hɔ↘n	hˈɔ↘n	1	0	1
lũy	815	TONE_NGA	luʔ↗j	lwˈiʔ↗	1	0	1
khát	813	TONE_SAC	xaː↗t	xˈaː↗t	1	0	1
cống	813	TONE_SAC	ko↗ŋ	kˈo↗ŋ	1	0	1
bốc	812	TONE_SAC	bo↗k	bˈo↗k	1	0	1
soạn	806	TONE_NANG	ʂwaːʔ↓n	ʂwˈaːʔ↓n	1	0	1
dĩ	805	TONE_NGA	ziʔ↗	zˈiʔ↗	1	0	1
ghét	804	TONE_SAC	ɣɛ↗t	ɣˈɛ↗t	1	0	1
lí	801	TONE_SAC	li↗	lˈi↗	1	0	1
chán	800	TONE_SAC	caː↗n	ʧˈaː↗n	1	0	1
sợi	795	TONE_NANG	ʂəːʔ↓j	ʂˈəːʔ↓j	1	0	1
hỗn	795	TONE_NGA	hoʔ↗n	hˈoʔ↗n	1	0	1
trộn	795	TONE_NANG	ʈʂoʔ↓n	ʈʂˈoʔ↓n	1	0	1
vẹn	794	TONE_NANG	vɛʔ↓n	vˈɛʔ↓n	1	0	1
hò	793	TONE_HUYEN	hɔ↘	hˈɔ↘	1	0	1
xạ	791	TONE_NANG	saːʔ↓	sˈaːʔ↓	1	0	1
ổ	790	TONE_HOI	o↓	ˈo↓	1	0	1
cám	786	TONE_SAC	kaː↗m	kˈaː↗m	1	0	1
bám	786	TONE_SAC	baː↗m	bˈaː↗m	1	0	1
gián	786	TONE_SAC	ʝaː↗n	ʝˈaː↗n	1	0	1
đựng	785	TONE_NANG	dɨʔ↓ŋ	dˈyʔ↓ŋ	1	0	1
rắn	784	TONE_SAC	ʒa↗n	ɹˈa↗n	1	0	1
dọn	779	TONE_NANG	zɔʔ↓n	zˈɔʔ↓n	1	0	1
rồng	776	TONE_HUYEN	ʒo↘ŋ	ɹˈo↘ŋ	1	0	1
đạp	776	TONE_NANG	daːʔ↓p	dˈaːʔ↓p	1	0	1
hối	773	TONE_SAC	ho↗j	hˈo↗j	1	0	1
ngắm	771	TONE_SAC	ŋa↗m	ŋˈa↗m	1	0	1
mì	770	TONE_HUYEN	mi↘	mˈi↘	1	0	1
phật	767	TONE_NANG	fəʔ↓t	fˈəʔ↓t	1	0	1
đẻ	764	TONE_HOI	dɛ↓	dˈɛ↓	1	0	1
móng	763	TONE_SAC	mɔ↗ŋ	mˈɔ↗ŋ	1	0	1
đằng	762	TONE_HUYEN	da↘ŋ	dˈa↘ŋ	1	0	1
tuệ	761	TONE_NANG	tweʔ↓	twˈeʔ↓	1	0	1
xóm	761	TONE_SAC	sɔ↗m	sˈɔ↗m	1	0	1
nồng	760	TONE_HUYEN	no↘ŋ	nˈo↘ŋ	1	0	1
lợn	757	TONE_NANG	ləːʔ↓n	lˈəːʔ↓n	1	0	1
trội	755	TONE_NANG	ʈʂoʔ↓j	ʈʂˈoʔ↓j	1	0	1
vịnh	751	TONE_NANG	viʔ↓ɲ	vˈiʔ↓ɲ	1	0	1
thoái	750	TONE_SAC	θwaː↗j	θwˈaː↗j	1	0	1
tám	749	TONE_SAC	taː↗m	tˈaː↗m	1	0	1
thợ	748	TONE_NANG	θəːʔ↓	θˈəːʔ↓	1	0	1
hẹp	747	TONE_NANG	hɛʔ↓p	hˈɛʔ↓p	1	0	1
rà	745	TONE_HUYEN	ʒaː↘	ɹˈaː↘	1	0	1
nướng	744	TONE_SAC	nɨə↗ŋ	nˈyə↗ŋ	1	0	1
bách	744	TONE_SAC	ba↗k	bˈæ↗c	1	0	1
ném	741	TONE_SAC	nɛ↗m	nˈɛ↗m	1	0	1
nở	741	TONE_HOI	nəː↓	nˈəː↓	1	0	1
mượn	740	TONE_NANG	mɨəʔ↓n	mˈyəʔ↓n	1	0	1
phượng	740	TONE_NANG	fɨəʔ↓ŋ	fˈyəʔ↓ŋ	1	0	1
dối	737	TONE_SAC	zo↗j	zˈo↗j	1	0	1
sốc	735	TONE_SAC	ʂo↗k	ʂˈo↗k	1	0	1
nạp	733	TONE_NANG	naːʔ↓p	nˈaːʔ↓p	1	0	1
ngực	730	TONE_NANG	ŋɨʔ↓k	ŋˈyʔ↓c	1	0	1
vũng	730	TONE_NGA	vuʔ↗ŋ	vˈuʔ↗ŋ	1	0	1
mộc	729	TONE_NANG	moʔ↓k	mˈoʔ↓k	1	0	1
ngợi	728	TONE_NANG	ŋəːʔ↓j	ŋˈəːʔ↓j	1	0	1
mạn	727	TONE_NANG	maːʔ↓n	mˈaːʔ↓n	1	0	1
đói	723	TONE_SAC	dɔ↗j	dˈɔ↗j	1	0	1
nhầm	721	TONE_HUYEN	ɲə↘m	ɲˈə↘m	1	0	1
nhạy	720	TONE_NANG	ɲaʔ↓j	ɲˈaʔ↓j	1	0	1
quyến	718	TONE_SAC	kwiə↗n	kwˈiɛ↗n	1	0	1
thiệp	718	TONE_NANG	θiəʔ↓p	θˈiɛʔ↓p	1	0	1
phím	717	TONE_SAC	fi↗m	fˈi↗m	1	0	1
chặng	715	TONE_NANG	caʔ↓ŋ	ʧˈaʔ↓ŋ	1	0	1
quét	712	TONE_SAC	kwɛ↗t	kwˈɛ↗t	1	0	1
bỉ	711	TONE_HOI	bi↓	bˈi↓	1	0	1
kiệt	710	TONE_NANG	kiəʔ↓t	kˈiɛʔ↓t	1	0	1
trừng	710	TONE_HUYEN	ʈʂɨ↘ŋ	ʈʂˈy↘ŋ	1	0	1
bút	710	TONE_SAC	bu↗t	bˈu↗t	1	0	1
ngộ	709	TONE_NANG	ŋoʔ↓	ŋˈoʔ↓	1	0	1
tọa	709	TONE_NANG	twaːʔ↓	tˈoaːʔ↓	1	0	1
mù	709	TONE_HUYEN	mu↘	mˈu↘	1	0	1
chìm	704	TONE_HUYEN	ci↘m	ʧˈi↘m	1	0	1
đồi	704	TONE_HUYEN	do↘j	dˈo↘j	1	0	1
đầm	704	TONE_HUYEN	də↘m	dˈə↘m	1	0	1
cắm	698	TONE_SAC	ka↗m	kˈa↗m	1	0	1
bụi	695	TONE_NANG	buʔ↓j	bˈuʔ↓j	1	0	1
khái	695	TONE_SAC	xaː↗j	xˈaː↗j	1	0	1
cốc	694	TONE_SAC	ko↗k	kˈo↗k	1	0	1
tráng	694	TONE_SAC	ʈʂaː↗ŋ	ʈʂˈaː↗ŋ	1	0	1
nấm	692	TONE_SAC	nə↗m	nˈə↗m	1	0	1
móc	691	TONE_SAC	mɔ↗k	mˈɔ↗k	1	0	1
dã	690	TONE_NGA	zaːʔ↗	zˈaːʔ↗	1	0	1
màng	689	TONE_HUYEN	maː↘ŋ	mˈaː↘ŋ	1	0	1
thắt	689	TONE_SAC	θa↗t	θˈa↗t	1	0	1
mầm	688	TONE_HUYEN	mə↘m	mˈə↘m	1	0	1
lỏng	687	TONE_HOI	lɔ↓ŋ	lˈɔ↓ŋ	1	0	1
uỷ	684	TONE_HOI	u↓j	wˈi↓	1	0	1
chánh	683	TONE_SAC	caː↗ɲ	ʧˈæ↗ɲ	1	0	1
ngự	679	TONE_NANG	ŋɨʔ↓	ŋˈyʔ↓	1	0	1
nhắm	678	TONE_SAC	ɲa↗m	ɲˈa↗m	1	0	1
nề	675	TONE_HUYEN	ne↘	nˈe↘	1	0	1
rũ	674	TONE_NGA	ʒuʔ↗	ɹˈuʔ↗	1	0	1
mộng	670	TONE_NANG	moʔ↓ŋ	mˈoʔ↓ŋ	1	0	1
đùa	667	TONE_HUYEN	duə↘	dˈuə↘	1	0	1
củng	667	TONE_HOI	ku↓ŋ	kˈu↓ŋ	1	0	1
đới	666	TONE_SAC	dəː↗j	dˈəː↗j	1	0	1
đáy	664	TONE_SAC	da↗j	dˈa↗j	1	0	1
khuyết	663	TONE_SAC	xiə↗t	xwˈiɛ↗t	1	0	1
mến	663	TONE_SAC	me↗n	mˈe↗n	1	0	1
mọc	663	TONE_NANG	mɔʔ↓k	mˈɔʔ↓k	1	0	1
dãy	662	TONE_NGA	zaʔ↗j	zˈaʔ↗j	1	0	1
quyển	661	TONE_HOI	kwiə↓n	kwˈiɛ↓n	1	0	1
lỡ	659	TONE_NGA	ləːʔ↗	lˈəːʔ↗	1	0	1
tống	659	TONE_SAC	to↗ŋ	tˈo↗ŋ	1	0	1
thuẫn	657	TONE_NGA	θwəʔ↗n	θwˈəʔ↗n	1	0	1
nhì	656	TONE_HUYEN	ɲi↘	ɲˈi↘	1	0	1
đắc	656	TONE_SAC	da↗k	dˈa↗c	1	0	1
dạo	655	TONE_NANG	zaːʔ↓w	zˈaːʔ↓w	1	0	1
giáng	653	TONE_SAC	ʝaː↗ŋ	ʝˈaː↗ŋ	1	0	1
lứa	653	TONE_SAC	lɨə↗	lˈyə↗	1	0	1
rỡ	650	TONE_NGA	ʒəːʔ↗	ɹˈəːʔ↗	1	0	1
vả	650	TONE_HOI	vaː↓	vˈaː↓	1	0	1
trịnh	650	TONE_NANG	ʈʂiʔ↓ɲ	ʈʂˈiʔ↓ɲ	1	0	1
lạp	649	TONE_NANG	laːʔ↓p	lˈaːʔ↓p	1	0	1
kĩ	646	TONE_NGA	kiʔ↗	kˈiʔ↗	1	0	1
rập	645	TONE_NANG	ʒəʔ↓p	ɹˈəʔ↓p	1	0	1
rắc	644	TONE_SAC	ʒa↗k	ɹˈa↗c	1	0	1
đệ	644	TONE_NANG	deʔ↓	dˈeʔ↓	1	0	1
xế	642	TONE_SAC	se↗	sˈe↗	1	0	1
dán	642	TONE_SAC	zaː↗n	zˈaː↗n	1	0	1
trượt	642	TONE_NANG	ʈʂɨəʔ↓t	ʈʂˈyəʔ↓t	1	0	1
dốc	641	TONE_SAC	zo↗k	zˈo↗k	1	0	1
cẩm	637	TONE_HOI	kə↓m	kˈə↓m	1	0	1
cắp	635	TONE_SAC	ka↗p	kˈa↗p	1	0	1
cước	635	TONE_SAC	kɨə↗k	kˈyə↗c	1	0	1
tụi	633	TONE_NANG	tuʔ↓j	tˈuʔ↓j	1	0	1
bọc	632	TONE_NANG	bɔʔ↓k	bˈɔʔ↓k	1	0	1
lõi	631	TONE_NGA	lɔʔ↗j	lˈɔʔ↗j	1	0	1
giặt	630	TONE_NANG	ʝaʔ↓t	ʝˈaʔ↓t	1	0	1
rực	629	TONE_NANG	ʒɨʔ↓k	ɹˈyʔ↓c	1	0	1
gánh	627	TONE_SAC	ɣaː↗ɲ	ɣˈæ↗ɲ	1	0	1
chép	627	TONE_SAC	cɛ↗p	ʧˈɛ↗p	1	0	1
yết	626	TONE_SAC	iə↗t	ˈiɛ↗t	1	0	1
ngạch	624	TONE_NANG	ŋaʔ↓k	ŋˈæʔ↓c	1	0	1
út	623	TONE_SAC	u↗t	ˈu↗t	1	0	1
phiền	623	TONE_HUYEN	fiə↘n	fˈiɛ↘n	1	0	1
hán	622	TONE_SAC	haː↗n	hˈaː↗n	1	0	1
ròng	621	TONE_HUYEN	ʒɔ↘ŋ	ɹˈɔ↘ŋ	1	0	1
ả	620	TONE_HOI	aː↓	ˈaː↓	1	0	1
cáp	619	TONE_SAC	kaː↗p	kˈaː↗p	1	0	1
lùi	618	TONE_HUYEN	lu↘j	lˈu↘j	1	0	1
trật	617	TONE_NANG	ʈʂəʔ↓t	ʈʂˈəʔ↓t	1	0	1
sếp	614	TONE_SAC	ʂe↗p	ʂˈe↗p	1	0	1
hụt	613	TONE_NANG	huʔ↓t	hˈuʔ↓t	1	0	1
nhạt	613	TONE_NANG	ɲaːʔ↓t	ɲˈaːʔ↓t	1	0	1
yến	613	TONE_SAC	iə↗n	ˈiɛ↗n	1	0	1
xưởng	613	TONE_HOI	sɨə↓ŋ	sˈyə↓ŋ	1	0	1
khép	612	TONE_SAC	xɛ↗p	xˈɛ↗p	1	0	1
tiễn	609	TONE_NGA	tiəʔ↗n	tˈiɛʔ↗n	1	0	1
triệt	603	TONE_NANG	ʈʂiəʔ↓t	ʈʂˈiɛʔ↓t	1	0	1
lồng	600	TONE_HUYEN	lo↘ŋ	lˈo↘ŋ	1	0	1
bội	598	TONE_NANG	boʔ↓j	bˈoʔ↓j	1	0	1
thoáng	598	TONE_SAC	θwaː↗ŋ	θwˈaː↗ŋ	1	0	1
mờ	595	TONE_HUYEN	məː↘	mˈəː↘	1	0	1
vở	595	TONE_HOI	vəː↓	vˈəː↓	1	0	1
bón	594	TONE_SAC	bɔ↗n	bˈɔ↗n	1	0	1
cậy	594	TONE_NANG	kəʔ↓j	kˈəɪʔ↓	1	0	1
tẩy	594	TONE_HOI	tə↓j	tˈəɪ↓	1	0	1
ngãi	592	TONE_NGA	ŋaːʔ↗j	ŋˈaːʔ↗j	1	0	1
khéo	592	TONE_SAC	xɛ↗w	xˈɛ↗w	1	0	1
thám	591	TONE_SAC	θaː↗m	θˈaː↗m	1	0	1
sạc	588	TONE_NANG	ʂaːʔ↓k	ʂˈaːʔ↓c	1	0	1
dặm	585	TONE_NANG	zaʔ↓m	zˈaʔ↓m	1	0	1
đống	585	TONE_SAC	do↗ŋ	dˈo↗ŋ	1	0	1
vội	583	TONE_NANG	voʔ↓j	vˈoʔ↓j	1	0	1
gối	582	TONE_SAC	ɣo↗j	ɣˈo↗j	1	0	1
mũ	579	TONE_NGA	muʔ↗	mˈuʔ↗	1	0	1
lạt	579	TONE_NANG	laːʔ↓t	lˈaːʔ↓t	1	0	1
mụn	574	TONE_NANG	muʔ↓n	mˈuʔ↓n	1	0	1
ngón	573	TONE_SAC	ŋɔ↗n	ŋˈɔ↗n	1	0	1
khỉ	572	TONE_HOI	xi↓	xˈi↓	1	0	1
vất	572	TONE_SAC	və↗t	vˈə↗t	1	0	1
dệt	571	TONE_NANG	zeʔ↓t	zˈeʔ↓t	1	0	1
cự	570	TONE_NANG	kɨʔ↓	kˈyʔ↓	1	0	1
ghé	569	TONE_SAC	ɣɛ↗	ɣˈɛ↗	1	0	1
ổng	567	TONE_HOI	o↓ŋ	ˈo↓ŋ	1	0	1
khiếu	565	TONE_SAC	xiə↗w	xˈiɛ↗w	1	0	1
dò	563	TONE_HUYEN	zɔ↘	zˈɔ↘	1	0	1
đắp	563	TONE_SAC	da↗p	dˈa↗p	1	0	1
bấm	561	TONE_SAC	bə↗m	bˈə↗m	1	0	1
xả	560	TONE_HOI	saː↓	sˈaː↓	1	0	1
lặp	560	TONE_NANG	laʔ↓p	lˈaʔ↓p	1	0	1
thùy	559	TONE_HUYEN	θu↘j	θwˈi↘	1	0	1
khốn	558	TONE_SAC	xo↗n	xˈo↗n	1	0	1
sáp	556	TONE_SAC	ʂaː↗p	ʂˈaː↗p	1	0	1
xách	556	TONE_SAC	sa↗k	sˈæ↗c	1	0	1
dải	555	TONE_HOI	zaː↓j	zˈaː↓j	1	0	1
tóm	554	TONE_SAC	tɔ↗m	tˈɔ↗m	1	0	1
thuỷ	553	TONE_HOI	θu↓j	θwˈi↓	1	0	1
dồn	553	TONE_HUYEN	zo↘n	zˈo↘n	1	0	1
phổi	552	TONE_HOI	fo↓j	fˈo↓j	1	0	1
tràng	552	TONE_HUYEN	ʈʂaː↘ŋ	ʈʂˈaː↘ŋ	1	0	1
lấp	551	TONE_SAC	lə↗p	lˈə↗p	1	0	1
khói	551	TONE_SAC	xɔ↗j	xˈɔ↗j	1	0	1
đòn	547	TONE_HUYEN	dɔ↘n	dˈɔ↘n	1	0	1
tím	547	TONE_SAC	ti↗m	tˈi↗m	1	0	1
diệu	545	TONE_NANG	ziəʔ↓w	zˈiɛʔ↓w	1	0	1
rèn	543	TONE_HUYEN	ʒɛ↘n	ɹˈɛ↘n	1	0	1
quãng	540	TONE_NGA	kwaːʔ↗ŋ	kwˈaːʔ↗ŋ	1	0	1
gạch	539	TONE_NANG	ɣaʔ↓k	ɣˈæʔ↓c	1	0	1
mẻ	537	TONE_HOI	mɛ↓	mˈɛ↓	1	0	1
dịu	536	TONE_NANG	ziʔ↓w	zˈiʔ↓w	1	0	1
tồi	533	TONE_HUYEN	to↘j	tˈo↘j	1	0	1
ngào	533	TONE_HUYEN	ŋaː↘w	ŋˈaː↘w	1	0	1
bể	533	TONE_HOI	be↓	bˈe↓	1	0	1
hoãn	532	TONE_NGA	hwaːʔ↗n	hwˈaːʔ↗n	1	0	1
chẩn	531	TONE_HOI	cə↓n	ʧˈə↓n	1	0	1
triết	529	TONE_SAC	ʈʂiə↗t	ʈʂˈiɛ↗t	1	0	1
bỏng	529	TONE_HOI	bɔ↓ŋ	bˈɔ↓ŋ	1	0	1
thổi	528	TONE_HOI	θo↓j	θˈo↓j	1	0	1
sụt	527	TONE_NANG	ʂuʔ↓t	ʂˈuʔ↓t	1	0	1
rạp	527	TONE_NANG	ʒaːʔ↓p	ɹˈaːʔ↓p	1	0	1
rạng	526	TONE_NANG	ʒaːʔ↓ŋ	ɹˈaːʔ↓ŋ	1	0	1
suối	525	TONE_SAC	ʂuə↗j	ʂˈuə↗j	1	0	1
khoá	525	TONE_SAC	xwaː↗	xwˈaː↗	1	0	1
chìa	520	TONE_HUYEN	ciə↘	ʧˈiə↘	1	0	1
vành	519	TONE_HUYEN	vaː↘ɲ	vˈæ↘ɲ	1	0	1
tiệm	517	TONE_NANG	tiəʔ↓m	tˈiɛʔ↓m	1	0	1
đắk	517	TONE_SAC	da↗k	dˈa↗c	1	0	1
lộn	517	TONE_NANG	loʔ↓n	lˈoʔ↓n	1	0	1
bế	516	TONE_SAC	be↗	bˈe↗	1	0	1
thắc	515	TONE_SAC	θa↗k	θˈa↗c	1	0	1
nát	514	TONE_SAC	naː↗t	nˈaː↗t	1	0	1
múa	514	TONE_SAC	muə↗	mˈuə↗	1	0	1
đứt	514	TONE_SAC	dɨ↗t	dˈy↗t	1	0	1
trễ	513	TONE_NGA	ʈʂeʔ↗	ʈʂˈeʔ↗	1	0	1
bẩn	513	TONE_HOI	bə↓n	bˈə↓n	1	0	1
vợt	511	TONE_NANG	vəːʔ↓t	vˈəːʔ↓t	1	0	1
đính	510	TONE_SAC	di↗ɲ	dˈi↗ɲ	1	0	1
mồ	510	TONE_HUYEN	mo↘	mˈo↘	1	0	1
hái	509	TONE_SAC	haː↗j	hˈaː↗j	1	0	1
nụ	508	TONE_NANG	nuʔ↓	nˈuʔ↓	1	0	1
úy	504	TONE_SAC	u↗j	wˈi↗	1	0	1
hạm	504	TONE_NANG	haːʔ↓m	hˈaːʔ↓m	1	0	1
ngụ	503	TONE_NANG	ŋuʔ↓	ŋˈuʔ↓	1	0	1
kỉ	502	TONE_HOI	ki↓	kˈi↓	1	0	1
hãi	501	TONE_NGA	haːʔ↗j	hˈaːʔ↗j	1	0	1
ruộng	500	TONE_NANG	ʒuəʔ↓ŋ	ɹˈuəʔ↓ŋ	1	0	1
tạ	498	TONE_NANG	taːʔ↓	tˈaːʔ↓	1	0	1
ồn	498	TONE_HUYEN	o↘n	ˈo↘n	1	0	1
gõ	495	TONE_NGA	ɣɔʔ↗	ɣˈɔʔ↗	1	0	1
lưỡng	493	TONE_NGA	lɨəʔ↗ŋ	lˈyəʔ↗ŋ	1	0	1
mồi	493	TONE_HUYEN	mo↘j	mˈo↘j	1	0	1
mò	493	TONE_HUYEN	mɔ↘	mˈɔ↘	1	0	1
cúng	492	TONE_SAC	ku↗ŋ	kˈu↗ŋ	1	0	1
bắp	491	TONE_SAC	ba↗p	bˈa↗p	1	0	1
lường	491	TONE_HUYEN	lɨə↘ŋ	lˈyə↘ŋ	1	0	1
dội	489	TONE_NANG	zoʔ↓j	zˈoʔ↓j	1	0	1
lấn	489	TONE_SAC	lə↗n	lˈə↗n	1	0	1
đúc	487	TONE_SAC	du↗k	dˈu↗c	1	0	1
dở	487	TONE_HOI	zəː↓	zˈəː↓	1	0	1
xá	486	TONE_SAC	saː↗	sˈaː↗	1	0	1
kìa	485	TONE_HUYEN	kiə↘	kˈiə↘	1	0	1
hoành	485	TONE_HUYEN	hwaː↘ɲ	hwˈæ↘ɲ	1	0	1
thạc	483	TONE_NANG	θaːʔ↓k	θˈaːʔ↓c	1	0	1
chuộng	483	TONE_NANG	cuəʔ↓ŋ	ʧˈuəʔ↓ŋ	1	0	1
hước	482	TONE_SAC	hɨə↗k	hˈyə↗c	1	0	1
lát	481	TONE_SAC	laː↗t	lˈaː↗t	1	0	1
rộn	480	TONE_NANG	ʒoʔ↓n	ɹˈoʔ↓n	1	0	1
cạn	480	TONE_NANG	kaːʔ↓n	kˈaːʔ↓n	1	0	1
xích	480	TONE_SAC	si↗k	sˈi↗c	1	0	1
khoẻ	478	TONE_HOI	xwɛ↓	xwˈɛ↓	1	0	1
nhóc	478	TONE_SAC	ɲɔ↗k	ɲˈɔ↗k	1	0	1
trọ	478	TONE_NANG	ʈʂɔʔ↓	ʈʂˈɔʔ↓	1	0	1
ồ	477	TONE_HUYEN	o↘	ˈo↘	1	0	1
gãy	477	TONE_NGA	ɣaʔ↗j	ɣˈaʔ↗j	1	0	1
nồi	476	TONE_HUYEN	no↘j	nˈo↘j	1	0	1
bàng	473	TONE_HUYEN	baː↘ŋ	bˈaː↘ŋ	1	0	1
xám	472	TONE_SAC	saː↗m	sˈaː↗m	1	0	1
kí	471	TONE_SAC	ki↗	kˈi↗	1	0	1
tí	471	TONE_SAC	ti↗	tˈi↗	1	0	1
kỵ	469	TONE_NANG	kiʔ↓	kˈiʔ↓	1	0	1
lữ	468	TONE_NGA	lɨʔ↗	lˈyʔ↗	1	0	1
huệ	467	TONE_NANG	hweʔ↓	hwˈeʔ↓	1	0	1
nghiện	466	TONE_NANG	ŋiəʔ↓n	ŋˈiɛʔ↓n	1	0	1
nhũng	466	TONE_NGA	ɲuʔ↗ŋ	ɲˈuʔ↗ŋ	1	0	1
thoảng	464	TONE_HOI	θwaː↓ŋ	θwˈaː↓ŋ	1	0	1
mịn	463	TONE_NANG	miʔ↓n	mˈiʔ↓n	1	0	1
đụng	462	TONE_NANG	duʔ↓ŋ	dˈuʔ↓ŋ	1	0	1
thạnh	461	TONE_NANG	θaːʔ↓ɲ	θˈæʔ↓ɲ	1	0	1
vượng	459	TONE_NANG	vɨəʔ↓ŋ	vˈyəʔ↓ŋ	1	0	1
nảy	459	TONE_HOI	na↓j	nˈa↓j	1	0	1
thấu	457	TONE_SAC	θə↗w	θˈə↗w	1	0	1
mặn	457	TONE_NANG	maʔ↓n	mˈaʔ↓n	1	0	1
dẹp	455	TONE_NANG	zɛʔ↓p	zˈɛʔ↓p	1	0	1
lũng	455	TONE_NGA	luʔ↗ŋ	lˈuʔ↗ŋ	1	0	1
bỗng	454	TONE_NGA	boʔ↗ŋ	bˈoʔ↗ŋ	1	0	1
luồng	454	TONE_HUYEN	luə↘ŋ	lˈuə↘ŋ	1	0	1
vóc	453	TONE_SAC	vɔ↗k	vˈɔ↗k	1	0	1
dừa	452	TONE_HUYEN	zɨə↘	zˈyə↘	1	0	1
nén	448	TONE_SAC	nɛ↗n	nˈɛ↗n	1	0	1
quế	448	TONE_SAC	kwe↗	kwˈe↗	1	0	1
nhã	447	TONE_NGA	ɲaːʔ↗	ɲˈaːʔ↗	1	0	1
thấm	447	TONE_SAC	θə↗m	θˈə↗m	1	0	1
lật	446	TONE_NANG	ləʔ↓t	lˈəʔ↓t	1	0	1
buýt	446	TONE_SAC	bwi↗t	bwˈi↗t	1	0	1
hoại	444	TONE_NANG	hwaːʔ↓j	hwˈaːʔ↓j	1	0	1
ấp	442	TONE_SAC	ə↗p	ˈə↗p	1	0	1
tựu	440	TONE_NANG	tɨʔ↓w	tˈiʔ↓w	1	0	1
cửu	440	TONE_HOI	kɨ↓w	kˈi↓w	1	0	1
ngõ	439	TONE_NGA	ŋɔʔ↗	ŋˈɔʔ↗	1	0	1
gũi	438	TONE_NGA	ɣuʔ↗j	ɣˈuʔ↗j	1	0	1
mổ	438	TONE_HOI	mo↓	mˈo↓	1	0	1
cởi	438	TONE_HOI	kəː↓j	kˈəː↓j	1	0	1
xỉ	436	TONE_HOI	si↓	sˈi↓	1	0	1
gác	434	TONE_SAC	ɣaː↗k	ɣˈaː↗c	1	0	1
thỉnh	434	TONE_HOI	θi↓ɲ	θˈi↓ɲ	1	0	1
cuồng	433	TONE_HUYEN	kuə↘ŋ	kˈuə↘ŋ	1	0	1
dập	433	TONE_NANG	zəʔ↓p	zˈəʔ↓p	1	0	1
trùm	430	TONE_HUYEN	ʈʂu↘m	ʈʂˈu↘m	1	0	1
lùng	429	TONE_HUYEN	lu↘ŋ	lˈu↘ŋ	1	0	1
đếm	428	TONE_SAC	de↗m	dˈe↗m	1	0	1
chuối	428	TONE_SAC	cuə↗j	ʧˈuə↗j	1	0	1
ngốc	427	TONE_SAC	ŋo↗k	ŋˈo↗k	1	0	1
dỡ	426	TONE_NGA	zəːʔ↗	zˈəːʔ↗	1	0	1
thúy	426	TONE_SAC	θu↗j	θwˈi↗	1	0	1
toà	421	TONE_HUYEN	twaː↘	twˈaː↘	1	0	1
cưỡng	421	TONE_NGA	kɨəʔ↗ŋ	kˈyəʔ↗ŋ	1	0	1
thầm	421	TONE_HUYEN	θə↘m	θˈə↘m	1	0	1
vạch	417	TONE_NANG	vaʔ↓k	vˈæʔ↓c	1	0	1
đệm	417	TONE_NANG	deʔ↓m	dˈeʔ↓m	1	0	1
mòn	417	TONE_HUYEN	mɔ↘n	mˈɔ↘n	1	0	1
gìn	415	TONE_HUYEN	ɣi↘n	ʝˈi↘n	1	0	1
kẹt	415	TONE_NANG	kɛʔ↓t	kˈɛʔ↓t	1	0	1
nới	414	TONE_SAC	nəː↗j	nˈəː↗j	1	0	1
gắt	411	TONE_SAC	ɣa↗t	ɣˈa↗t	1	0	1
bấy	411	TONE_SAC	bə↗j	bˈəɪ↗	1	0	1
chiết	411	TONE_SAC	ciə↗t	ʧˈiɛ↗t	1	0	1
đớn	411	TONE_SAC	dəː↗n	dˈəː↗n	1	0	1
bì	410	TONE_HUYEN	bi↘	bˈi↘	1	0	1
lướt	408	TONE_SAC	lɨə↗t	lˈyə↗t	1	0	1
ốm	407	TONE_SAC	o↗m	ˈo↗m	1	0	1
ớt	407	TONE_SAC	əː↗t	ˈəː↗t	1	0	1
đán	406	TONE_SAC	daː↗n	dˈaː↗n	1	0	1
vịt	405	TONE_NANG	viʔ↓t	vˈiʔ↓t	1	0	1
dời	404	TONE_HUYEN	zəː↘j	zˈəː↘j	1	0	1
sét	403	TONE_SAC	ʂɛ↗t	ʂˈɛ↗t	1	0	1
nguyệt	402	TONE_NANG	ŋiəʔ↓t	ŋwˈiɛʔ↓t	1	0	1
bẫy	402	TONE_NGA	bəʔ↗j	bˈəɪʔ↗	1	0	1
ừ	402	TONE_HUYEN	ɨ↘	ˈy↘	1	0	1
dẫu	402	TONE_NGA	zəʔ↗w	zˌəʔ↗w	1	0	1
má	400	TONE_SAC	maː↗	mˈaː↗	1	0	1
rẽ	399	TONE_NGA	ʒɛʔ↗	ɹˈɛʔ↗	1	0	1
trán	394	TONE_SAC	ʈʂaː↗n	ʈʂˈaː↗n	1	0	1
rải	392	TONE_HOI	ʒaː↓j	ɹˈaː↓j	1	0	1
phẳng	391	TONE_HOI	fa↓ŋ	fˈa↓ŋ	1	0	1
đạm	391	TONE_NANG	daːʔ↓m	dˈaːʔ↓m	1	0	1
nếp	391	TONE_SAC	ne↗p	nˈe↗p	1	0	1
lót	390	TONE_SAC	lɔ↗t	lˈɔ↗t	1	0	1
xà	389	TONE_HUYEN	saː↘	sˈaː↘	1	0	1
lưỡi	389	TONE_NGA	lɨəʔ↗j	lˈyəʔ↗j	1	0	1
bích	388	TONE_SAC	bi↗k	bˈi↗c	1	0	1
hận	388	TONE_NANG	həʔ↓n	hˈəʔ↓n	1	0	1
nhiếp	388	TONE_SAC	ɲiə↗p	ɲˈiɛ↗p	1	0	1
ngẫu	388	TONE_NGA	ŋəʔ↗w	ŋˈəʔ↗w	1	0	1
sụp	387	TONE_NANG	ʂuʔ↓p	ʂˈuʔ↓p	1	0	1
đực	386	TONE_NANG	dɨʔ↓k	dˈyʔ↓c	1	0	1
cóc	385	TONE_SAC	kɔ↗k	kˈɔ↗k	1	0	1
cúm	385	TONE_SAC	ku↗m	kˈu↗m	1	0	1
nại	385	TONE_NANG	naːʔ↓j	nˈaːʔ↓j	1	0	1
rể	384	TONE_HOI	ʒe↓	ɹˈe↓	1	0	1
giọt	382	TONE_NANG	ʝɔʔ↓t	ʝˈɔʔ↓t	1	0	1
kép	381	TONE_SAC	kɛ↗p	kˈɛ↗p	1	0	1
dồi	380	TONE_HUYEN	zo↘j	zˈo↘j	1	0	1
lậu	379	TONE_NANG	ləʔ↓w	lˈəʔ↓w	1	0	1
ào	378	TONE_HUYEN	aː↘w	ˈaː↘w	1	0	1
cọc	376	TONE_NANG	kɔʔ↓k	kˈɔʔ↓k	1	0	1
lầu	375	TONE_HUYEN	lə↘w	lˈə↘w	1	0	1
kiếp	375	TONE_SAC	kiə↗p	kˈiɛ↗p	1	0	1
ngột	373	TONE_NANG	ŋoʔ↓t	ŋˈoʔ↓t	1	0	1
quạt	373	TONE_NANG	kwaːʔ↓t	kwˈaːʔ↓t	1	0	1
lở	373	TONE_HOI	ləː↓	lˈəː↓	1	0	1
ngục	372	TONE_NANG	ŋuʔ↓k	ŋˈuʔ↓c	1	0	1
nè	371	TONE_HUYEN	nɛ↘	nˈɛ↘	1	0	1
khía	370	TONE_SAC	xiə↗	xˈiə↗	1	0	1
đắn	370	TONE_SAC	da↗n	dˈa↗n	1	0	1
nghịch	370	TONE_NANG	ŋiʔ↓k	ŋˈiʔ↓c	1	0	1
bộc	369	TONE_NANG	boʔ↓k	bˈoʔ↓k	1	0	1
rét	369	TONE_SAC	ʒɛ↗t	ɹˈɛ↗t	1	0	1
vặt	368	TONE_NANG	vaʔ↓t	vˈaʔ↓t	1	0	1
rổ	368	TONE_HOI	ʒo↓	ɹˈo↓	1	0	1
ván	368	TONE_SAC	vaː↗n	vˈaː↗n	1	0	1
chè	367	TONE_HUYEN	cɛ↘	ʧˈɛ↘	1	0	1
nhường	366	TONE_HUYEN	ɲɨə↘ŋ	ɲˈyə↘ŋ	1	0	1
lắk	365	TONE_SAC	la↗k	lˈa↗c	1	0	1
léo	364	TONE_SAC	lɛ↗w	lˈɛ↗w	1	0	1
thủng	363	TONE_HOI	θu↓ŋ	θˈu↓ŋ	1	0	1
kẹo	362	TONE_NANG	kɛʔ↓w	kˈɛʔ↓w	1	0	1
gấu	362	TONE_SAC	ɣə↗w	ɣˈə↗w	1	0	1
cuộn	361	TONE_NANG	kuəʔ↓n	kˈuəʔ↓n	1	0	1
vú	360	TONE_SAC	vu↗	vˈu↗	1	0	1
bái	359	TONE_SAC	baː↗j	bˈaː↗j	1	0	1
óc	359	TONE_SAC	ɔ↗k	ˈɔ↗k	1	0	1
cắn	358	TONE_SAC	ka↗n	kˈa↗n	1	0	1
sướng	357	TONE_SAC	ʂɨə↗ŋ	ʂˈyə↗ŋ	1	0	1
lạng	356	TONE_NANG	laːʔ↓ŋ	lˈaːʔ↓ŋ	1	0	1
tò	355	TONE_HUYEN	tɔ↘	tˈɔ↘	1	0	1
ướt	351	TONE_SAC	ɨə↗t	ˈyə↗t	1	0	1
nạ	351	TONE_NANG	naːʔ↓	nˈaːʔ↓	1	0	1
thèm	350	TONE_HUYEN	θɛ↘m	θˈɛ↘m	1	0	1
phế	350	TONE_SAC	fe↗	fˈe↗	1	0	1
thề	350	TONE_HUYEN	θe↘	θˈe↘	1	0	1
nhở	349	TONE_HOI	ɲəː↓	ɲˈəː↓	1	0	1
gò	348	TONE_HUYEN	ɣɔ↘	ɣˈɔ↘	1	0	1
rụng	348	TONE_NANG	ʒuʔ↓ŋ	ɹˈuʔ↓ŋ	1	0	1
tản	347	TONE_HOI	taː↓n	tˈaː↓n	1	0	1
lội	347	TONE_NANG	loʔ↓j	lˈoʔ↓j	1	0	1
kệ	346	TONE_NANG	keʔ↓	kˈeʔ↓	1	0	1
kiềm	346	TONE_HUYEN	kiə↘m	kˈiɛ↘m	1	0	1
quát	346	TONE_SAC	kwaː↗t	kwˈaː↗t	1	0	1
cừu	345	TONE_HUYEN	kɨ↘w	kˈi↘w	1	0	1
xướng	345	TONE_SAC	sɨə↗ŋ	sˈyə↗ŋ	1	0	1
nhị	345	TONE_NANG	ɲiʔ↓	ɲˈiʔ↓	1	0	1
kề	344	TONE_HUYEN	ke↘	kˈe↘	1	0	1
thím	342	TONE_SAC	θi↗m	θˈi↗m	1	0	1
phì	342	TONE_HUYEN	fi↘	fˈi↘	1	0	1
kíp	341	TONE_SAC	ki↗p	kˈi↗p	1	0	1
vọt	339	TONE_NANG	vɔʔ↓t	vˈɔʔ↓t	1	0	1
nốt	339	TONE_SAC	no↗t	nˈo↗t	1	0	1
bồn	338	TONE_HUYEN	bo↘n	bˈo↘n	1	0	1
mắm	338	TONE_SAC	ma↗m	mˈa↗m	1	0	1
chật	338	TONE_NANG	cəʔ↓t	ʧˈəʔ↓t	1	0	1
đành	337	TONE_HUYEN	daː↘ɲ	dˈæ↘ɲ	1	0	1
hố	336	TONE_SAC	ho↗	hˈo↗	1	0	1
gục	335	TONE_NANG	ɣuʔ↓k	ɣˈuʔ↓c	1	0	1
dì	334	TONE_HUYEN	zi↘	zˈi↘	1	0	1
tỏi	334	TONE_HOI	tɔ↓j	tˈɔ↓j	1	0	1
đắng	333	TONE_SAC	da↗ŋ	dˈa↗ŋ	1	0	1
khử	333	TONE_HOI	xɨ↓	xˈy↓	1	0	1
khải	333	TONE_HOI	xaː↓j	xˈaː↓j	1	0	1
cồn	332	TONE_HUYEN	ko↘n	kˈo↘n	1	0	1
sườn	332	TONE_HUYEN	ʂɨə↘n	ʂˈyə↘n	1	0	1
buồng	331	TONE_HUYEN	buə↘ŋ	bˈuə↘ŋ	1	0	1
nắp	331	TONE_SAC	na↗p	nˈa↗p	1	0	1
lắc	331	TONE_SAC	la↗k	lˈa↗c	1	0	1
dại	329	TONE_NANG	zaːʔ↓j	zˈaːʔ↓j	1	0	1
tạng	328	TONE_NANG	taːʔ↓ŋ	tˈaːʔ↓ŋ	1	0	1
nhí	328	TONE_SAC	ɲi↗	ɲˈi↗	1	0	1
lề	327	TONE_HUYEN	le↘	lˈe↘	1	0	1
rịa	326	TONE_NANG	ʒiəʔ↓	ɹˈiəʔ↓	1	0	1
họng	326	TONE_NANG	hɔʔ↓ŋ	hˈɔʔ↓ŋ	1	0	1
diễm	324	TONE_NGA	ziəʔ↗m	zˈiɛʔ↗m	1	0	1
đuối	323	TONE_SAC	duə↗j	dˈuə↗j	1	0	1
sành	323	TONE_HUYEN	ʂaː↘ɲ	ʂˈæ↘ɲ	1	0	1
cỗ	323	TONE_NGA	koʔ↗	kˈoʔ↗	1	0	1
ngụy	323	TONE_NANG	ŋuʔ↓j	ŋwˈiʔ↓	1	0	1
khuất	321	TONE_SAC	xwə↗t	xwˈə↗t	1	0	1
hở	318	TONE_HOI	həː↓	hˈəː↓	1	0	1
súc	318	TONE_SAC	ʂu↗k	ʂˈu↗c	1	0	1
láng	317	TONE_SAC	laː↗ŋ	lˈaː↗ŋ	1	0	1
nhọn	316	TONE_NANG	ɲɔʔ↓n	ɲˈɔʔ↓n	1	0	1
rệt	315	TONE_NANG	ʒeʔ↓t	ɹˈeʔ↓t	1	0	1
bìa	315	TONE_HUYEN	biə↘	bˈiə↘	1	0	1
đắm	314	TONE_SAC	da↗m	dˈa↗m	1	0	1
chửi	314	TONE_HOI	cɨ↓j	ʧˈy↓j	1	0	1
lặn	314	TONE_NANG	laʔ↓n	lˈaʔ↓n	1	0	1
trắc	313	TONE_SAC	ʈʂa↗k	ʈʂˈa↗c	1	0	1
mít	312	TONE_SAC	mi↗t	mˈi↗t	1	0	1
tị	312	TONE_NANG	tiʔ↓	tˈiʔ↓	1	0	1
hé	312	TONE_SAC	hɛ↗	hˈɛ↗	1	0	1
khống	312	TONE_SAC	xo↗ŋ	xˈo↗ŋ	1	0	1
trạch	309	TONE_NANG	ʈʂaʔ↓k	ʈʂˈæʔ↓c	1	0	1
rốt	309	TONE_SAC	ʒo↗t	ɹˈo↗t	1	0	1
đèo	309	TONE_HUYEN	dɛ↘w	dˈɛ↘w	1	0	1
nhặt	308	TONE_NANG	ɲaʔ↓t	ɲˈaʔ↓t	1	0	1
khiếp	306	TONE_SAC	xiə↗p	xˈiɛ↗p	1	0	1
bệ	305	TONE_NANG	beʔ↓	bˈeʔ↓	1	0	1
xài	305	TONE_HUYEN	saː↘j	sˈaː↘j	1	0	1
thục	304	TONE_NANG	θuʔ↓k	θˈuʔ↓c	1	0	1
nứt	304	TONE_SAC	nɨ↗t	nˈy↗t	1	0	1
vách	304	TONE_SAC	va↗k	vˈæ↗c	1	0	1
nhược	304	TONE_NANG	ɲɨəʔ↓k	ɲˈyəʔ↓c	1	0	1
rỉ	303	TONE_HOI	ʒi↓	ɹˈi↓	1	0	1
chém	302	TONE_SAC	cɛ↗m	ʧˈɛ↗m	1	0	1
thớt	302	TONE_SAC	θəː↗t	θˈəː↗t	1	0	1
cấy	302	TONE_SAC	kə↗j	kˈəɪ↗	1	0	1
đọng	302	TONE_NANG	dɔʔ↓ŋ	dˈɔʔ↓ŋ	1	0	1
ngỡ	302	TONE_NGA	ŋəːʔ↗	ŋˈəːʔ↗	1	0	1
bóc	301	TONE_SAC	bɔ↗k	bˈɔ↗k	1	0	1
thềm	301	TONE_HUYEN	θe↘m	θˈe↘m	1	0	1
túng	301	TONE_SAC	tu↗ŋ	tˈu↗ŋ	1	0	1
đạc	300	TONE_NANG	daːʔ↓k	dˈaːʔ↓c	1	0	1
dào	300	TONE_HUYEN	zaː↘w	zˈaː↘w	1	0	1
nghiệt	299	TONE_NANG	ŋiəʔ↓t	ŋˈiɛʔ↓t	1	0	1
lụt	298	TONE_NANG	luʔ↓t	lˈuʔ↓t	1	0	1
mập	296	TONE_NANG	məʔ↓p	mˈəʔ↓p	1	0	1
vấp	296	TONE_SAC	və↗p	vˈə↗p	1	0	1
lột	296	TONE_NANG	loʔ↓t	lˈoʔ↓t	1	0	1
mài	295	TONE_HUYEN	maː↘j	mˈaː↘j	1	0	1
rộ	295	TONE_NANG	ʒoʔ↓	ɹˈoʔ↓	1	0	1
xí	294	TONE_SAC	si↗	sˈi↗	1	0	1
bóp	294	TONE_SAC	bɔ↗p	bˈɔ↗p	1	0	1
thắn	294	TONE_SAC	θa↗n	θˈa↗n	1	0	1
dặn	293	TONE_NANG	zaʔ↓n	zˈaʔ↓n	1	0	1
hiếp	293	TONE_SAC	hiə↗p	hˈiɛ↗p	1	0	1
ấu	292	TONE_SAC	ə↗w	ˈə↗w	1	0	1
chọc	292	TONE_NANG	cɔʔ↓k	ʧˈɔʔ↓k	1	0	1
tụng	291	TONE_NANG	tuʔ↓ŋ	tˈuʔ↓ŋ	1	0	1
ráp	291	TONE_SAC	ʒaː↗p	ɹˈaː↗p	1	0	1
cành	291	TONE_HUYEN	kaː↘ɲ	kˈæ↘ɲ	1	0	1
đặn	290	TONE_NANG	daʔ↓n	dˈaʔ↓n	1	0	1
chén	290	TONE_SAC	cɛ↗n	ʧˈɛ↗n	1	0	1
gặt	290	TONE_NANG	ɣaʔ↓t	ɣˈaʔ↓t	1	0	1
nuối	288	TONE_SAC	nuə↗j	nˈuə↗j	1	0	1
tà	288	TONE_HUYEN	taː↘	tˈaː↘	1	0	1
lánh	287	TONE_SAC	laː↗ɲ	lˈæ↗ɲ	1	0	1
phùng	287	TONE_HUYEN	fu↘ŋ	fˈu↘ŋ	1	0	1
quầy	287	TONE_HUYEN	kwə↘j	kwˈəɪ↘	1	0	1
xoắn	286	TONE_SAC	swa↗n	swˈa↗n	1	0	1
chì	286	TONE_HUYEN	ci↘	ʧˈi↘	1	0	1
viền	286	TONE_HUYEN	viə↘n	vˈiɛ↘n	1	0	1
tào	285	TONE_HUYEN	taː↘w	tˈaː↘w	1	0	1
báu	284	TONE_SAC	ba↗w	bˈa↗w	1	0	1
ngần	284	TONE_HUYEN	ŋə↘n	ŋˈə↘n	1	0	1
suýt	283	TONE_SAC	ʂwi↗t	ʂwˈi↗t	1	0	1
mượt	282	TONE_NANG	mɨəʔ↓t	mˈyəʔ↓t	1	0	1
giếng	282	TONE_SAC	ɣiə↗ŋ	ʝˈiɛ↗ŋ	1	0	1
đè	282	TONE_HUYEN	dɛ↘	dˈɛ↘	1	0	1
chéo	282	TONE_SAC	cɛ↗w	ʧˈɛ↗w	1	0	1
tưới	281	TONE_SAC	tɨə↗j	tˈyə↗j	1	0	1
chậu	280	TONE_NANG	cəʔ↓w	ʧˈəʔ↓w	1	0	1
chà	279	TONE_HUYEN	caː↘	ʧˈaː↘	1	0	1
sừng	278	TONE_HUYEN	ʂɨ↘ŋ	ʂˈy↘ŋ	1	0	1
gậy	278	TONE_NANG	ɣəʔ↓j	ɣˈəɪʔ↓	1	0	1
bùn	278	TONE_HUYEN	bu↘n	bˈu↘n	1	0	1
bưởi	277	TONE_HOI	bɨə↓j	bˈyə↓j	1	0	1
quách	275	TONE_SAC	kwa↗k	kwˈæ↗c	1	0	1
thỏ	274	TONE_HOI	θɔ↓	θˈɔ↓	1	0	1
khoái	273	TONE_SAC	xwaː↗j	xwˈaː↗j	1	0	1
thoả	273	TONE_HOI	θwaː↓	θwˈaː↓	1	0	1
nhộn	273	TONE_NANG	ɲoʔ↓n	ɲˈoʔ↓n	1	0	1
phụng	273	TONE_NANG	fuʔ↓ŋ	fˈuʔ↓ŋ	1	0	1
kèo	272	TONE_HUYEN	kɛ↘w	kˈɛ↘w	1	0	1
bứt	272	TONE_SAC	bɨ↗t	bˈy↗t	1	0	1
sập	272	TONE_NANG	ʂəʔ↓p	ʂˈəʔ↓p	1	0	1
xì	271	TONE_HUYEN	si↘	sˈi↘	1	0	1
dẻo	271	TONE_HOI	zɛ↓w	zˈɛ↓w	1	0	1
luộc	271	TONE_NANG	luəʔ↓k	lˈuəʔ↓c	1	0	1
rã	270	TONE_NGA	ʒaːʔ↗	ɹˈaːʔ↗	1	0	1
đấm	269	TONE_SAC	də↗m	dˈə↗m	1	0	1
sạt	269	TONE_NANG	ʂaːʔ↓t	ʂˈaːʔ↓t	1	0	1
chải	269	TONE_HOI	caː↓j	ʧˈaː↓j	1	0	1
thính	268	TONE_SAC	θi↗ɲ	θˈi↗ɲ	1	0	1
ngoạn	268	TONE_NANG	ŋwaːʔ↓n	ŋwˈaːʔ↓n	1	0	1
cò	268	TONE_HUYEN	kɔ↘	kˈɔ↘	1	0	1
nàn	268	TONE_HUYEN	naː↘n	nˈaː↘n	1	0	1
nhấp	267	TONE_SAC	ɲə↗p	ɲˈə↗p	1	0	1
lọ	266	TONE_NANG	lɔʔ↓	lˈɔʔ↓	1	0	1
rễ	265	TONE_NGA	ʒeʔ↗	ɹˈeʔ↗	1	0	1
lận	263	TONE_NANG	ləʔ↓n	lˈəʔ↓n	1	0	1
bọ	263	TONE_NANG	bɔʔ↓	bˈɔʔ↓	1	0	1
liễu	263	TONE_NGA	liəʔ↗w	lˈiɛʔ↗w	1	0	1
dép	262	TONE_SAC	zɛ↗p	zˈɛ↗p	1	0	1
xấp	262	TONE_SAC	sə↗p	sˈə↗p	1	0	1
nón	262	TONE_SAC	nɔ↗n	nˈɔ↗n	1	0	1
chèo	262	TONE_HUYEN	cɛ↘w	ʧˈɛ↘w	1	0	1
bún	261	TONE_SAC	bu↗n	bˈu↗n	1	0	1
diệp	261	TONE_NANG	ziəʔ↓p	zˈiɛʔ↓p	1	0	1
gốm	260	TONE_SAC	ɣo↗m	ɣˈo↗m	1	0	1
xào	260	TONE_HUYEN	saː↘w	sˈaː↘w	1	0	1
rảnh	259	TONE_HOI	ʒaː↓ɲ	ɹˈæ↓ɲ	1	0	1
bèn	259	TONE_HUYEN	bɛ↘n	bˈɛ↘n	1	0	1
ùn	259	TONE_HUYEN	u↘n	ˈu↘n	1	0	1
hệt	258	TONE_NANG	heʔ↓t	hˈeʔ↓t	1	0	1
vứt	258	TONE_SAC	vɨ↗t	vˈy↗t	1	0	1
ngặt	258	TONE_NANG	ŋaʔ↓t	ŋˈaʔ↓t	1	0	1
choáng	258	TONE_SAC	cwaː↗ŋ	ʧwˈaː↗ŋ	1	0	1
rạch	257	TONE_NANG	ʒaʔ↓k	ɹˈæʔ↓c	1	0	1
vỉa	256	TONE_HOI	viə↓	vˈiə↓	1	0	1
hét	256	TONE_SAC	hɛ↗t	hˈɛ↗t	1	0	1
rớt	255	TONE_SAC	ʒəː↗t	ɹˈəː↗t	1	0	1
chuồng	255	TONE_HUYEN	cuə↘ŋ	ʧˈuə↘ŋ	1	0	1
cúc	255	TONE_SAC	ku↗k	kˈu↗c	1	0	1
khốc	254	TONE_SAC	xo↗k	xˈo↗k	1	0	1
vòm	254	TONE_HUYEN	vɔ↘m	vˈɔ↘m	1	0	1
quỵ	254	TONE_NANG	kwiʔ↓	kwˈiʔ↓	1	0	1
mẫn	253	TONE_NGA	məʔ↗n	mˈəʔ↗n	1	0	1
đàng	253	TONE_HUYEN	daː↘ŋ	dˈaː↘ŋ	1	0	1
giòn	253	TONE_HUYEN	ʝɔ↘n	ʝˈɔ↘n	1	0	1
tấu	252	TONE_SAC	tə↗w	tˈə↗w	1	0	1
gừng	252	TONE_HUYEN	ɣɨ↘ŋ	ɣˈy↘ŋ	1	0	1
hãm	251	TONE_NGA	haːʔ↗m	hˈaːʔ↗m	1	0	1
phiến	251	TONE_SAC	fiə↗n	fˈiɛ↗n	1	0	1
đục	251	TONE_NANG	duʔ↓k	dˈuʔ↓c	1	0	1
thiền	251	TONE_HUYEN	θiə↘n	θˈiɛ↘n	1	0	1
mẹo	251	TONE_NANG	mɛʔ↓w	mˈɛʔ↓w	1	0	1
ráo	250	TONE_SAC	ʒaː↗w	ɹˈaː↗w	1	0	1
bạ	250	TONE_NANG	baːʔ↓	bˈaːʔ↓	1	0	1
cọ	250	TONE_NANG	kɔʔ↓	kˈɔʔ↓	1	0	1
gạt	249	TONE_NANG	ɣaːʔ↓t	ɣˈaːʔ↓t	1	0	1
ngoặt	248	TONE_NANG	ŋwaʔ↓t	ŋwˈaʔ↓t	1	0	1
xắn	248	TONE_SAC	sa↗n	sˈa↗n	1	0	1
mạ	248	TONE_NANG	maːʔ↓	mˈaːʔ↓	1	0	1
ủ	247	TONE_HOI	u↓	ˈu↓	1	0	1
uốn	247	TONE_SAC	uə↗n	ˈuə↗n	1	0	1
mãnh	246	TONE_NGA	maːʔ↗ɲ	mˈæʔ↗ɲ	1	0	1
rủ	246	TONE_HOI	ʒu↓	ɹˈu↓	1	0	1
lụa	246	TONE_NANG	luəʔ↓	lˈuəʔ↓	1	0	1
mường	245	TONE_HUYEN	mɨə↘ŋ	mˈyə↘ŋ	1	0	1
hạch	244	TONE_NANG	haʔ↓k	hˈæʔ↓c	1	0	1
lốp	244	TONE_SAC	lo↗p	lˈo↗p	1	0	1
nhục	244	TONE_NANG	ɲuʔ↓k	ɲˈuʔ↓c	1	0	1
đốm	244	TONE_SAC	do↗m	dˈo↗m	1	0	1
nọ	243	TONE_NANG	nɔʔ↓	nˈɔʔ↓	1	0	1
tụt	243	TONE_NANG	tuʔ↓t	tˈuʔ↓t	1	0	1
cày	243	TONE_HUYEN	ka↘j	kˈa↘j	1	0	1
chốn	242	TONE_SAC	co↗n	ʧˈo↗n	1	0	1
sói	242	TONE_SAC	ʂɔ↗j	ʂˈɔ↗j	1	0	1
dỗ	241	TONE_NGA	zoʔ↗	zˈoʔ↗	1	0	1
mùng	241	TONE_HUYEN	mu↘ŋ	mˈu↘ŋ	1	0	1
tuỳ	240	TONE_HUYEN	tu↘j	twˈi↘	1	0	1
điềm	240	TONE_HUYEN	diə↘m	dˈiɛ↘m	1	0	1
hoạ	240	TONE_NANG	hwaːʔ↓	hwˈaːʔ↓	1	0	1
chùm	239	TONE_HUYEN	cu↘m	ʧˈu↘m	1	0	1
cược	239	TONE_NANG	kɨəʔ↓k	kˈyəʔ↓c	1	0	1
sưởi	238	TONE_HOI	ʂɨə↓j	ʂˈyə↓j	1	0	1
hít	238	TONE_SAC	hi↗t	hˈi↗t	1	0	1
nản	238	TONE_HOI	naː↓n	nˈaː↓n	1	0	1
đùi	237	TONE_HUYEN	du↘j	dˈu↘j	1	0	1
nhiễu	237	TONE_NGA	ɲiəʔ↗w	ɲˈiɛʔ↗w	1	0	1
tiệt	237	TONE_NANG	tiəʔ↓t	tˈiɛʔ↓t	1	0	1
nhậu	236	TONE_NANG	ɲəʔ↓w	ɲˈəʔ↓w	1	0	1
rưỡi	236	TONE_NGA	ʒɨəʔ↗j	ɹˈyəʔ↗j	1	0	1
vờ	236	TONE_HUYEN	vəː↘	vˈəː↘	1	0	1
miện	235	TONE_NANG	miəʔ↓n	mˈiɛʔ↓n	1	0	1
giỏ	235	TONE_HOI	ʝɔ↓	ʝˈɔ↓	1	0	1
nhức	234	TONE_SAC	ɲɨ↗k	ɲˈy↗c	1	0	1
lượn	234	TONE_NANG	lɨəʔ↓n	lˈyəʔ↓n	1	0	1
nòng	234	TONE_HUYEN	nɔ↘ŋ	nˈɔ↘ŋ	1	0	1
rùa	233	TONE_HUYEN	ʒuə↘	ɹˈuə↘	1	0	1
sầm	232	TONE_HUYEN	ʂə↘m	ʂˈə↘m	1	0	1
xót	232	TONE_SAC	sɔ↗t	sˈɔ↗t	1	0	1
nhàn	231	TONE_HUYEN	ɲaː↘n	ɲˈaː↘n	1	0	1
dạn	231	TONE_NANG	zaːʔ↓n	zˈaːʔ↓n	1	0	1
bén	231	TONE_SAC	bɛ↗n	bˈɛ↗n	1	0	1
né	231	TONE_SAC	nɛ↗	nˈɛ↗	1	0	1
gộp	231	TONE_NANG	ɣoʔ↓p	ɣˈoʔ↓p	1	0	1
gởi	230	TONE_HOI	ɣəː↓j	ɣˈəː↓j	1	0	1
khiết	229	TONE_SAC	xiə↗t	xˈiɛ↗t	1	0	1
nhịn	229	TONE_NANG	ɲiʔ↓n	ɲˈiʔ↓n	1	0	1
siết	229	TONE_SAC	ʂiə↗t	ʂˈiɛ↗t	1	0	1
kẹp	229	TONE_NANG	kɛʔ↓p	kˈɛʔ↓p	1	0	1
bực	229	TONE_NANG	bɨʔ↓k	bˈyʔ↓c	1	0	1
nuốt	228	TONE_SAC	nuə↗t	nˈuə↗t	1	0	1
nhát	228	TONE_SAC	ɲaː↗t	ɲˈaː↗t	1	0	1
hoạn	228	TONE_NANG	hwaːʔ↓n	hwˈaːʔ↓n	1	0	1
xoài	228	TONE_HUYEN	swaː↘j	swˈaː↘j	1	0	1
sọc	228	TONE_NANG	ʂɔʔ↓k	ʂˈɔʔ↓k	1	0	1
sỏi	228	TONE_HOI	ʂɔ↓j	ʂˈɔ↓j	1	0	1
ngất	226	TONE_SAC	ŋə↗t	ŋˈə↗t	1	0	1
bã	226	TONE_NGA	baːʔ↗	bˈaːʔ↗	1	0	1
vắt	226	TONE_SAC	va↗t	vˈa↗t	1	0	1
đái	225	TONE_SAC	daː↗j	dˈaː↗j	1	0	1
thìa	225	TONE_HUYEN	θiə↘	θˈiə↘	1	0	1
tịnh	225	TONE_NANG	tiʔ↓ɲ	tˈiʔ↓ɲ	1	0	1
sấy	225	TONE_SAC	ʂə↗j	ʂˈəɪ↗	1	0	1
lẫy	224	TONE_NGA	ləʔ↗j	lˈəɪʔ↗	1	0	1
thắp	224	TONE_SAC	θa↗p	θˈa↗p	1	0	1
lầy	224	TONE_HUYEN	lə↘j	lˈəɪ↘	1	0	1
lốc	222	TONE_SAC	lo↗k	lˈo↗k	1	0	1
mác	222	TONE_SAC	maː↗k	mˈaː↗c	1	0	1
hẻm	222	TONE_HOI	hɛ↓m	hˈɛ↓m	1	0	1
kẽ	221	TONE_NGA	kɛʔ↗	kˈɛʔ↗	1	0	1
xổ	221	TONE_HOI	so↓	sˈo↓	1	0	1
ủi	221	TONE_HOI	u↓j	ˈu↓j	1	0	1
huỷ	220	TONE_HOI	hu↓j	hwˈi↓	1	0	1
bồng	220	TONE_HUYEN	bo↘ŋ	bˈo↘ŋ	1	0	1
đũa	219	TONE_NGA	duəʔ↗	dˈuəʔ↗	1	0	1
nấy	219	TONE_SAC	nə↗j	nˈəɪ↗	1	0	1
nể	219	TONE_HOI	ne↓	nˈe↓	1	0	1
bẻ	219	TONE_HOI	bɛ↓	bˈɛ↓	1	0	1
lén	219	TONE_SAC	lɛ↗n	lˈɛ↗n	1	0	1
bọt	218	TONE_NANG	bɔʔ↓t	bˈɔʔ↓t	1	0	1
sầu	218	TONE_HUYEN	ʂə↘w	ʂˈə↘w	1	0	1
táng	217	TONE_SAC	taː↗ŋ	tˈaː↗ŋ	1	0	1
rước	217	TONE_SAC	ʒɨə↗k	ɹˈyə↗c	1	0	1
xoáy	217	TONE_SAC	swa↗j	swˈa↗j	1	0	1
loãng	217	TONE_NGA	lwaːʔ↗ŋ	lwˈaːʔ↗ŋ	1	0	1
chảo	216	TONE_HOI	caː↓w	ʧˈaː↓w	1	0	1
rò	216	TONE_HUYEN	ʒɔ↘	ɹˈɔ↘	1	0	1
cưỡi	216	TONE_NGA	kɨəʔ↗j	kˈyəʔ↗j	1	0	1
vác	215	TONE_SAC	vaː↗k	vˈaː↗c	1	0	1
cháo	215	TONE_SAC	caː↗w	ʧˈaː↗w	1	0	1
miếu	215	TONE_SAC	miə↗w	mˈiɛ↗w	1	0	1
nà	214	TONE_HUYEN	naː↘	nˈaː↘	1	0	1
giềng	214	TONE_HUYEN	ɣiə↘ŋ	ʝˈiɛ↘ŋ	1	0	1
bầy	214	TONE_HUYEN	bə↘j	bˈəɪ↘	1	0	1
đúp	214	TONE_SAC	du↗p	dˈu↗p	1	0	1
xé	214	TONE_SAC	sɛ↗	sˈɛ↗	1	0	1
vòi	214	TONE_HUYEN	vɔ↘j	vˈɔ↘j	1	0	1
bú	214	TONE_SAC	bu↗	bˈu↗	1	0	1
viếng	213	TONE_SAC	viə↗ŋ	vˈiɛ↗ŋ	1	0	1
nghẽn	213	TONE_NGA	ŋɛʔ↗n	ŋˈɛʔ↗n	1	0	1
bạt	212	TONE_NANG	baːʔ↓t	bˈaːʔ↓t	1	0	1
lộng	212	TONE_NANG	loʔ↓ŋ	lˈoʔ↓ŋ	1	0	1
thạo	212	TONE_NANG	θaːʔ↓w	θˈaːʔ↓w	1	0	1
hổng	212	TONE_HOI	ho↓ŋ	hˈo↓ŋ	1	0	1
doãn	212	TONE_NGA	zwaːʔ↗n	zwˈaːʔ↗n	1	0	1
ngắt	211	TONE_SAC	ŋa↗t	ŋˈa↗t	1	0	1
nguội	211	TONE_NANG	ŋuəʔ↓j	ŋˈuəʔ↓j	1	0	1
mắng	209	TONE_SAC	ma↗ŋ	mˈa↗ŋ	1	0	1
còi	209	TONE_HUYEN	kɔ↘j	kˈɔ↘j	1	0	1
hóc	209	TONE_SAC	hɔ↗k	hˈɔ↗k	1	0	1
quấy	209	TONE_SAC	kwə↗j	kwˈəɪ↗	1	0	1
bẩm	209	TONE_HOI	bə↓m	bˈə↓m	1	0	1
giàn	209	TONE_HUYEN	ʝaː↘n	ʝˈaː↘n	1	0	1
chớp	208	TONE_SAC	cəː↗p	ʧˈəː↗p	1	0	1
quỳ	208	TONE_HUYEN	kwi↘	kwˈi↘	1	0	1
mốt	208	TONE_SAC	mo↗t	mˈo↗t	1	0	1
rách	207	TONE_SAC	ʒa↗k	ɹˈæ↗c	1	0	1
giã	207	TONE_NGA	ʝaːʔ↗	ʝˈaːʔ↗	1	0	1
thiếp	207	TONE_SAC	θiə↗p	θˈiɛ↗p	1	0	1
phở	207	TONE_HOI	fəː↓	fˈəː↓	1	0	1
phàn	207	TONE_HUYEN	faː↘n	fˈaː↘n	1	0	1
gầy	207	TONE_HUYEN	ɣə↘j	ɣˈəɪ↘	1	0	1
mồm	207	TONE_HUYEN	mo↘m	mˈo↘m	1	0	1
thuột	207	TONE_NANG	θuəʔ↓t	θˈuəʔ↓t	1	0	1
ướp	207	TONE_SAC	ɨə↗p	ˈyə↗p	1	0	1
chót	206	TONE_SAC	cɔ↗t	ʧˈɔ↗t	1	0	1
giặc	206	TONE_NANG	ʝaʔ↓k	ʝˈaʔ↓c	1	0	1
nhốt	205	TONE_SAC	ɲo↗t	ɲˈo↗t	1	0	1
nhồi	205	TONE_HUYEN	ɲo↘j	ɲˈo↘j	1	0	1
sấu	205	TONE_SAC	ʂə↗w	ʂˈə↗w	1	0	1
gập	204	TONE_NANG	ɣəʔ↓p	ɣˈəʔ↓p	1	0	1
mép	203	TONE_SAC	mɛ↗p	mˈɛ↗p	1	0	1
phác	203	TONE_SAC	faː↗k	fˈaː↗c	1	0	1
xảo	203	TONE_HOI	saː↓w	sˈaː↓w	1	0	1
lười	202	TONE_HUYEN	lɨə↘j	lˈyə↘j	1	0	1
thửa	201	TONE_HOI	θɨə↓	θˈyə↓	1	0	1
cớ	201	TONE_SAC	kəː↗	kˈəː↗	1	0	1
sảnh	201	TONE_HOI	ʂaː↓ɲ	ʂˈæ↓ɲ	1	0	1
cẩu	200	TONE_HOI	kə↓w	kˈə↓w	1	0	1
búp	200	TONE_SAC	bu↗p	bˈu↗p	1	0	1
náo	199	TONE_SAC	naː↗w	nˈaː↗w	1	0	1
chớ	199	TONE_SAC	cəː↗	ʧˈəː↗	1	0	1
tát	199	TONE_SAC	taː↗t	tˈaː↗t	1	0	1
sẹo	199	TONE_NANG	ʂɛʔ↓w	ʂˈɛʔ↓w	1	0	1
rẫy	198	TONE_NGA	ʒəʔ↗j	ɹˈəɪʔ↗	1	0	1
vã	198	TONE_NGA	vaːʔ↗	vˈaːʔ↗	1	0	1
cối	198	TONE_SAC	ko↗j	kˈo↗j	1	0	1
xát	197	TONE_SAC	saː↗t	sˈaː↗t	1	0	1
gầm	197	TONE_HUYEN	ɣə↘m	ɣˈə↘m	1	0	1
cạo	197	TONE_NANG	kaːʔ↓w	kˈaːʔ↓w	1	0	1
kè	196	TONE_HUYEN	kɛ↘	kˈɛ↘	1	0	1
ngỏ	196	TONE_HOI	ŋɔ↓	ŋˈɔ↓	1	0	1
đố	195	TONE_SAC	do↗	dˈo↗	1	0	1
mĩ	193	TONE_NGA	miʔ↗	mˈiʔ↗	1	0	1
gội	193	TONE_NANG	ɣoʔ↓j	ɣˈoʔ↓j	1	0	1
vuốt	193	TONE_SAC	vuə↗t	vˈuə↗t	1	0	1
ngậm	193	TONE_NANG	ŋəʔ↓m	ŋˈəʔ↓m	1	0	1
mía	192	TONE_SAC	miə↗	mˈiə↗	1	0	1
quật	191	TONE_NANG	kwəʔ↓t	kwˈəʔ↓t	1	0	1
chèn	191	TONE_HUYEN	cɛ↘n	ʧˈɛ↘n	1	0	1
cù	191	TONE_HUYEN	ku↘	kˈu↘	1	0	1
nã	190	TONE_NGA	naːʔ↗	nˈaːʔ↗	1	0	1
cụt	190	TONE_NANG	kuʔ↓t	kˈuʔ↓t	1	0	1
vớt	189	TONE_SAC	vəː↗t	vˈəː↗t	1	0	1
khiếm	189	TONE_SAC	xiə↗m	xˈiɛ↗m	1	0	1
thà	189	TONE_HUYEN	θaː↘	θˈaː↘	1	0	1
gót	189	TONE_SAC	ɣɔ↗t	ɣˈɔ↗t	1	0	1
sọ	187	TONE_NANG	ʂɔʔ↓	ʂˈɔʔ↓	1	0	1
nghiền	186	TONE_HUYEN	ŋiə↘n	ŋˈiɛ↘n	1	0	1
ngàng	186	TONE_HUYEN	ŋaː↘ŋ	ŋˈaː↘ŋ	1	0	1
xịt	185	TONE_NANG	siʔ↓t	sˈiʔ↓t	1	0	1
nhờn	185	TONE_HUYEN	ɲəː↘n	ɲˈəː↘n	1	0	1
rán	185	TONE_SAC	ʒaː↗n	ɹˈaː↗n	1	0	1
lách	185	TONE_SAC	la↗k	lˈæ↗c	1	0	1
tề	184	TONE_HUYEN	te↘	tˈe↘	1	0	1
nhọc	184	TONE_NANG	ɲɔʔ↓k	ɲˈɔʔ↓k	1	0	1
nộ	184	TONE_NANG	noʔ↓	nˈoʔ↓	1	0	1
thối	184	TONE_SAC	θo↗j	θˈo↗j	1	0	1
miệt	182	TONE_NANG	miəʔ↓t	mˈiɛʔ↓t	1	0	1
đéo	182	TONE_SAC	dɛ↗w	dˈɛ↗w	1	0	1
lều	182	TONE_HUYEN	le↘w	lˈe↘w	1	0	1
mậu	182	TONE_NANG	məʔ↓w	mˈəʔ↓w	1	0	1
giò	182	TONE_HUYEN	ʝɔ↘	ʝˈɔ↘	1	0	1
rỗng	181	TONE_NGA	ʒoʔ↗ŋ	ɹˈoʔ↗ŋ	1	0	1
ngòi	181	TONE_HUYEN	ŋɔ↘j	ŋˈɔ↘j	1	0	1
nguyền	181	TONE_HUYEN	ŋiə↘n	ŋwˈiɛ↘n	1	0	1
lờ	180	TONE_HUYEN	ləː↘	lˈəː↘	1	0	1
vỗ	180	TONE_NGA	voʔ↗	vˈoʔ↗	1	0	1
tý	179	TONE_SAC	ti↗	tˈi↗	1	0	1
sùng	179	TONE_HUYEN	ʂu↘ŋ	ʂˈu↘ŋ	1	0	1
cào	179	TONE_HUYEN	kaː↘w	kˈaː↘w	1	0	1
rạn	179	TONE_NANG	ʒaːʔ↓n	ɹˈaːʔ↓n	1	0	1
búa	178	TONE_SAC	buə↗	bˈuə↗	1	0	1
mí	178	TONE_SAC	mi↗	mˈi↗	1	0	1
mìn	178	TONE_HUYEN	mi↘n	mˈi↘n	1	0	1
muỗi	177	TONE_NGA	muəʔ↗j	mˈuəʔ↗j	1	0	1
chạp	177	TONE_NANG	caːʔ↓p	ʧˈaːʔ↓p	1	0	1
quất	177	TONE_SAC	kwə↗t	kwˈə↗t	1	0	1
háo	177	TONE_SAC	haː↗w	hˈaː↗w	1	0	1
xẻ	177	TONE_HOI	sɛ↓	sˈɛ↓	1	0	1
vặn	177	TONE_NANG	vaʔ↓n	vˈaʔ↓n	1	0	1
nóc	176	TONE_SAC	nɔ↗k	nˈɔ↗k	1	0	1
xoá	175	TONE_SAC	swaː↗	swˈaː↗	1	0	1
dè	175	TONE_HUYEN	zɛ↘	zˈɛ↘	1	0	1
xít	175	TONE_SAC	si↗t	sˈi↗t	1	0	1
cuống	175	TONE_SAC	kuə↗ŋ	kˈuə↗ŋ	1	0	1
lừng	175	TONE_HUYEN	lɨ↘ŋ	lˈy↘ŋ	1	0	1
dấy	175	TONE_SAC	zə↗j	zˈəɪ↗	1	0	1
chợt	174	TONE_NANG	cəːʔ↓t	ʧˈəːʔ↓t	1	0	1
cúi	174	TONE_SAC	ku↗j	kˈu↗j	1	0	1
nến	173	TONE_SAC	ne↗n	nˈe↗n	1	0	1
mão	173	TONE_NGA	maːʔ↗w	mˈaːʔ↗w	1	0	1
cõi	172	TONE_NGA	kɔʔ↗j	kˈɔʔ↗j	1	0	1
lựu	172	TONE_NANG	lɨʔ↓w	lˈiʔ↓w	1	0	1
rỗi	171	TONE_NGA	ʒoʔ↗j	ɹˈoʔ↗j	1	0	1
bừng	171	TONE_HUYEN	bɨ↘ŋ	bˈy↘ŋ	1	0	1
xáo	170	TONE_SAC	saː↗w	sˈaː↗w	1	0	1
séc	170	TONE_SAC	ʂɛ↗k	ʂˈɛ↗c	1	0	1
tặc	170	TONE_NANG	taʔ↓k	tˈaʔ↓c	1	0	1
mỳ	169	TONE_HUYEN	mi↘	mˈi↘	1	0	1
gàng	169	TONE_HUYEN	ɣaː↘ŋ	ɣˈaː↘ŋ	1	0	1
lửng	169	TONE_HOI	lɨ↓ŋ	lˈy↓ŋ	1	0	1
tạt	168	TONE_NANG	taːʔ↓t	tˈaːʔ↓t	1	0	1
duệ	168	TONE_NANG	zweʔ↓	zwˈeʔ↓	1	0	1
nành	168	TONE_HUYEN	naː↘ɲ	nˈæ↘ɲ	1	0	1
rốc	168	TONE_SAC	ʒo↗k	ɹˈo↗k	1	0	1
hắc	166	TONE_SAC	ha↗k	hˈa↗c	1	0	1
mỉ	166	TONE_HOI	mi↓	mˈi↓	1	0	1
chuộc	166	TONE_NANG	cuəʔ↓k	ʧˈuəʔ↓c	1	0	1
rồ	166	TONE_HUYEN	ʒo↘	ɹˈo↘	1	0	1
khỏa	165	TONE_HOI	xwaː↓	xwˈaː↓	1	0	1
nhậm	165	TONE_NANG	ɲəʔ↓m	ɲˈəʔ↓m	1	0	1
chích	165	TONE_SAC	ci↗k	ʧˈi↗c	1	0	1
khắt	165	TONE_SAC	xa↗t	xˈa↗t	1	0	1
lẩu	165	TONE_HOI	lə↓w	lˈə↓w	1	0	1
uất	164	TONE_SAC	wə↗t	wˈə↗t	1	0	1
vàn	164	TONE_HUYEN	vaː↘n	vˈaː↘n	1	0	1
phẫn	164	TONE_NGA	fəʔ↗n	fˈəʔ↗n	1	0	1
hức	164	TONE_SAC	hɨ↗k	hˈy↗c	1	0	1
ngứa	163	TONE_SAC	ŋɨə↗	ŋˈyə↗	1	0	1
chững	163	TONE_NGA	cɨʔ↗ŋ	ʧˈyʔ↗ŋ	1	0	1
ngả	162	TONE_HOI	ŋaː↓	ŋˈaː↓	1	0	1
mỉm	162	TONE_HOI	mi↓m	mˈi↓m	1	0	1
vá	162	TONE_SAC	vaː↗	vˈaː↗	1	0	1
rót	162	TONE_SAC	ʒɔ↗t	ɹˈɔ↗t	1	0	1
xíu	162	TONE_SAC	si↗w	sˈi↗w	1	0	1
tuyền	161	TONE_HUYEN	tiə↘n	twˈiɛ↘n	1	0	1
tảo	160	TONE_HOI	taː↓w	tˈaː↓w	1	0	1
quấn	160	TONE_SAC	kwə↗n	kwˈə↗n	1	0	1
đẫm	160	TONE_NGA	dəʔ↗m	dˈəʔ↗m	1	0	1
quí	160	TONE_SAC	kwi↗	kwˈi↗	1	0	1
trù	159	TONE_HUYEN	ʈʂu↘	ʈʂˈu↘	1	0	1
kìm	159	TONE_HUYEN	ki↘m	kˈi↘m	1	0	1
đốn	159	TONE_SAC	do↗n	dˈo↗n	1	0	1
ếch	159	TONE_SAC	e↗k	ˈe↗c	1	0	1
thuở	159	TONE_HOI	θwəː↓	θwˈəː↓	1	0	1
phả	158	TONE_HOI	faː↓	fˈaː↓	1	0	1
tầu	158	TONE_HUYEN	tə↘w	tˈə↘w	1	0	1
trệ	158	TONE_NANG	ʈʂeʔ↓	ʈʂˈeʔ↓	1	0	1
vớ	157	TONE_SAC	vəː↗	vˈəː↗	1	0	1
ngọ	157	TONE_NANG	ŋɔʔ↓	ŋˈɔʔ↓	1	0	1
nức	156	TONE_SAC	nɨ↗k	nˈy↗c	1	0	1
sòng	156	TONE_HUYEN	ʂɔ↘ŋ	ʂˈɔ↘ŋ	1	0	1
mụ	156	TONE_NANG	muʔ↓	mˈuʔ↓	1	0	1
xịn	156	TONE_NANG	siʔ↓n	sˈiʔ↓n	1	0	1
sảng	156	TONE_HOI	ʂaː↓ŋ	ʂˈaː↓ŋ	1	0	1
ngửa	155	TONE_HOI	ŋɨə↓	ŋˈyə↓	1	0	1
trói	155	TONE_SAC	ʈʂɔ↗j	ʈʂˈɔ↗j	1	0	1
cấn	155	TONE_SAC	kə↗n	kˈə↗n	1	0	1
nhện	154	TONE_NANG	ɲeʔ↓n	ɲˈeʔ↓n	1	0	1
vụn	154	TONE_NANG	vuʔ↓n	vˈuʔ↓n	1	0	1
tỵ	154	TONE_NANG	tiʔ↓	tˈiʔ↓	1	0	1
chảnh	154	TONE_HOI	caː↓ɲ	ʧˈæ↓ɲ	1	0	1
đậy	153	TONE_NANG	dəʔ↓j	dˈəɪʔ↓	1	0	1
giục	153	TONE_NANG	ʝuʔ↓k	ʝˈuʔ↓c	1	0	1
tạc	153	TONE_NANG	taːʔ↓k	tˈaːʔ↓c	1	0	1
hoán	152	TONE_SAC	hwaː↗n	hwˈaː↗n	1	0	1
nhủ	152	TONE_HOI	ɲu↓	ɲˈu↓	1	0	1
thản	152	TONE_HOI	θaː↓n	θˈaː↓n	1	0	1
bướm	151	TONE_SAC	bɨə↗m	bˈyə↗m	1	0	1
giấm	151	TONE_SAC	ʝə↗m	ʝˈə↗m	1	0	1
khuấy	151	TONE_SAC	xwə↗j	xwˈəɪ↗	1	0	1
ruồi	151	TONE_HUYEN	ʒuə↘j	ɹˈuə↘j	1	0	1
trèo	150	TONE_HUYEN	ʈʂɛ↘w	ʈʂˈɛ↘w	1	0	1
chước	150	TONE_SAC	cɨə↗k	ʧˈyə↗c	1	0	1
sào	150	TONE_HUYEN	ʂaː↘w	ʂˈaː↘w	1	0	1
nhúng	150	TONE_SAC	ɲu↗ŋ	ɲˈu↗ŋ	1	0	1
kẽm	150	TONE_NGA	kɛʔ↗m	kˈɛʔ↗m	1	0	1
ngán	150	TONE_SAC	ŋaː↗n	ŋˈaː↗n	1	0	1
hèn	150	TONE_HUYEN	hɛ↘n	hˈɛ↘n	1	0	1
gật	149	TONE_NANG	ɣəʔ↓t	ɣˈəʔ↓t	1	0	1
nếm	149	TONE_SAC	ne↗m	nˈe↗m	1	0	1
điếm	149	TONE_SAC	diə↗m	dˈiɛ↗m	1	0	1
toả	148	TONE_HOI	twaː↓	twˈaː↓	1	0	1
diễu	148	TONE_NGA	ziəʔ↗w	zˈiɛʔ↗w	1	0	1
chòm	148	TONE_HUYEN	cɔ↘m	ʧˈɔ↘m	1	0	1
súp	148	TONE_SAC	ʂu↗p	ʂˈu↗p	1	0	1
chướng	148	TONE_SAC	cɨə↗ŋ	ʧˈyə↗ŋ	1	0	1
chiểu	148	TONE_HOI	ciə↓w	ʧˈiɛ↓w	1	0	1
xốp	147	TONE_SAC	so↗p	sˈo↗p	1	0	1
lùn	147	TONE_HUYEN	lu↘n	lˈu↘n	1	0	1
lẩn	147	TONE_HOI	lə↓n	lˈə↓n	1	0	1
méo	147	TONE_SAC	mɛ↗w	mˈɛ↗w	1	0	1
hủ	147	TONE_HOI	hu↓	hˈu↓	1	0	1
sảo	146	TONE_HOI	ʂaː↓w	ʂˈaː↓w	1	0	1
éo	146	TONE_SAC	ɛ↗w	ˈɛ↗w	1	0	1
soái	146	TONE_SAC	ʂwaː↗j	ʂwˈaː↗j	1	0	1
quặng	145	TONE_NANG	kwaʔ↓ŋ	kwˈaʔ↓ŋ	1	0	1
tấp	145	TONE_SAC	tə↗p	tˈə↗p	1	0	1
lạch	145	TONE_NANG	laʔ↓k	lˈæʔ↓c	1	0	1
nhét	143	TONE_SAC	ɲɛ↗t	ɲˈɛ↗t	1	0	1
tụy	143	TONE_NANG	tuʔ↓j	twˈiʔ↓	1	0	1
bùa	142	TONE_HUYEN	buə↘	bˈuə↘	1	0	1
ngó	142	TONE_SAC	ŋɔ↗	ŋˈɔ↗	1	0	1
bả	142	TONE_HOI	baː↓	bˈaː↓	1	0	1
toát	142	TONE_SAC	twaː↗t	twˈaː↗t	1	0	1
nhuyễn	142	TONE_NGA	ɲiəʔ↗n	ɲwˈiɛʔ↗n	1	0	1
lún	142	TONE_SAC	lu↗n	lˈu↗n	1	0	1
vãi	141	TONE_NGA	vaːʔ↗j	vˈaːʔ↗j	1	0	1
nhàm	141	TONE_HUYEN	ɲaː↘m	ɲˈaː↘m	1	0	1
hãn	141	TONE_NGA	haːʔ↗n	hˈaːʔ↗n	1	0	1
nãy	141	TONE_NGA	naʔ↗j	nˈaʔ↗j	1	0	1
choàng	141	TONE_HUYEN	cwaː↘ŋ	ʧwˈaː↘ŋ	1	0	1
phà	141	TONE_HUYEN	faː↘	fˈaː↘	1	0	1
thốt	141	TONE_SAC	θo↗t	θˈo↗t	1	0	1
ốp	141	TONE_SAC	o↗p	ˈo↗p	1	0	1
sờ	140	TONE_HUYEN	ʂəː↘	ʂˈəː↘	1	0	1
muỗng	140	TONE_NGA	muəʔ↗ŋ	mˈuəʔ↗ŋ	1	0	1
hùm	140	TONE_HUYEN	hu↘m	hˈu↘m	1	0	1
vỏn	139	TONE_HOI	vɔ↓n	vˈɔ↓n	1	0	1
tệp	139	TONE_NANG	teʔ↓p	tˈeʔ↓p	1	0	1
ập	139	TONE_NANG	əʔ↓p	ˈəʔ↓p	1	0	1
tỉa	138	TONE_HOI	tiə↓	tˈiə↓	1	0	1
thốn	138	TONE_SAC	θo↗n	θˈo↗n	1	0	1
dứa	138	TONE_SAC	zɨə↗	zˈyə↗	1	0	1
thắm	137	TONE_SAC	θa↗m	θˈa↗m	1	0	1
vãn	137	TONE_NGA	vaːʔ↗n	vˈaːʔ↗n	1	0	1
vùi	137	TONE_HUYEN	vu↘j	vˈu↘j	1	0	1
rìa	136	TONE_HUYEN	ʒiə↘	ɹˈiə↘	1	0	1
ạt	136	TONE_NANG	aːʔ↓t	ˈaːʔ↓t	1	0	1
ngạo	136	TONE_NANG	ŋaːʔ↓w	ŋˈaːʔ↓w	1	0	1
ngẩn	135	TONE_HOI	ŋə↓n	ŋˈə↓n	1	0	1
đọ	135	TONE_NANG	dɔʔ↓	dˈɔʔ↓	1	0	1
đả	135	TONE_HOI	daː↓	dˈaː↓	1	0	1
trá	135	TONE_SAC	ʈʂaː↗	ʈʂˈaː↗	1	0	1
trút	134	TONE_SAC	ʈʂu↗t	ʈʂˈu↗t	1	0	1
đãng	134	TONE_NGA	daːʔ↗ŋ	dˈaːʔ↗ŋ	1	0	1
điếu	134	TONE_SAC	diə↗w	dˈiɛ↗w	1	0	1
cạp	134	TONE_NANG	kaːʔ↓p	kˈaːʔ↓p	1	0	1
uyển	133	TONE_HOI	iə↓n	wˈiɛ↓n	1	0	1
rầm	133	TONE_HUYEN	ʒə↘m	ɹˈə↘m	1	0	1
nghẹt	133	TONE_NANG	ŋɛʔ↓t	ŋˈɛʔ↓t	1	0	1
trặc	133	TONE_NANG	ʈʂaʔ↓k	ʈʂˈaʔ↓c	1	0	1
tẩu	133	TONE_HOI	tə↓w	tˈə↓w	1	0	1
nhẹn	133	TONE_NANG	ɲɛʔ↓n	ɲˈɛʔ↓n	1	0	1
hãnh	132	TONE_NGA	haːʔ↗ɲ	hˈæʔ↗ɲ	1	0	1
bịt	132	TONE_NANG	biʔ↓t	bˈiʔ↓t	1	0	1
ngà	132	TONE_HUYEN	ŋaː↘	ŋˈaː↘	1	0	1
rậm	132	TONE_NANG	ʒəʔ↓m	ɹˈəʔ↓m	1	0	1
chói	132	TONE_SAC	cɔ↗j	ʧˈɔ↗j	1	0	1
kình	131	TONE_HUYEN	ki↘ɲ	kˈi↘ɲ	1	0	1
chọi	131	TONE_NANG	cɔʔ↓j	ʧˈɔʔ↓j	1	0	1
loét	130	TONE_SAC	lwɛ↗t	lwˈɛ↗t	1	0	1
chằng	130	TONE_HUYEN	ca↘ŋ	ʧˈa↘ŋ	1	0	1
gán	130	TONE_SAC	ɣaː↗n	ɣˈaː↗n	1	0	1
gáy	130	TONE_SAC	ɣa↗j	ɣˈa↗j	1	0	1
vựng	129	TONE_NANG	vɨʔ↓ŋ	vˈyʔ↓ŋ	1	0	1
lạy	129	TONE_NANG	laʔ↓j	lˈaʔ↓j	1	0	1
hoằng	129	TONE_HUYEN	hwa↘ŋ	hwˈa↘ŋ	1	0	1
ngói	129	TONE_SAC	ŋɔ↗j	ŋˈɔ↗j	1	0	1
thìn	129	TONE_HUYEN	θi↘n	θˈi↘n	1	0	1
nạt	128	TONE_NANG	naːʔ↓t	nˈaːʔ↓t	1	0	1
két	128	TONE_SAC	kɛ↗t	kˈɛ↗t	1	0	1
sắn	127	TONE_SAC	ʂa↗n	ʂˈa↗n	1	0	1
càn	127	TONE_HUYEN	kaː↘n	kˈaː↘n	1	0	1
xước	127	TONE_SAC	sɨə↗k	sˈyə↗c	1	0	1
tốp	126	TONE_SAC	to↗p	tˈo↗p	1	0	1
rãnh	126	TONE_NGA	ʒaːʔ↗ɲ	ɹˈæʔ↗ɲ	1	0	1
độn	126	TONE_NANG	doʔ↓n	dˈoʔ↓n	1	0	1
hốt	126	TONE_SAC	ho↗t	hˈo↗t	1	0	1
sáo	126	TONE_SAC	ʂaː↗w	ʂˈaː↗w	1	0	1
ngửi	126	TONE_HOI	ŋɨ↓j	ŋˈy↓j	1	0	1
trồ	125	TONE_HUYEN	ʈʂo↘	ʈʂˈo↘	1	0	1
khoát	125	TONE_SAC	xwaː↗t	xwˈaː↗t	1	0	1
chổi	125	TONE_HOI	co↓j	ʧˈo↓j	1	0	1
giằng	125	TONE_HUYEN	ʝa↘ŋ	ʝˈa↘ŋ	1	0	1
mẩu	125	TONE_HOI	mə↓w	mˈə↓w	1	0	1
ảm	125	TONE_HOI	aː↓m	ˈaː↓m	1	0	1
nháy	125	TONE_SAC	ɲa↗j	ɲˈa↗j	1	0	1
bẩy	125	TONE_HOI	bə↓j	bˈəɪ↓	1	0	1
chày	125	TONE_HUYEN	ca↘j	ʧˈa↘j	1	0	1
bói	124	TONE_SAC	bɔ↗j	bˈɔ↗j	1	0	1
bới	124	TONE_SAC	bəː↗j	bˈəː↗j	1	0	1
cằm	124	TONE_HUYEN	ka↘m	kˈa↘m	1	0	1
át	123	TONE_SAC	aː↗t	ˈaː↗t	1	0	1
vần	123	TONE_HUYEN	və↘n	vˈə↘n	1	0	1
thiều	123	TONE_HUYEN	θiə↘w	θˈiɛ↘w	1	0	1
ầm	123	TONE_HUYEN	ə↘m	ˈə↘m	1	0	1
trỏ	123	TONE_HOI	ʈʂɔ↓	ʈʂˈɔ↓	1	0	1
trướng	123	TONE_SAC	ʈʂɨə↗ŋ	ʈʂˈyə↗ŋ	1	0	1
vạt	122	TONE_NANG	vaːʔ↓t	vˈaːʔ↓t	1	0	1
ngủi	122	TONE_HOI	ŋu↓j	ŋˈu↓j	1	0	1
phiệt	122	TONE_NANG	fiəʔ↓t	fˈiɛʔ↓t	1	0	1
sụn	122	TONE_NANG	ʂuʔ↓n	ʂˈuʔ↓n	1	0	1
té	122	TONE_SAC	tɛ↗	tˈɛ↗	1	0	1
tít	122	TONE_SAC	ti↗t	tˈi↗t	1	0	1
chốc	121	TONE_SAC	co↗k	ʧˈo↗k	1	0	1
tể	121	TONE_HOI	te↓	tˈe↓	1	0	1
tẩm	121	TONE_HOI	tə↓m	tˈə↓m	1	0	1
sò	121	TONE_HUYEN	ʂɔ↘	ʂˈɔ↘	1	0	1
bừa	121	TONE_HUYEN	bɨə↘	bˈyə↘	1	0	1
rằm	120	TONE_HUYEN	ʒa↘m	ɹˈa↘m	1	0	1
diều	120	TONE_HUYEN	ziə↘w	zˈiɛ↘w	1	0	1
võng	120	TONE_NGA	vɔʔ↗ŋ	vˈɔʔ↗ŋ	1	0	1
tràm	120	TONE_HUYEN	ʈʂaː↘m	ʈʂˈaː↘m	1	0	1
miến	120	TONE_SAC	miə↗n	mˈiɛ↗n	1	0	1
hoả	119	TONE_HOI	hwaː↓	hwˈaː↓	1	0	1
kèn	119	TONE_HUYEN	kɛ↘n	kˈɛ↘n	1	0	1
nhổ	119	TONE_HOI	ɲo↓	ɲˈo↓	1	0	1
vẩn	119	TONE_HOI	və↓n	vˈə↓n	1	0	1
lì	118	TONE_HUYEN	li↘	lˈi↘	1	0	1
nhũ	118	TONE_NGA	ɲuʔ↗	ɲˈuʔ↗	1	0	1
lợp	118	TONE_NANG	ləːʔ↓p	lˈəːʔ↓p	1	0	1
mớ	118	TONE_SAC	məː↗	mˈəː↗	1	0	1
nhưỡng	118	TONE_NGA	ɲɨəʔ↗ŋ	ɲˈyəʔ↗ŋ	1	0	1
vẹt	117	TONE_NANG	vɛʔ↓t	vˈɛʔ↓t	1	0	1
sẫm	117	TONE_NGA	ʂəʔ↗m	ʂˈəʔ↗m	1	0	1
são	117	TONE_NGA	ʂaːʔ↗w	ʂˈaːʔ↗w	1	0	1
quýt	117	TONE_SAC	kwi↗t	kwˈi↗t	1	0	1
tủy	116	TONE_HOI	tu↓j	twˈi↓	1	0	1
đẽ	116	TONE_NGA	dɛʔ↗	dˈɛʔ↗	1	0	1
lúng	116	TONE_SAC	lu↗ŋ	lˈu↗ŋ	1	0	1
lụy	116	TONE_NANG	luʔ↓j	lwˈiʔ↓	1	0	1
dạt	116	TONE_NANG	zaːʔ↓t	zˈaːʔ↓t	1	0	1
nhá	116	TONE_SAC	ɲaː↗	ɲˈaː↗	1	0	1
bành	116	TONE_HUYEN	baː↘ɲ	bˈæ↘ɲ	1	0	1
yểm	116	TONE_HOI	iə↓m	ˈiɛ↓m	1	0	1
sỉ	115	TONE_HOI	ʂi↓	ʂˈi↓	1	0	1
chần	115	TONE_HUYEN	cə↘n	ʧˈə↘n	1	0	1
nhả	114	TONE_HOI	ɲaː↓	ɲˈaː↓	1	0	1
ngớ	114	TONE_SAC	ŋəː↗	ŋˈəː↗	1	0	1
tẻ	114	TONE_HOI	tɛ↓	tˈɛ↓	1	0	1
cáu	114	TONE_SAC	ka↗w	kˈa↗w	1	0	1
rát	114	TONE_SAC	ʒaː↗t	ɹˈaː↗t	1	0	1
cặn	114	TONE_NANG	kaʔ↓n	kˈaʔ↓n	1	0	1
ngạn	114	TONE_NANG	ŋaːʔ↓n	ŋˈaːʔ↓n	1	0	1
sục	114	TONE_NANG	ʂuʔ↓k	ʂˈuʔ↓c	1	0	1
úng	114	TONE_SAC	u↗ŋ	ˈu↗ŋ	1	0	1
cừ	113	TONE_HUYEN	kɨ↘	kˈy↘	1	0	1
đày	113	TONE_HUYEN	da↘j	dˈa↘j	1	0	1
cội	113	TONE_NANG	koʔ↓j	kˈoʔ↓j	1	0	1
mấu	112	TONE_SAC	mə↗w	mˈə↗w	1	0	1
kị	112	TONE_NANG	kiʔ↓	kˈiʔ↓	1	0	1
ngạt	112	TONE_NANG	ŋaːʔ↓t	ŋˈaːʔ↓t	1	0	1
tuý	112	TONE_SAC	tu↗j	twˈi↗	1	0	1
cút	111	TONE_SAC	ku↗t	kˈu↗t	1	0	1
thừng	110	TONE_HUYEN	θɨ↘ŋ	θˈy↘ŋ	1	0	1
phồng	110	TONE_HUYEN	fo↘ŋ	fˈo↘ŋ	1	0	1
kén	110	TONE_SAC	kɛ↗n	kˈɛ↗n	1	0	1
mải	110	TONE_HOI	maː↓j	mˈaː↓j	1	0	1
tiệp	110	TONE_NANG	tiəʔ↓p	tˈiɛʔ↓p	1	0	1
ỏi	110	TONE_HOI	ɔ↓j	ˈɔ↓j	1	0	1
vảy	110	TONE_HOI	va↓j	vˈa↓j	1	0	1
khẽ	109	TONE_NGA	xɛʔ↗	xˈɛʔ↗	1	0	1
ế	109	TONE_SAC	e↗	ˈe↗	1	0	1
thòi	109	TONE_HUYEN	θɔ↘j	θˈɔ↘j	1	0	1
xỉn	109	TONE_HOI	si↓n	sˈi↓n	1	0	1
lỵ	109	TONE_NANG	liʔ↓	lˈiʔ↓	1	0	1
thẳm	109	TONE_HOI	θa↓m	θˈa↓m	1	0	1
phốt	109	TONE_SAC	fo↗t	fˈo↗t	1	0	1
lã	109	TONE_NGA	laːʔ↗	lˈaːʔ↗	1	0	1
tỳ	109	TONE_HUYEN	ti↘	tˈi↘	1	0	1
lóc	108	TONE_SAC	lɔ↗k	lˈɔ↗k	1	0	1
úp	108	TONE_SAC	u↗p	ˈu↗p	1	0	1
mẩn	108	TONE_HOI	mə↓n	mˈə↓n	1	0	1
hốc	108	TONE_SAC	ho↗k	hˈo↗k	1	0	1
luyến	107	TONE_SAC	liə↗n	lwˈiɛ↗n	1	0	1
sửu	107	TONE_HOI	ʂɨ↓w	ʂˈi↓w	1	0	1
khùng	107	TONE_HUYEN	xu↘ŋ	xˈu↘ŋ	1	0	1
giỡn	107	TONE_NGA	ʝəːʔ↗n	ʝˈəːʔ↗n	1	0	1
nần	107	TONE_HUYEN	nə↘n	nˈə↘n	1	0	1
nhằn	106	TONE_HUYEN	ɲa↘n	ɲˈa↘n	1	0	1
ngấm	106	TONE_SAC	ŋə↗m	ŋˈə↗m	1	0	1
xiếc	106	TONE_SAC	siə↗k	sˈiɛ↗c	1	0	1
ứ	106	TONE_SAC	ɨ↗	ˈy↗	1	0	1
dí	105	TONE_SAC	zi↗	zˈi↗	1	0	1
nám	105	TONE_SAC	naː↗m	nˈaː↗m	1	0	1
hợi	105	TONE_NANG	həːʔ↓j	hˈəːʔ↓j	1	0	1
còng	105	TONE_HUYEN	kɔ↘ŋ	kˈɔ↘ŋ	1	0	1
nhái	105	TONE_SAC	ɲaː↗j	ɲˈaː↗j	1	0	1
múi	105	TONE_SAC	mu↗j	mˈu↗j	1	0	1
vét	105	TONE_SAC	vɛ↗t	vˈɛ↗t	1	0	1
nhấc	105	TONE_SAC	ɲə↗k	ɲˈə↗c	1	0	1
muội	104	TONE_NANG	muəʔ↓j	mˈuəʔ↓j	1	0	1
hới	104	TONE_SAC	həː↗j	hˈəː↗j	1	0	1
chỉn	104	TONE_HOI	ci↓n	ʧˈi↓n	1	0	1
ờ	104	TONE_HUYEN	əː↘	ˈəː↘	1	0	1
đấng	104	TONE_SAC	də↗ŋ	dˈə↗ŋ	1	0	1
trọt	104	TONE_NANG	ʈʂɔʔ↓t	ʈʂˈɔʔ↓t	1	0	1
khét	104	TONE_SAC	xɛ↗t	xˈɛ↗t	1	0	1
vẫy	103	TONE_NGA	vəʔ↗j	vˈəɪʔ↗	1	0	1
xộn	103	TONE_NANG	soʔ↓n	sˈoʔ↓n	1	0	1
ngẫm	103	TONE_NGA	ŋəʔ↗m	ŋˈəʔ↗m	1	0	1
dầm	103	TONE_HUYEN	zə↘m	zˈə↘m	1	0	1
phết	103	TONE_SAC	fe↗t	fˈe↗t	1	0	1
nhảm	103	TONE_HOI	ɲaː↓m	ɲˈaː↓m	1	0	1
quẩn	103	TONE_HOI	kwə↓n	kwˈə↓n	1	0	1
chưởng	103	TONE_HOI	cɨə↓ŋ	ʧˈyə↓ŋ	1	0	1
chàm	102	TONE_HUYEN	caː↘m	ʧˈaː↘m	1	0	1
giùm	102	TONE_HUYEN	ʝu↘m	ʝˈu↘m	1	0	1
yếm	101	TONE_SAC	iə↗m	ˈiɛ↗m	1	0	1
níu	101	TONE_SAC	ni↗w	nˈi↗w	1	0	1
chắp	101	TONE_SAC	ca↗p	ʧˈa↗p	1	0	1
doạ	101	TONE_NANG	zwaːʔ↓	zwˈaːʔ↓	1	0	1
tởm	101	TONE_HOI	təː↓m	tˈəː↓m	1	0	1
lõm	101	TONE_NGA	lɔʔ↗m	lˈɔʔ↗m	1	0	1
trệt	101	TONE_NANG	ʈʂeʔ↓t	ʈʂˈeʔ↓t	1	0	1
đần	101	TONE_HUYEN	də↘n	dˈə↘n	1	0	1
cuốc	101	TONE_SAC	kuə↗k	kˈuə↗c	1	0	1
khoắn	101	TONE_SAC	xwa↗n	xwˈa↗n	1	0	1
thới	101	TONE_SAC	θəː↗j	θˈəː↗j	1	0	1
luỹ	100	TONE_NGA	luʔ↗j	lwˈiʔ↗	1	0	1
tắn	100	TONE_SAC	ta↗n	tˈa↗n	1	0	1
ngừ	100	TONE_HUYEN	ŋɨ↘	ŋˈy↘	1	0	1
nhào	100	TONE_HUYEN	ɲaː↘w	ɲˈaː↘w	1	0	1
trổ	99	TONE_HOI	ʈʂo↓	ʈʂˈo↓	1	0	1
chẻ	99	TONE_HOI	cɛ↓	ʧˈɛ↓	1	0	1
kạn	98	TONE_NANG	kaːʔ↓n	kˈaːʔ↓n	1	0	1
oán	98	TONE_SAC	waː↗n	wˈaː↗n	1	0	1
mận	98	TONE_NANG	məʔ↓n	mˈəʔ↓n	1	0	1
bèo	98	TONE_HUYEN	bɛ↘w	bˈɛ↘w	1	0	1
bầm	97	TONE_HUYEN	bə↘m	bˈə↘m	1	0	1
chồn	97	TONE_HUYEN	co↘n	ʧˈo↘n	1	0	1
gào	97	TONE_HUYEN	ɣaː↘w	ɣˈaː↘w	1	0	1
sủa	97	TONE_HOI	ʂuə↓	ʂˈuə↓	1	0	1
thỏi	97	TONE_HOI	θɔ↓j	θˈɔ↓j	1	0	1
chập	97	TONE_NANG	cəʔ↓p	ʧˈəʔ↓p	1	0	1
lùm	97	TONE_HUYEN	lu↘m	lˈu↘m	1	0	1
áng	97	TONE_SAC	aː↗ŋ	ˈaː↗ŋ	1	0	1
nỉ	97	TONE_HOI	ni↓	nˈi↓	1	0	1
ngợp	97	TONE_NANG	ŋəːʔ↓p	ŋˈəːʔ↓p	1	0	1
chằm	97	TONE_HUYEN	ca↘m	ʧˈa↘m	1	0	1
tuất	97	TONE_SAC	twə↗t	twˈə↗t	1	0	1
dậu	97	TONE_NANG	zəʔ↓w	zˈəʔ↓w	1	0	1
trãi	97	TONE_NGA	ʈʂaːʔ↗j	ʈʂˈaːʔ↗j	1	0	1
nạo	97	TONE_NANG	naːʔ↓w	nˈaːʔ↓w	1	0	1
mủ	96	TONE_HOI	mu↓	mˈu↓	1	0	1
quyện	96	TONE_NANG	kwiəʔ↓n	kwˈiɛʔ↓n	1	0	1
hòng	96	TONE_HUYEN	hɔ↘ŋ	hˈɔ↘ŋ	1	0	1
nhoáng	95	TONE_SAC	ɲwaː↗ŋ	ɲwˈaː↗ŋ	1	0	1
bổn	95	TONE_HOI	bo↓n	bˈo↓n	1	0	1
ngầu	95	TONE_HUYEN	ŋə↘w	ŋˈə↘w	1	0	1
củi	95	TONE_HOI	ku↓j	kˈu↓j	1	0	1
gọt	95	TONE_NANG	ɣɔʔ↓t	ɣˈɔʔ↓t	1	0	1
bính	95	TONE_SAC	bi↗ɲ	bˈi↗ɲ	1	0	1
mứt	95	TONE_SAC	mɨ↗t	mˈy↗t	1	0	1
sỡ	94	TONE_NGA	ʂəːʔ↗	ʂˈəːʔ↗	1	0	1
đít	94	TONE_SAC	di↗t	dˈi↗t	1	0	1
dĩnh	94	TONE_NGA	ziʔ↗ɲ	zˈiʔ↗ɲ	1	0	1
bỉm	94	TONE_HOI	bi↓m	bˈi↓m	1	0	1
vằn	94	TONE_HUYEN	va↘n	vˈa↘n	1	0	1
ải	94	TONE_HOI	aː↓j	ˈaː↓j	1	0	1
phất	94	TONE_SAC	fə↗t	fˈə↗t	1	0	1
nách	94	TONE_SAC	na↗k	nˈæ↗c	1	0	1
cộ	94	TONE_NANG	koʔ↓	kˈoʔ↓	1	0	1
quậy	93	TONE_NANG	kwəʔ↓j	kwˈəɪʔ↓	1	0	1
cằn	93	TONE_HUYEN	ka↘n	kˈa↘n	1	0	1
lồi	93	TONE_HUYEN	lo↘j	lˈo↘j	1	0	1
váng	93	TONE_SAC	vaː↗ŋ	vˈaː↗ŋ	1	0	1
trỗi	93	TONE_NGA	ʈʂoʔ↗j	ʈʂˈoʔ↗j	1	0	1
hổi	93	TONE_HOI	ho↓j	hˈo↓j	1	0	1
rốn	93	TONE_SAC	ʒo↗n	ɹˈo↗n	1	0	1
ngóng	93	TONE_SAC	ŋɔ↗ŋ	ŋˈɔ↗ŋ	1	0	1
hòm	93	TONE_HUYEN	hɔ↘m	hˈɔ↘m	1	0	1
phách	92	TONE_SAC	fa↗k	fˈæ↗c	1	0	1
nhỉnh	92	TONE_HOI	ɲi↓ɲ	ɲˈi↓ɲ	1	0	1
tòng	92	TONE_HUYEN	tɔ↘ŋ	tˈɔ↘ŋ	1	0	1
thuỳ	92	TONE_HUYEN	θu↘j	θwˈi↘	1	0	1
rèm	92	TONE_HUYEN	ʒɛ↘m	ɹˈɛ↘m	1	0	1
xỉu	92	TONE_HOI	si↓w	sˈi↓w	1	0	1
vệt	92	TONE_NANG	veʔ↓t	vˈeʔ↓t	1	0	1
thệ	92	TONE_NANG	θeʔ↓	θˈeʔ↓	1	0	1
vầy	91	TONE_HUYEN	və↘j	vˈəɪ↘	1	0	1
đò	91	TONE_HUYEN	dɔ↘	dˈɔ↘	1	0	1
cồng	91	TONE_HUYEN	ko↘ŋ	kˈo↘ŋ	1	0	1
trọc	91	TONE_NANG	ʈʂɔʔ↓k	ʈʂˈɔʔ↓k	1	0	1
phớt	91	TONE_SAC	fəː↗t	fˈəː↗t	1	0	1
sả	91	TONE_HOI	ʂaː↓	ʂˈaː↓	1	0	1
tễ	91	TONE_NGA	teʔ↗	tˈeʔ↗	1	0	1
sặc	90	TONE_NANG	ʂaʔ↓k	ʂˈaʔ↓c	1	0	1
giầy	90	TONE_HUYEN	ʝə↘j	ʝˈəɪ↘	1	0	1
dẻ	90	TONE_HOI	zɛ↓	zˈɛ↓	1	0	1
thán	90	TONE_SAC	θaː↗n	θˈaː↗n	1	0	1
vò	90	TONE_HUYEN	vɔ↘	vˈɔ↘	1	0	1
chíp	90	TONE_SAC	ci↗p	ʧˈi↗p	1	0	1
nhích	89	TONE_SAC	ɲi↗k	ɲˈi↗c	1	0	1
xòe	89	TONE_HUYEN	swɛ↘	swˈɛ↘	1	0	1
mầu	89	TONE_HUYEN	mə↘w	mˈə↘w	1	0	1
gắm	89	TONE_SAC	ɣa↗m	ɣˈa↗m	1	0	1
hũ	89	TONE_NGA	huʔ↗	hˈuʔ↗	1	0	1
vữa	89	TONE_NGA	vɨəʔ↗	vˈyəʔ↗	1	0	1
dế	89	TONE_SAC	ze↗	zˈe↗	1	0	1
chát	89	TONE_SAC	caː↗t	ʧˈaː↗t	1	0	1
dùm	89	TONE_HUYEN	zu↘m	zˈu↘m	1	0	1
cọp	89	TONE_NANG	kɔʔ↓p	kˈɔʔ↓p	1	0	1
trầy	88	TONE_HUYEN	ʈʂə↘j	ʈʂˈəɪ↘	1	0	1
xù	88	TONE_HUYEN	su↘	sˈu↘	1	0	1
nghẹn	88	TONE_NANG	ŋɛʔ↓n	ŋˈɛʔ↓n	1	0	1
gàu	88	TONE_HUYEN	ɣa↘w	ɣˈa↘w	1	0	1
điểu	88	TONE_HOI	diə↓w	dˈiɛ↓w	1	0	1
ách	87	TONE_SAC	a↗k	ˈæ↗c	1	0	1
chắt	87	TONE_SAC	ca↗t	ʧˈa↗t	1	0	1
gượng	87	TONE_NANG	ɣɨəʔ↓ŋ	ɣˈyəʔ↓ŋ	1	0	1
biếu	87	TONE_SAC	biə↗w	bˈiɛ↗w	1	0	1
rượt	87	TONE_NANG	ʒɨəʔ↓t	ɹˈyəʔ↓t	1	0	1
nạc	87	TONE_NANG	naːʔ↓k	nˈaːʔ↓c	1	0	1
sộ	87	TONE_NANG	ʂoʔ↓	ʂˈoʔ↓	1	0	1
niệu	86	TONE_NANG	niəʔ↓w	nˈiɛʔ↓w	1	0	1
toạ	86	TONE_NANG	twaːʔ↓	twˈaːʔ↓	1	0	1
bẹp	86	TONE_NANG	bɛʔ↓p	bˈɛʔ↓p	1	0	1
bục	86	TONE_NANG	buʔ↓k	bˈuʔ↓c	1	0	1
bự	86	TONE_NANG	bɨʔ↓	bˈyʔ↓	1	0	1
tiếu	86	TONE_SAC	tiə↗w	tˈiɛ↗w	1	0	1
đẫy	85	TONE_NGA	dəʔ↗j	dˈəɪʔ↗	1	0	1
lẫm	85	TONE_NGA	ləʔ↗m	lˈəʔ↗m	1	0	1
chài	85	TONE_HUYEN	caː↘j	ʧˈaː↘j	1	0	1
hạc	85	TONE_NANG	haːʔ↓k	hˈaːʔ↓c	1	0	1
vừng	85	TONE_HUYEN	vɨ↘ŋ	vˈy↘ŋ	1	0	1
xuồng	85	TONE_HUYEN	suə↘ŋ	sˈuə↘ŋ	1	0	1
ráng	85	TONE_SAC	ʒaː↗ŋ	ɹˈaː↗ŋ	1	0	1
mè	85	TONE_HUYEN	mɛ↘	mˈɛ↘	1	0	1
nập	85	TONE_NANG	nəʔ↓p	nˈəʔ↓p	1	0	1
sởi	84	TONE_HOI	ʂəː↓j	ʂˈəː↓j	1	0	1
chừ	84	TONE_HUYEN	cɨ↘	ʧˈy↘	1	0	1
phồn	84	TONE_HUYEN	fo↘n	fˈo↘n	1	0	1
tì	84	TONE_HUYEN	ti↘	tˈi↘	1	0	1
biếng	84	TONE_SAC	biə↗ŋ	bˈiɛ↗ŋ	1	0	1
mào	84	TONE_HUYEN	maː↘w	mˈaː↘w	1	0	1
vụng	84	TONE_NANG	vuʔ↓ŋ	vˈuʔ↓ŋ	1	0	1
bịch	84	TONE_NANG	biʔ↓k	bˈiʔ↓c	1	0	1
cớm	84	TONE_SAC	kəː↗m	kˈəː↗m	1	0	1
trũng	83	TONE_NGA	ʈʂuʔ↗ŋ	ʈʂˈuʔ↗ŋ	1	0	1
đổng	83	TONE_HOI	do↓ŋ	dˈo↓ŋ	1	0	1
giỗ	83	TONE_NGA	ʝoʔ↗	ʝˈoʔ↗	1	0	1
toản	83	TONE_HOI	twaː↓n	twˈaː↓n	1	0	1
ó	83	TONE_SAC	ɔ↗	ˈɔ↗	1	0	1
cún	83	TONE_SAC	ku↗n	kˈu↗n	1	0	1
xói	83	TONE_SAC	sɔ↗j	sˈɔ↗j	1	0	1
gớm	83	TONE_SAC	ɣəː↗m	ɣˈəː↗m	1	0	1
trầu	83	TONE_HUYEN	ʈʂə↘w	ʈʂˈə↘w	1	0	1
ổi	83	TONE_HOI	o↓j	ˈo↓j	1	0	1
chệch	82	TONE_NANG	ceʔ↓k	ʧˈeʔ↓c	1	0	1
ngoãn	82	TONE_NGA	ŋwaːʔ↗n	ŋwˈaːʔ↗n	1	0	1
tã	82	TONE_NGA	taːʔ↗	tˈaːʔ↗	1	0	1
mướt	82	TONE_SAC	mɨə↗t	mˈyə↗t	1	0	1
phàm	82	TONE_HUYEN	faː↘m	fˈaː↘m	1	0	1
huyệt	82	TONE_NANG	hiəʔ↓t	hwˈiɛʔ↓t	1	0	1
dẫm	82	TONE_NGA	zəʔ↗m	zˈəʔ↗m	1	0	1
sấm	81	TONE_SAC	ʂə↗m	ʂˈə↗m	1	0	1
chòi	81	TONE_HUYEN	cɔ↘j	ʧˈɔ↘j	1	0	1
tày	81	TONE_HUYEN	ta↘j	tˈa↘j	1	0	1
mị	81	TONE_NANG	miʔ↓	mˈiʔ↓	1	0	1
nấp	81	TONE_SAC	nə↗p	nˈə↗p	1	0	1
ừm	81	TONE_HUYEN	ɨ↘m	ˈy↘m	1	0	1
mọng	81	TONE_NANG	mɔʔ↓ŋ	mˈɔʔ↓ŋ	1	0	1
mỉa	81	TONE_HOI	miə↓	mˈiə↓	1	0	1
chóc	80	TONE_SAC	cɔ↗k	ʧˈɔ↗k	1	0	1
rần	80	TONE_HUYEN	ʒə↘n	ɹˈə↘n	1	0	1
bảnh	80	TONE_HOI	baː↓ɲ	bˈæ↓ɲ	1	0	1
búi	80	TONE_SAC	bu↗j	bˈu↗j	1	0	1
líu	80	TONE_SAC	li↗w	lˈi↗w	1	0	1
gài	80	TONE_HUYEN	ɣaː↘j	ɣˈaː↘j	1	0	1
ẩu	80	TONE_HOI	ə↓w	ˈə↓w	1	0	1
giẫm	80	TONE_NGA	ʝəʔ↗m	ʝˈəʔ↗m	1	0	1
xùm	79	TONE_HUYEN	su↘m	sˈu↘m	1	0	1
thóc	79	TONE_SAC	θɔ↗k	θˈɔ↗k	1	0	1
truất	79	TONE_SAC	ʈʂwə↗t	ʈʂwˈə↗t	1	0	1
nắn	79	TONE_SAC	na↗n	nˈa↗n	1	0	1
giễu	78	TONE_NGA	ʝeʔ↗w	ʝˈeʔ↗w	1	0	1
ngời	78	TONE_HUYEN	ŋəː↘j	ŋˈəː↘j	1	0	1
rùng	78	TONE_HUYEN	ʒu↘ŋ	ɹˈu↘ŋ	1	0	1
hóng	78	TONE_SAC	hɔ↗ŋ	hˈɔ↗ŋ	1	0	1
trẻo	78	TONE_HOI	ʈʂɛ↓w	ʈʂˈɛ↓w	1	0	1
mịch	78	TONE_NANG	miʔ↓k	mˈiʔ↓c	1	0	1
hằn	78	TONE_HUYEN	ha↘n	hˈa↘n	1	0	1
hường	78	TONE_HUYEN	hɨə↘ŋ	hˈyə↘ŋ	1	0	1
vít	78	TONE_SAC	vi↗t	vˈi↗t	1	0	1
dỏm	78	TONE_HOI	zɔ↓m	zˈɔ↓m	1	0	1
nhuệ	77	TONE_NANG	ɲweʔ↓	ɲwˈeʔ↓	1	0	1
tía	77	TONE_SAC	tiə↗	tˈiə↗	1	0	1
phiện	77	TONE_NANG	fiəʔ↓n	fˈiɛʔ↓n	1	0	1
vạ	77	TONE_NANG	vaːʔ↓	vˈaːʔ↓	1	0	1
hỷ	77	TONE_HOI	hi↓	hˈi↓	1	0	1
ngách	77	TONE_SAC	ŋa↗k	ŋˈæ↗c	1	0	1
gặm	77	TONE_NANG	ɣaʔ↓m	ɣˈaʔ↓m	1	0	1
lùa	77	TONE_HUYEN	luə↘	lˈuə↘	1	0	1
rủa	77	TONE_HOI	ʒuə↓	ɹˈuə↓	1	0	1
nấc	77	TONE_SAC	nə↗k	nˈə↗c	1	0	1
thét	77	TONE_SAC	θɛ↗t	θˈɛ↗t	1	0	1
chóp	76	TONE_SAC	cɔ↗p	ʧˈɔ↗p	1	0	1
sải	76	TONE_HOI	ʂaː↓j	ʂˈaː↓j	1	0	1
báng	76	TONE_SAC	baː↗ŋ	bˈaː↗ŋ	1	0	1
ngùi	76	TONE_HUYEN	ŋu↘j	ŋˈu↘j	1	0	1
nậm	76	TONE_NANG	nəʔ↓m	nˈəʔ↓m	1	0	1
mút	76	TONE_SAC	mu↗t	mˈu↗t	1	0	1
bần	76	TONE_HUYEN	bə↘n	bˈə↘n	1	0	1
típ	76	TONE_SAC	ti↗p	tˈi↗p	1	0	1
mõm	76	TONE_NGA	mɔʔ↗m	mˈɔʔ↗m	1	0	1
vế	76	TONE_SAC	ve↗	vˈe↗	1	0	1
gỉ	76	TONE_HOI	ɣi↓	ʝˈi↓	1	0	1
rình	75	TONE_HUYEN	ʒi↘ɲ	ɹˈi↘ɲ	1	0	1
quáng	75	TONE_SAC	kwaː↗ŋ	kwˈaː↗ŋ	1	0	1
vía	75	TONE_SAC	viə↗	vˈiə↗	1	0	1
tòi	75	TONE_HUYEN	tɔ↘j	tˈɔ↘j	1	0	1
phích	75	TONE_SAC	fi↗k	fˈi↗c	1	0	1
kẻo	75	TONE_HOI	kɛ↓w	kˈɛ↓w	1	0	1
