# Kokoro vocab (profile kokoro178) — đối chiếu 2 nguồn, GIỐNG HỆT
# n_token=178 | entries=114 | xuất 01/10/2026
# symbol	id	nhom
;	1	punct
:	2	punct
,	3	punct
.	4	punct
!	5	punct
?	6	punct
—	9	punct
…	10	punct
"	11	punct
(	12	punct
)	13	punct
“	14	punct
”	15	punct
 	16	punct
̃	17	modifier
ʣ	18	ipa
ʥ	19	ipa
ʦ	20	ipa
ʨ	21	ipa
ᵝ	22	ipa
ꭧ	23	ipa
A	24	ascii_letter
I	25	ascii_letter
O	31	ascii_letter
Q	33	ascii_letter
S	35	ascii_letter
T	36	ascii_letter
W	39	ascii_letter
Y	41	ascii_letter
ᵊ	42	modifier
a	43	ascii_letter
b	44	ascii_letter
c	45	ascii_letter
d	46	ascii_letter
e	47	ascii_letter
f	48	ascii_letter
h	50	ascii_letter
i	51	ascii_letter
j	52	ascii_letter
k	53	ascii_letter
l	54	ascii_letter
m	55	ascii_letter
n	56	ascii_letter
o	57	ascii_letter
p	58	ascii_letter
q	59	ascii_letter
r	60	ascii_letter
s	61	ascii_letter
t	62	ascii_letter
u	63	ascii_letter
v	64	ascii_letter
w	65	ascii_letter
x	66	ascii_letter
y	67	ascii_letter
z	68	ascii_letter
ɑ	69	ipa
ɐ	70	ipa
ɒ	71	ipa
æ	72	ipa
β	75	ipa
ɔ	76	ipa
ɕ	77	ipa
ç	78	ipa
ɖ	80	ipa
ð	81	ipa
ʤ	82	ipa
ə	83	ipa
ɚ	85	ipa
ɛ	86	ipa
ɜ	87	ipa
ɟ	90	ipa
ɡ	92	ipa
ɥ	99	ipa
ɨ	101	ipa
ɪ	102	ipa
ʝ	103	ipa
ɯ	110	ipa
ɰ	111	ipa
ŋ	112	ipa
ɳ	113	ipa
ɲ	114	ipa
ɴ	115	ipa
ø	116	ipa
ɸ	118	ipa
θ	119	ipa
œ	120	ipa
ɹ	123	ipa
ɾ	125	ipa
ɻ	126	ipa
ʁ	128	ipa
ɽ	129	ipa
ʂ	130	ipa
ʃ	131	ipa
ʈ	132	ipa
ʧ	133	ipa
ʊ	135	ipa
ʋ	136	ipa
ʌ	138	ipa
ɣ	139	ipa
ɤ	140	ipa
χ	142	ipa
ʎ	143	ipa
ʒ	147	ipa
ʔ	148	ipa
ˈ	156	modifier
ˌ	157	modifier
ː	158	modifier
ʰ	162	modifier
ʲ	164	modifier
↓	169	tone_arrow
→	171	tone_arrow
↗	172	tone_arrow
↘	173	tone_arrow
ᵻ	177	ipa
